match_id,match_date,competition_id,competition_name,season_id,season_name,stage_name,home_team_id,home_team_name,away_team_id,away_team_name,home_score,away_score,last_updated
3753972,2015-11-21,2,Premier League,27,2015/2016,Regular Season,26,Swansea City,28,AFC Bournemouth,2,2,2022-12-01T13:25:12.412566
3753973,2016-03-19,2,Premier League,27,2015/2016,Regular Season,33,Chelsea,40,West Ham United,2,2,2021-11-04T18:39:32.323670
3753974,2015-12-26,2,Premier League,27,2015/2016,Regular Season,37,Newcastle United,29,Everton,0,1,2022-12-01T13:43:50.357622
3753975,2016-01-23,2,Premier League,27,2015/2016,Regular Season,41,Sunderland,28,AFC Bournemouth,1,1,2021-10-30T01:04:27.321884
3753976,2016-03-02,2,Premier League,27,2015/2016,Regular Season,1,Arsenal,26,Swansea City,1,2,2022-12-01T14:10:40.492137
3753977,2016-03-19,2,Premier League,27,2015/2016,Regular Season,23,Watford,30,Stoke City,1,2,2021-11-04T18:33:47.376278
3753978,2015-09-26,2,Premier League,27,2015/2016,Regular Season,25,Southampton,26,Swansea City,3,1,2020-09-11T18:18:25.317407
3753979,2015-11-23,2,Premier League,27,2015/2016,Regular Season,31,Crystal Palace,41,Sunderland,0,1,2022-12-01T13:27:51.423924
3753980,2016-03-19,2,Premier League,27,2015/2016,Regular Season,29,Everton,1,Arsenal,0,2,2025-12-17T12:02:11.462356
3753981,2016-01-12,2,Premier League,27,2015/2016,Regular Season,59,Aston Villa,31,Crystal Palace,1,0,2021-07-02T13:56:21.986
3753982,2016-04-03,2,Premier League,27,2015/2016,Regular Season,22,Leicester City,25,Southampton,1,0,2022-12-01T14:21:21.913761
3753983,2015-10-31,2,Premier League,27,2015/2016,Regular Season,26,Swansea City,1,Arsenal,0,3,2025-12-16T17:02:24.849544
3753984,2015-08-29,2,Premier League,27,2015/2016,Regular Season,24,Liverpool,40,West Ham United,0,3,2020-10-17T09:21:07.414340
3753985,2015-08-09,2,Premier League,27,2015/2016,Regular Season,30,Stoke City,24,Liverpool,0,1,2020-09-11T15:40:15.523254
3753986,2016-04-10,2,Premier League,27,2015/2016,Regular Season,24,Liverpool,30,Stoke City,4,1,2021-07-12T14:40:22.094
3753987,2015-08-22,2,Premier League,27,2015/2016,Regular Season,22,Leicester City,38,Tottenham Hotspur,1,1,2020-07-29T05:00
3753988,2016-03-12,2,Premier League,27,2015/2016,Regular Season,28,AFC Bournemouth,26,Swansea City,3,2,2021-07-31T22:31:15.067
3753989,2016-05-11,2,Premier League,27,2015/2016,Regular Season,41,Sunderland,29,Everton,3,0,2022-12-01T14:48:06.624347
3753990,2016-04-24,2,Premier League,27,2015/2016,Regular Season,41,Sunderland,1,Arsenal,0,0,2022-12-01T14:33:38.963070
3753991,2016-03-02,2,Premier League,27,2015/2016,Regular Season,24,Liverpool,36,Manchester City,3,0,2021-07-03T20:34:48.662
3753992,2016-05-08,2,Premier League,27,2015/2016,Regular Season,38,Tottenham Hotspur,25,Southampton,1,2,2021-07-07T18:31:46.070
3753993,2015-08-15,2,Premier League,27,2015/2016,Regular Season,41,Sunderland,56,Norwich City,1,3,2022-07-08T21:11:44.482443
3753994,2016-05-15,2,Premier League,27,2015/2016,Regular Season,25,Southampton,31,Crystal Palace,4,1,2022-12-01T14:49:20.201110
3753995,2015-10-03,2,Premier League,27,2015/2016,Regular Season,33,Chelsea,25,Southampton,1,3,2022-12-01T13:00:37.183788
3753996,2015-11-21,2,Premier League,27,2015/2016,Regular Season,33,Chelsea,56,Norwich City,1,0,2020-09-25T09:08:13.824071
3753997,2016-02-02,2,Premier League,27,2015/2016,Regular Season,40,West Ham United,59,Aston Villa,2,0,2021-06-30T21:03:02.583
3753998,2015-12-28,2,Premier League,27,2015/2016,Regular Season,40,West Ham United,25,Southampton,2,1,2022-12-01T13:47:15.525094
3753999,2015-10-17,2,Premier League,27,2015/2016,Regular Season,23,Watford,1,Arsenal,0,3,2022-12-01T13:06:26.101546
3754000,2015-11-07,2,Premier League,27,2015/2016,Regular Season,41,Sunderland,25,Southampton,0,1,2020-09-23T09:20:01.640438
3754001,2015-09-26,2,Premier League,27,2015/2016,Regular Season,37,Newcastle United,33,Chelsea,2,2,2022-12-01T12:56:05.367071
3754002,2016-03-14,2,Premier League,27,2015/2016,Regular Season,22,Leicester City,37,Newcastle United,1,0,2021-07-31T22:35:04.431
3754003,2015-09-12,2,Premier League,27,2015/2016,Regular Season,39,Manchester United,24,Liverpool,3,1,2020-11-18T19:11:14.486895
3754004,2016-01-16,2,Premier League,27,2015/2016,Regular Season,28,AFC Bournemouth,56,Norwich City,3,0,2022-12-01T13:53:26.687758
3754005,2016-03-02,2,Premier League,27,2015/2016,Regular Season,30,Stoke City,37,Newcastle United,1,0,2021-11-04T18:06:52.081837
3754006,2015-10-31,2,Premier League,27,2015/2016,Regular Season,27,West Bromwich Albion,22,Leicester City,2,3,2022-12-01T13:19:00.327680
3754007,2015-08-29,2,Premier League,27,2015/2016,Regular Season,30,Stoke City,27,West Bromwich Albion,0,1,2022-07-08T22:13:15.691727
3754008,2015-09-26,2,Premier League,27,2015/2016,Regular Season,39,Manchester United,41,Sunderland,3,0,2022-12-01T12:57:57.279949
3754009,2016-04-17,2,Premier League,27,2015/2016,Regular Season,1,Arsenal,31,Crystal Palace,1,1,2021-07-06T18:04:40.541
3754010,2015-09-19,2,Premier League,27,2015/2016,Regular Season,37,Newcastle United,23,Watford,1,2,2020-09-11T18:18:25.317407
3754011,2015-09-20,2,Premier League,27,2015/2016,Regular Season,25,Southampton,39,Manchester United,2,3,2020-09-11T18:18:25.317407
3754012,2016-02-27,2,Premier League,27,2015/2016,Regular Season,25,Southampton,33,Chelsea,1,2,2022-12-01T14:04:25.572886
3754013,2015-12-14,2,Premier League,27,2015/2016,Regular Season,22,Leicester City,33,Chelsea,2,1,2020-10-14T00:06:51.149330
3754014,2015-12-26,2,Premier League,27,2015/2016,Regular Season,30,Stoke City,39,Manchester United,2,0,2022-12-01T13:42:55.987168
3754015,2015-10-25,2,Premier League,27,2015/2016,Regular Season,39,Manchester United,36,Manchester City,0,0,2020-08-25T04:08:02.171727
3754016,2016-04-09,2,Premier League,27,2015/2016,Regular Season,25,Southampton,37,Newcastle United,3,1,2022-12-01T14:23:18.027982
3754017,2015-10-24,2,Premier League,27,2015/2016,Regular Season,59,Aston Villa,26,Swansea City,1,2,2022-12-01T13:12:42.087634
3754018,2016-05-01,2,Premier League,27,2015/2016,Regular Season,26,Swansea City,24,Liverpool,3,1,2021-11-04T19:13:36.181897
3754019,2015-12-28,2,Premier League,27,2015/2016,Regular Season,39,Manchester United,33,Chelsea,0,0,2021-10-29T23:36:51.546904
3754020,2015-08-17,2,Premier League,27,2015/2016,Regular Season,24,Liverpool,28,AFC Bournemouth,1,0,2022-07-08T21:26:42.829047
3754021,2016-01-12,2,Premier League,27,2015/2016,Regular Season,28,AFC Bournemouth,40,West Ham United,1,3,2021-10-30T00:13:49.011466
3754022,2016-04-09,2,Premier League,27,2015/2016,Regular Season,31,Crystal Palace,56,Norwich City,1,0,2022-12-01T14:23:40.009813
3754023,2015-08-29,2,Premier League,27,2015/2016,Regular Season,28,AFC Bournemouth,22,Leicester City,1,1,2022-07-08T22:06:02.823294
3754024,2016-04-16,2,Premier League,27,2015/2016,Regular Season,37,Newcastle United,26,Swansea City,3,0,2022-12-01T14:28:06.773103
3754025,2015-12-19,2,Premier League,27,2015/2016,Regular Season,33,Chelsea,41,Sunderland,3,1,2020-10-14T04:05:46.682622
3754026,2016-05-07,2,Premier League,27,2015/2016,Regular Season,31,Crystal Palace,30,Stoke City,2,1,2021-07-07T18:12:56.866
3754027,2016-01-16,2,Premier League,27,2015/2016,Regular Season,38,Tottenham Hotspur,41,Sunderland,4,1,2021-10-30T00:42:32.910320
3754028,2015-11-28,2,Premier League,27,2015/2016,Regular Season,36,Manchester City,25,Southampton,3,1,2020-10-13T04:07:42.390743
3754029,2015-11-02,2,Premier League,27,2015/2016,Regular Season,38,Tottenham Hotspur,59,Aston Villa,3,1,2020-09-11T05:14:06.930506
3754030,2016-04-09,2,Premier League,27,2015/2016,Regular Season,23,Watford,29,Everton,1,1,2021-07-06T20:37:57.613
3754031,2016-02-13,2,Premier League,27,2015/2016,Regular Season,41,Sunderland,39,Manchester United,2,1,2022-12-01T14:01:31.142811
3754032,2016-01-13,2,Premier League,27,2015/2016,Regular Season,30,Stoke City,56,Norwich City,3,1,2021-07-23T13:01:16.684
3754033,2016-05-07,2,Premier League,27,2015/2016,Regular Season,22,Leicester City,29,Everton,3,1,2024-01-25T11:45:53.333860
3754034,2015-08-15,2,Premier League,27,2015/2016,Regular Season,25,Southampton,29,Everton,0,3,2020-07-29T05:00
3754035,2016-04-09,2,Premier League,27,2015/2016,Regular Season,36,Manchester City,27,West Bromwich Albion,2,1,2022-12-01T14:25:35.775533
3754036,2016-01-02,2,Premier League,27,2015/2016,Regular Season,41,Sunderland,59,Aston Villa,3,1,2022-12-01T13:50:10.381162
3754037,2016-04-30,2,Premier League,27,2015/2016,Regular Season,29,Everton,28,AFC Bournemouth,2,1,2021-07-07T17:59:57.456
3754038,2015-11-29,2,Premier League,27,2015/2016,Regular Season,56,Norwich City,1,Arsenal,1,1,2022-12-01T13:30:31.668780
3754039,2016-02-13,2,Premier League,27,2015/2016,Regular Season,31,Crystal Palace,23,Watford,1,2,2021-07-25T18:09:51.386
3754040,2015-09-20,2,Premier League,27,2015/2016,Regular Season,24,Liverpool,56,Norwich City,1,1,2020-11-20T03:36:43.828872
3754041,2016-05-15,2,Premier League,27,2015/2016,Regular Season,1,Arsenal,59,Aston Villa,4,0,2021-07-09T16:36:48.108
3754042,2016-05-15,2,Premier League,27,2015/2016,Regular Season,27,West Bromwich Albion,24,Liverpool,1,1,2021-07-08T21:22:33.502
3754043,2016-03-20,2,Premier League,27,2015/2016,Regular Season,38,Tottenham Hotspur,28,AFC Bournemouth,3,0,2021-07-02T17:59:03.477
3754044,2015-12-19,2,Premier League,27,2015/2016,Regular Season,39,Manchester United,56,Norwich City,1,2,2020-10-14T00:06:51.149330
3754045,2015-12-29,2,Premier League,27,2015/2016,Regular Season,22,Leicester City,36,Manchester City,0,0,2021-06-30T19:08:15.538
3754046,2015-12-07,2,Premier League,27,2015/2016,Regular Season,29,Everton,31,Crystal Palace,1,1,2022-12-01T13:32:22.649321
3754047,2015-11-29,2,Premier League,27,2015/2016,Regular Season,24,Liverpool,26,Swansea City,1,0,2025-04-23T14:36:29.347042
3754048,2016-04-13,2,Premier League,27,2015/2016,Regular Season,31,Crystal Palace,29,Everton,0,0,2021-07-09T13:20:16.291
3754049,2016-02-27,2,Premier League,27,2015/2016,Regular Season,22,Leicester City,56,Norwich City,1,0,2021-06-29T20:50:58.495
3754050,2016-03-01,2,Premier League,27,2015/2016,Regular Season,41,Sunderland,31,Crystal Palace,2,2,2022-12-01T14:08:37.435992
3754051,2015-12-20,2,Premier League,27,2015/2016,Regular Season,23,Watford,24,Liverpool,3,0,2020-10-14T08:14:01.395502
3754052,2016-03-19,2,Premier League,27,2015/2016,Regular Season,27,West Bromwich Albion,56,Norwich City,0,1,2021-07-06T17:48:58.932
3754053,2016-03-13,2,Premier League,27,2015/2016,Regular Season,59,Aston Villa,38,Tottenham Hotspur,0,2,2021-11-04T18:24:25.370899
3754054,2015-12-26,2,Premier League,27,2015/2016,Regular Season,36,Manchester City,41,Sunderland,4,1,2021-02-15T23:27:46.131237
3754055,2016-05-11,2,Premier League,27,2015/2016,Regular Season,24,Liverpool,33,Chelsea,1,1,2022-12-01T14:45:30.949006
3754056,2015-12-28,2,Premier League,27,2015/2016,Regular Season,29,Everton,30,Stoke City,3,4,2022-12-01T13:44:43.258026
3754057,2015-12-26,2,Premier League,27,2015/2016,Regular Season,38,Tottenham Hotspur,56,Norwich City,3,0,2022-12-01T13:40:29.171284
3754058,2016-01-02,2,Premier League,27,2015/2016,Regular Season,22,Leicester City,28,AFC Bournemouth,0,0,2021-10-29T23:44:19.940296
3754059,2015-08-23,2,Premier League,27,2015/2016,Regular Season,27,West Bromwich Albion,33,Chelsea,2,3,2022-07-08T22:01:09.024376
3754060,2015-10-04,2,Premier League,27,2015/2016,Regular Season,29,Everton,24,Liverpool,1,1,2022-12-01T13:05:24.882873
3754061,2016-03-05,2,Premier League,27,2015/2016,Regular Season,33,Chelsea,30,Stoke City,1,1,2021-11-04T18:18:35.114004
3754062,2016-01-13,2,Premier League,27,2015/2016,Regular Season,33,Chelsea,27,West Bromwich Albion,2,2,2022-12-01T13:51:56.637934
3754063,2016-04-30,2,Premier League,27,2015/2016,Regular Season,23,Watford,59,Aston Villa,3,2,2021-07-10T13:23:09.143
3754064,2016-03-20,2,Premier League,27,2015/2016,Regular Season,25,Southampton,24,Liverpool,3,2,2021-07-19T14:06:30.168
3754065,2016-01-13,2,Premier League,27,2015/2016,Regular Season,38,Tottenham Hotspur,22,Leicester City,0,1,2022-12-01T13:52:39.998252
3754066,2015-08-16,2,Premier League,27,2015/2016,Regular Season,36,Manchester City,33,Chelsea,3,0,2020-07-29T05:00
3754067,2015-10-17,2,Premier League,27,2015/2016,Regular Season,31,Crystal Palace,40,West Ham United,1,3,2020-08-24T23:30:31.273938
3754068,2015-09-19,2,Premier League,27,2015/2016,Regular Season,59,Aston Villa,27,West Bromwich Albion,0,1,2022-07-08T23:23:55.789947
3754069,2016-01-02,2,Premier League,27,2015/2016,Regular Season,1,Arsenal,37,Newcastle United,1,0,2025-12-17T12:01:17.901147
3754070,2016-05-07,2,Premier League,27,2015/2016,Regular Season,59,Aston Villa,37,Newcastle United,0,0,2021-07-08T21:16:34.235
3754071,2016-01-13,2,Premier League,27,2015/2016,Regular Season,26,Swansea City,41,Sunderland,2,4,2021-10-30T00:34:46.190260
3754072,2015-12-12,2,Premier League,27,2015/2016,Regular Season,41,Sunderland,23,Watford,0,1,2020-10-27T02:32:07.331766
3754073,2015-12-05,2,Premier League,27,2015/2016,Regular Season,33,Chelsea,28,AFC Bournemouth,0,1,2020-10-16T18:46:43.528532
3754074,2015-10-04,2,Premier League,27,2015/2016,Regular Season,26,Swansea City,38,Tottenham Hotspur,2,2,2022-12-01T13:04:27.833049
3754075,2016-04-02,2,Premier League,27,2015/2016,Regular Season,59,Aston Villa,33,Chelsea,0,4,2021-07-11T14:43:58.604
3754076,2015-10-03,2,Premier League,27,2015/2016,Regular Season,41,Sunderland,40,West Ham United,2,2,2020-08-18T20:00:50.021035
3754077,2015-09-19,2,Premier League,27,2015/2016,Regular Season,36,Manchester City,40,West Ham United,1,2,2020-09-09T11:03:23.049831
3754078,2015-08-08,2,Premier League,27,2015/2016,Regular Season,33,Chelsea,26,Swansea City,2,2,2022-07-08T20:50:15.565471
3754079,2015-10-03,2,Premier League,27,2015/2016,Regular Season,36,Manchester City,37,Newcastle United,6,1,2021-07-17T13:27:52.354
3754080,2016-02-06,2,Premier League,27,2015/2016,Regular Season,38,Tottenham Hotspur,23,Watford,1,0,2021-06-29T19:19:44.341
3754081,2016-03-06,2,Premier League,27,2015/2016,Regular Season,27,West Bromwich Albion,39,Manchester United,1,0,2021-07-02T17:22:56.574
3754082,2015-11-01,2,Premier League,27,2015/2016,Regular Season,29,Everton,41,Sunderland,6,2,2020-11-29T14:07:50.969020
3754083,2015-08-29,2,Premier League,27,2015/2016,Regular Season,33,Chelsea,31,Crystal Palace,1,2,2020-08-26T11:41:42.229292
3754084,2016-01-23,2,Premier League,27,2015/2016,Regular Season,27,West Bromwich Albion,59,Aston Villa,0,0,2022-12-01T13:55:08.753708
3754085,2015-12-05,2,Premier League,27,2015/2016,Regular Season,26,Swansea City,22,Leicester City,0,3,2022-12-01T13:31:28.670223
3754086,2016-04-20,2,Premier League,27,2015/2016,Regular Season,40,West Ham United,23,Watford,3,1,2021-07-06T18:06:29.513
3754087,2016-04-02,2,Premier League,27,2015/2016,Regular Season,24,Liverpool,38,Tottenham Hotspur,1,1,2022-12-01T14:20:26.635202
3754088,2016-01-12,2,Premier League,27,2015/2016,Regular Season,37,Newcastle United,39,Manchester United,3,3,2021-10-30T00:06:51.530211
3754089,2016-02-02,2,Premier League,27,2015/2016,Regular Season,31,Crystal Palace,28,AFC Bournemouth,1,2,2022-12-01T13:57:52.817967
3754090,2015-10-31,2,Premier League,27,2015/2016,Regular Season,37,Newcastle United,30,Stoke City,0,0,2022-12-01T13:18:13.292540
3754091,2015-10-24,2,Premier League,27,2015/2016,Regular Season,30,Stoke City,23,Watford,0,2,2020-10-20T19:53:41.959575
3754092,2016-05-02,2,Premier League,27,2015/2016,Regular Season,33,Chelsea,38,Tottenham Hotspur,2,2,2022-12-01T14:37:07.934951
3754093,2015-11-29,2,Premier League,27,2015/2016,Regular Season,38,Tottenham Hotspur,33,Chelsea,0,0,2020-10-14T18:55:22.961391
3754094,2016-02-02,2,Premier League,27,2015/2016,Regular Season,39,Manchester United,30,Stoke City,3,0,2021-07-05T22:51:25.988
3754095,2016-02-02,2,Premier League,27,2015/2016,Regular Season,41,Sunderland,36,Manchester City,0,1,2021-06-28T18:36:31.942
3754096,2015-12-12,2,Premier League,27,2015/2016,Regular Season,40,West Ham United,30,Stoke City,0,0,2022-12-01T13:35:39.069657
3754097,2015-08-08,2,Premier League,27,2015/2016,Regular Season,39,Manchester United,38,Tottenham Hotspur,1,0,2020-08-25T03:18:59.434476
3754098,2015-10-31,2,Premier League,27,2015/2016,Regular Season,33,Chelsea,24,Liverpool,1,3,2020-09-03T18:44:23.597897
3754099,2015-10-03,2,Premier League,27,2015/2016,Regular Season,31,Crystal Palace,27,West Bromwich Albion,2,0,2022-12-01T13:02:25.970303
3754100,2016-03-20,2,Premier League,27,2015/2016,Regular Season,37,Newcastle United,41,Sunderland,1,1,2022-12-01T14:17:47.408729
3754101,2016-01-02,2,Premier League,27,2015/2016,Regular Season,56,Norwich City,25,Southampton,1,0,2021-06-28T15:13:14.580
3754102,2015-10-18,2,Premier League,27,2015/2016,Regular Season,37,Newcastle United,56,Norwich City,6,2,2022-12-01T13:10:06.048497
3754103,2016-02-03,2,Premier League,27,2015/2016,Regular Season,23,Watford,33,Chelsea,0,0,2021-07-31T22:19:37.639
3754104,2015-08-22,2,Premier League,27,2015/2016,Regular Season,56,Norwich City,30,Stoke City,1,1,2020-07-29T05:00
3754105,2015-09-28,2,Premier League,27,2015/2016,Regular Season,27,West Bromwich Albion,29,Everton,2,3,2020-08-11T18:14:00.795163
3754106,2015-09-13,2,Premier League,27,2015/2016,Regular Season,22,Leicester City,59,Aston Villa,3,2,2022-07-08T23:04:22.590976
3754107,2015-08-14,2,Premier League,27,2015/2016,Regular Season,59,Aston Villa,39,Manchester United,0,1,2020-08-09T12:07:13.784938
3754108,2016-05-07,2,Premier League,27,2015/2016,Regular Season,41,Sunderland,33,Chelsea,3,2,2021-11-04T19:18:49.728465
3754109,2015-11-22,2,Premier League,27,2015/2016,Regular Season,38,Tottenham Hotspur,40,West Ham United,4,1,2022-12-01T13:26:59.952260
3754110,2016-01-23,2,Premier League,27,2015/2016,Regular Season,40,West Ham United,36,Manchester City,2,2,2021-07-04T22:57:07.077
3754111,2016-01-24,2,Premier League,27,2015/2016,Regular Season,1,Arsenal,33,Chelsea,0,1,2022-12-01T13:56:00.180298
3754112,2015-08-09,2,Premier League,27,2015/2016,Regular Season,37,Newcastle United,25,Southampton,2,2,2022-07-08T20:57:02.757833
3754113,2015-12-05,2,Premier League,27,2015/2016,Regular Season,25,Southampton,59,Aston Villa,1,1,2020-10-14T08:14:01.395502
3754114,2016-01-03,2,Premier League,27,2015/2016,Regular Season,31,Crystal Palace,33,Chelsea,0,3,2021-10-29T23:59:12.261999
3754115,2015-10-17,2,Premier League,27,2015/2016,Regular Season,33,Chelsea,59,Aston Villa,2,0,2020-10-28T01:53:35.502556
3754116,2016-04-09,2,Premier League,27,2015/2016,Regular Season,26,Swansea City,33,Chelsea,1,0,2022-12-01T14:24:42.060729
3754117,2015-12-13,2,Premier League,27,2015/2016,Regular Season,59,Aston Villa,1,Arsenal,0,2,2025-12-16T17:04:24.176407
3754118,2016-04-02,2,Premier League,27,2015/2016,Regular Season,1,Arsenal,23,Watford,4,0,2021-11-04T18:50:55.325548
3754119,2015-10-25,2,Premier League,27,2015/2016,Regular Season,41,Sunderland,37,Newcastle United,3,0,2020-09-01T08:57:24.068188
3754120,2016-02-06,2,Premier League,27,2015/2016,Regular Season,25,Southampton,40,West Ham United,1,0,2022-12-01T14:00:36.035278
3754121,2016-02-27,2,Premier League,27,2015/2016,Regular Season,23,Watford,28,AFC Bournemouth,0,0,2022-12-01T14:05:17.161396
3754122,2016-01-02,2,Premier League,27,2015/2016,Regular Season,27,West Bromwich Albion,30,Stoke City,2,1,2021-07-01T23:02:33.656
3754123,2016-05-15,2,Premier League,27,2015/2016,Regular Season,29,Everton,56,Norwich City,3,0,2021-07-17T16:46:55.761
3754124,2016-03-20,2,Premier League,27,2015/2016,Regular Season,36,Manchester City,39,Manchester United,0,1,2022-12-01T14:18:44.139036
3754125,2016-01-16,2,Premier League,27,2015/2016,Regular Season,33,Chelsea,29,Everton,3,3,2022-01-25T22:40:54.343920
3754126,2015-10-24,2,Premier League,27,2015/2016,Regular Season,1,Arsenal,29,Everton,2,1,2022-12-01T13:14:32.244938
3754127,2016-02-06,2,Premier League,27,2015/2016,Regular Season,30,Stoke City,29,Everton,0,3,2021-10-30T01:19:43.981841
3754128,2015-08-08,2,Premier League,27,2015/2016,Regular Season,28,AFC Bournemouth,59,Aston Villa,0,1,2022-07-08T20:29:32.062770
3754129,2015-08-24,2,Premier League,27,2015/2016,Regular Season,1,Arsenal,24,Liverpool,0,0,2025-12-16T17:00:10.572124
3754130,2015-12-28,2,Premier League,27,2015/2016,Regular Season,56,Norwich City,59,Aston Villa,2,0,2022-12-01T13:46:22.606869
3754131,2015-08-22,2,Premier League,27,2015/2016,Regular Season,40,West Ham United,28,AFC Bournemouth,3,4,2022-07-08T21:47:04.550288
3754132,2016-04-30,2,Premier League,27,2015/2016,Regular Season,30,Stoke City,41,Sunderland,1,1,2021-07-06T18:13:15.148
3754133,2015-10-24,2,Premier League,27,2015/2016,Regular Season,56,Norwich City,27,West Bromwich Albion,0,1,2022-12-01T13:13:33.815713
3754134,2016-05-10,2,Premier League,27,2015/2016,Regular Season,40,West Ham United,39,Manchester United,3,2,2022-12-01T14:44:15.445809
3754135,2015-12-05,2,Premier League,27,2015/2016,Regular Season,30,Stoke City,36,Manchester City,2,0,2020-10-13T17:34:34.754810
3754136,2015-12-19,2,Premier League,27,2015/2016,Regular Season,37,Newcastle United,59,Aston Villa,1,1,2020-11-12T23:48:19.757269
3754137,2016-04-16,2,Premier League,27,2015/2016,Regular Season,29,Everton,25,Southampton,1,1,2022-12-01T14:28:56.951318
3754138,2015-08-08,2,Premier League,27,2015/2016,Regular Season,56,Norwich City,31,Crystal Palace,1,3,2020-07-29T05:00
3754139,2016-02-13,2,Premier League,27,2015/2016,Regular Season,26,Swansea City,25,Southampton,0,1,2021-06-28T18:54:23.113
3754140,2016-01-03,2,Premier League,27,2015/2016,Regular Season,29,Everton,38,Tottenham Hotspur,1,1,2021-06-28T18:22:40.737
3754141,2015-08-09,2,Premier League,27,2015/2016,Regular Season,1,Arsenal,40,West Ham United,0,2,2020-08-24T23:30:31.273938
3754142,2016-01-13,2,Premier League,27,2015/2016,Regular Season,36,Manchester City,29,Everton,0,0,2021-06-28T18:27:47.760
3754143,2015-12-06,2,Premier League,27,2015/2016,Regular Season,37,Newcastle United,24,Liverpool,2,0,2020-10-16T18:46:43.528532
3754144,2016-04-02,2,Premier League,27,2015/2016,Regular Season,28,AFC Bournemouth,36,Manchester City,0,4,2021-08-07T22:18:05.796
3754145,2015-08-10,2,Premier League,27,2015/2016,Regular Season,27,West Bromwich Albion,36,Manchester City,0,3,2020-09-09T11:03:23.049831
3754146,2015-09-19,2,Premier League,27,2015/2016,Regular Season,30,Stoke City,22,Leicester City,2,2,2022-07-08T23:10:50.019819
3754147,2016-02-14,2,Premier League,27,2015/2016,Regular Season,36,Manchester City,38,Tottenham Hotspur,1,2,2022-12-01T14:03:30.297580
3754148,2015-09-13,2,Premier League,27,2015/2016,Regular Season,41,Sunderland,38,Tottenham Hotspur,0,1,2020-10-01T07:40:32.450389
3754149,2016-05-15,2,Premier League,27,2015/2016,Regular Season,26,Swansea City,36,Manchester City,1,1,2021-07-07T20:54:20.840
3754150,2015-11-28,2,Premier League,27,2015/2016,Regular Season,41,Sunderland,30,Stoke City,2,0,2022-12-01T13:29:34.530915
3754151,2016-03-05,2,Premier League,27,2015/2016,Regular Season,26,Swansea City,56,Norwich City,1,0,2021-07-03T18:20:04.122
3754152,2016-04-10,2,Premier League,27,2015/2016,Regular Season,41,Sunderland,22,Leicester City,0,2,2021-07-07T16:52:23.456
3754153,2015-12-19,2,Premier League,27,2015/2016,Regular Season,30,Stoke City,31,Crystal Palace,1,2,2022-12-01T13:38:04.805362
3754154,2016-04-23,2,Premier League,27,2015/2016,Regular Season,24,Liverpool,37,Newcastle United,2,2,2022-12-01T14:31:38.980516
3754155,2016-04-16,2,Premier League,27,2015/2016,Regular Season,27,West Bromwich Albion,23,Watford,0,1,2021-07-09T13:25:58.712
3754156,2015-11-07,2,Premier League,27,2015/2016,Regular Season,22,Leicester City,23,Watford,2,1,2022-12-01T13:19:54.288015
3754157,2015-11-28,2,Premier League,27,2015/2016,Regular Season,28,AFC Bournemouth,29,Everton,3,3,2020-10-13T22:03:18.128077
3754158,2016-05-07,2,Premier League,27,2015/2016,Regular Season,40,West Ham United,26,Swansea City,1,4,2022-12-01T14:41:02.956521
3754159,2016-05-17,2,Premier League,27,2015/2016,Regular Season,39,Manchester United,28,AFC Bournemouth,3,1,2021-07-09T13:36:42.171
3754160,2015-12-05,2,Premier League,27,2015/2016,Regular Season,1,Arsenal,41,Sunderland,3,1,2025-12-16T17:03:25.661537
3754161,2016-01-18,2,Premier League,27,2015/2016,Regular Season,26,Swansea City,23,Watford,1,0,2021-07-05T22:39:42.057
3754162,2015-12-12,2,Premier League,27,2015/2016,Regular Season,28,AFC Bournemouth,39,Manchester United,2,1,2020-10-17T22:10:12.529229
3754163,2016-01-24,2,Premier League,27,2015/2016,Regular Season,29,Everton,26,Swansea City,1,2,2021-07-02T14:21:36.141
3754164,2016-03-05,2,Premier League,27,2015/2016,Regular Season,25,Southampton,41,Sunderland,1,1,2022-12-01T14:12:25.415727
3754165,2016-05-01,2,Premier League,27,2015/2016,Regular Season,39,Manchester United,22,Leicester City,1,1,2022-12-01T14:35:51.285503
3754166,2015-12-19,2,Premier League,27,2015/2016,Regular Season,29,Everton,22,Leicester City,2,3,2020-11-08T23:50:05.254655
3754167,2015-10-31,2,Premier League,27,2015/2016,Regular Season,36,Manchester City,56,Norwich City,2,1,2020-09-07T09:20:45.196705
3754168,2016-01-16,2,Premier League,27,2015/2016,Regular Season,25,Southampton,27,West Bromwich Albion,3,0,2021-08-09T22:43:01.292
3754169,2015-09-19,2,Premier League,27,2015/2016,Regular Season,28,AFC Bournemouth,41,Sunderland,2,0,2022-07-08T23:17:44.863300
3754170,2016-04-30,2,Premier League,27,2015/2016,Regular Season,37,Newcastle United,31,Crystal Palace,1,0,2022-12-01T14:34:39.959477
3754171,2015-10-04,2,Premier League,27,2015/2016,Regular Season,1,Arsenal,39,Manchester United,3,0,2022-12-01T13:03:29.391664
3754172,2016-04-16,2,Premier League,27,2015/2016,Regular Season,56,Norwich City,41,Sunderland,0,3,2022-12-01T14:27:17.645361
3754173,2015-12-28,2,Premier League,27,2015/2016,Regular Season,1,Arsenal,28,AFC Bournemouth,2,0,2025-12-16T17:01:18.621799
3754174,2015-09-26,2,Premier League,27,2015/2016,Regular Season,22,Leicester City,1,Arsenal,2,5,2022-12-01T12:58:54.364143
3754175,2016-04-02,2,Premier League,27,2015/2016,Regular Season,41,Sunderland,27,West Bromwich Albion,0,0,2022-12-01T14:19:33.110706
3754176,2016-04-02,2,Premier League,27,2015/2016,Regular Season,40,West Ham United,31,Crystal Palace,2,2,2021-07-06T17:54:57.266
3754177,2016-03-05,2,Premier League,27,2015/2016,Regular Season,37,Newcastle United,28,AFC Bournemouth,1,3,2021-07-06T17:28:23.213
3754178,2015-11-28,2,Premier League,27,2015/2016,Regular Season,59,Aston Villa,23,Watford,2,3,2022-12-01T13:28:41.370247
3754179,2016-01-23,2,Premier League,27,2015/2016,Regular Season,31,Crystal Palace,38,Tottenham Hotspur,1,3,2021-07-19T13:57:03.962
3754180,2015-08-22,2,Premier League,27,2015/2016,Regular Season,41,Sunderland,26,Swansea City,1,1,2020-09-08T15:05:48.912600
3754181,2016-03-19,2,Premier League,27,2015/2016,Regular Season,31,Crystal Palace,22,Leicester City,0,1,2021-11-04T18:28:57.094753
3754182,2015-12-12,2,Premier League,27,2015/2016,Regular Season,56,Norwich City,29,Everton,1,1,2022-12-01T13:34:06.852736
3754183,2016-01-13,2,Premier League,27,2015/2016,Regular Season,25,Southampton,23,Watford,2,0,2021-10-30T00:20:51.500167
3754184,2016-04-30,2,Premier League,27,2015/2016,Regular Season,1,Arsenal,56,Norwich City,1,0,2021-07-07T17:52:58.742
3754185,2015-11-21,2,Premier League,27,2015/2016,Regular Season,23,Watford,39,Manchester United,1,2,2022-12-01T13:23:21.876999
3754186,2015-11-28,2,Premier League,27,2015/2016,Regular Season,22,Leicester City,39,Manchester United,1,1,2020-10-13T17:34:34.754810
3754187,2016-04-18,2,Premier League,27,2015/2016,Regular Season,30,Stoke City,38,Tottenham Hotspur,0,4,2022-12-01T14:30:35.994587
3754188,2015-12-19,2,Premier League,27,2015/2016,Regular Season,25,Southampton,38,Tottenham Hotspur,0,2,2020-10-13T22:03:18.128077
3754189,2015-08-23,2,Premier League,27,2015/2016,Regular Season,23,Watford,25,Southampton,0,0,2020-09-11T15:40:15.523254
3754190,2015-08-22,2,Premier League,27,2015/2016,Regular Season,31,Crystal Palace,59,Aston Villa,2,1,2022-07-08T21:33:09.238697
3754191,2015-11-01,2,Premier League,27,2015/2016,Regular Season,25,Southampton,28,AFC Bournemouth,2,0,2021-07-31T22:15:01.396
3754192,2016-04-30,2,Premier League,27,2015/2016,Regular Season,27,West Bromwich Albion,40,West Ham United,0,3,2021-07-12T14:46:12.472
3754193,2015-10-17,2,Premier League,27,2015/2016,Regular Season,36,Manchester City,28,AFC Bournemouth,5,1,2022-12-01T13:08:26.404246
3754194,2015-11-07,2,Premier League,27,2015/2016,Regular Season,40,West Ham United,29,Everton,1,1,2020-10-23T22:11:13.807088
3754195,2015-12-28,2,Premier League,27,2015/2016,Regular Season,27,West Bromwich Albion,37,Newcastle United,1,0,2022-12-01T13:48:07.744301
3754196,2016-03-12,2,Premier League,27,2015/2016,Regular Season,30,Stoke City,25,Southampton,1,2,2021-08-03T21:27:39.371
3754197,2015-09-26,2,Premier League,27,2015/2016,Regular Season,38,Tottenham Hotspur,36,Manchester City,4,1,2022-12-01T12:57:02.570846
3754198,2015-10-17,2,Premier League,27,2015/2016,Regular Season,38,Tottenham Hotspur,24,Liverpool,0,0,2020-08-13T15:17:06.709255
3754199,2016-05-15,2,Premier League,27,2015/2016,Regular Season,30,Stoke City,40,West Ham United,2,1,2021-07-06T18:36:00.746
3754200,2016-01-23,2,Premier League,27,2015/2016,Regular Season,39,Manchester United,25,Southampton,0,1,2021-07-07T20:46:36.279
3754201,2016-02-02,2,Premier League,27,2015/2016,Regular Season,1,Arsenal,25,Southampton,0,0,2022-12-01T13:58:52.638857
3754202,2016-01-17,2,Premier League,27,2015/2016,Regular Season,30,Stoke City,1,Arsenal,0,0,2025-12-17T14:38:00.447595
3754203,2015-08-15,2,Premier League,27,2015/2016,Regular Season,40,West Ham United,22,Leicester City,1,2,2020-07-29T05:00
3754204,2015-08-29,2,Premier League,27,2015/2016,Regular Season,59,Aston Villa,41,Sunderland,2,2,2020-10-01T07:40:32.450389
3754205,2015-08-29,2,Premier League,27,2015/2016,Regular Season,37,Newcastle United,1,Arsenal,0,1,2022-07-08T22:20:35.172474
3754206,2016-04-19,2,Premier League,27,2015/2016,Regular Season,37,Newcastle United,36,Manchester City,1,1,2021-07-03T18:41:18.649
3754207,2016-05-11,2,Premier League,27,2015/2016,Regular Season,56,Norwich City,23,Watford,4,2,2022-12-01T14:46:48.744617
3754208,2015-11-21,2,Premier League,27,2015/2016,Regular Season,36,Manchester City,24,Liverpool,1,4,2020-09-26T23:55:49.315699
3754209,2016-04-10,2,Premier League,27,2015/2016,Regular Season,38,Tottenham Hotspur,39,Manchester United,3,0,2022-12-01T14:26:32.952942
3754210,2016-05-07,2,Premier League,27,2015/2016,Regular Season,56,Norwich City,39,Manchester United,0,1,2022-12-01T14:39:42.970717
3754211,2015-11-21,2,Premier League,27,2015/2016,Regular Season,37,Newcastle United,22,Leicester City,0,3,2022-12-01T13:24:12.811808
3754212,2015-09-26,2,Premier League,27,2015/2016,Regular Season,24,Liverpool,59,Aston Villa,3,2,2022-12-01T12:55:05.393529
3754213,2015-09-12,2,Premier League,27,2015/2016,Regular Season,23,Watford,26,Swansea City,1,0,2020-11-29T14:07:50.969020
3754214,2016-02-14,2,Premier League,27,2015/2016,Regular Season,59,Aston Villa,24,Liverpool,0,6,2021-07-04T23:01:15.729
3754215,2015-12-05,2,Premier League,27,2015/2016,Regular Season,27,West Bromwich Albion,38,Tottenham Hotspur,1,1,2021-06-29T14:46:55.188
3754216,2016-04-17,2,Premier League,27,2015/2016,Regular Season,28,AFC Bournemouth,24,Liverpool,1,2,2021-07-06T18:05:19.870
3754217,2015-09-19,2,Premier League,27,2015/2016,Regular Season,33,Chelsea,1,Arsenal,2,0,2025-12-16T17:01:18.696515
3754218,2015-12-12,2,Premier League,27,2015/2016,Regular Season,31,Crystal Palace,25,Southampton,1,0,2022-12-01T13:34:53.717751
3754219,2015-12-19,2,Premier League,27,2015/2016,Regular Season,27,West Bromwich Albion,28,AFC Bournemouth,1,2,2022-12-01T13:37:17.113631
3754220,2016-03-06,2,Premier League,27,2015/2016,Regular Season,31,Crystal Palace,24,Liverpool,1,2,2021-07-06T17:34:16.199
3754221,2015-08-30,2,Premier League,27,2015/2016,Regular Season,26,Swansea City,39,Manchester United,2,1,2020-09-09T12:35:13.376459
3754222,2015-09-20,2,Premier League,27,2015/2016,Regular Season,38,Tottenham Hotspur,31,Crystal Palace,1,0,2020-09-11T18:18:25.317407
3754223,2015-10-31,2,Premier League,27,2015/2016,Regular Season,31,Crystal Palace,39,Manchester United,0,0,2022-12-01T13:17:21.322151
3754224,2016-03-19,2,Premier League,27,2015/2016,Regular Season,26,Swansea City,59,Aston Villa,1,0,2022-12-01T14:17:01.162728
3754225,2016-05-07,2,Premier League,27,2015/2016,Regular Season,28,AFC Bournemouth,27,West Bromwich Albion,1,1,2021-07-07T18:19:00.023
3754226,2015-12-30,2,Premier League,27,2015/2016,Regular Season,41,Sunderland,24,Liverpool,0,1,2021-06-28T15:11:27.654
3754227,2016-04-17,2,Premier League,27,2015/2016,Regular Season,22,Leicester City,40,West Ham United,2,2,2022-12-01T14:29:41.188432
3754228,2016-04-24,2,Premier League,27,2015/2016,Regular Season,22,Leicester City,26,Swansea City,4,0,2021-11-04T19:07:31.882702
3754229,2016-05-15,2,Premier League,27,2015/2016,Regular Season,33,Chelsea,22,Leicester City,1,1,2021-07-08T21:30:34.319
3754230,2015-10-25,2,Premier League,27,2015/2016,Regular Season,24,Liverpool,25,Southampton,1,1,2022-12-01T13:15:32.646389
3754231,2016-03-01,2,Premier League,27,2015/2016,Regular Season,22,Leicester City,27,West Bromwich Albion,2,2,2021-07-02T15:01:44.084
3754232,2016-03-02,2,Premier League,27,2015/2016,Regular Season,39,Manchester United,23,Watford,1,0,2022-12-01T14:11:32.381247
3754233,2015-08-23,2,Premier League,27,2015/2016,Regular Season,29,Everton,36,Manchester City,0,2,2022-07-08T21:54:00.236975
3754234,2015-10-25,2,Premier League,27,2015/2016,Regular Season,28,AFC Bournemouth,38,Tottenham Hotspur,1,5,2020-10-11T16:17:39.015539
3754235,2015-11-29,2,Premier League,27,2015/2016,Regular Season,40,West Ham United,27,West Bromwich Albion,1,1,2020-10-14T06:04:11.885071
3754236,2016-02-27,2,Premier League,27,2015/2016,Regular Season,27,West Bromwich Albion,31,Crystal Palace,3,2,2021-06-28T22:07:27.231
3754237,2015-08-08,2,Premier League,27,2015/2016,Regular Season,22,Leicester City,41,Sunderland,4,2,2022-07-08T20:43:17.249927
3754238,2015-11-07,2,Premier League,27,2015/2016,Regular Season,28,AFC Bournemouth,37,Newcastle United,0,1,2020-09-18T13:16:12.825671
3754239,2016-02-28,2,Premier League,27,2015/2016,Regular Season,39,Manchester United,1,Arsenal,3,2,2021-07-16T16:57:27.853
3754240,2015-09-12,2,Premier League,27,2015/2016,Regular Season,1,Arsenal,30,Stoke City,2,0,2022-07-08T22:57:01.835889
3754241,2016-04-09,2,Premier League,27,2015/2016,Regular Season,40,West Ham United,1,Arsenal,3,3,2022-12-01T14:22:15.541147
3754242,2016-04-23,2,Premier League,27,2015/2016,Regular Season,28,AFC Bournemouth,33,Chelsea,1,4,2021-07-27T18:18:56.222
3754243,2016-04-02,2,Premier League,27,2015/2016,Regular Season,56,Norwich City,37,Newcastle United,3,2,2021-07-06T17:57:18.472
3754244,2016-02-13,2,Premier League,27,2015/2016,Regular Season,56,Norwich City,40,West Ham United,2,2,2021-06-29T20:21:18.721
3754245,2015-10-17,2,Premier League,27,2015/2016,Regular Season,27,West Bromwich Albion,41,Sunderland,1,0,2022-12-01T13:09:17.044015
3754246,2015-08-29,2,Premier League,27,2015/2016,Regular Season,36,Manchester City,23,Watford,2,0,2020-11-29T14:07:50.969020
3754247,2015-11-21,2,Premier League,27,2015/2016,Regular Season,25,Southampton,30,Stoke City,0,1,2022-12-01T13:26:07.236764
3754248,2015-12-26,2,Premier League,27,2015/2016,Regular Season,28,AFC Bournemouth,31,Crystal Palace,0,0,2021-07-31T22:15:29.090
3754249,2016-03-05,2,Premier League,27,2015/2016,Regular Season,36,Manchester City,59,Aston Villa,4,0,2024-06-12T07:43:56.243851
3754250,2016-01-16,2,Premier League,27,2015/2016,Regular Season,59,Aston Villa,22,Leicester City,1,1,2021-06-29T18:47:46.821
3754251,2016-01-02,2,Premier League,27,2015/2016,Regular Season,40,West Ham United,24,Liverpool,2,0,2021-10-29T23:52:02.560317
3754252,2016-02-03,2,Premier League,27,2015/2016,Regular Season,29,Everton,37,Newcastle United,3,0,2021-07-03T14:51:48.886
3754253,2016-02-07,2,Premier League,27,2015/2016,Regular Season,28,AFC Bournemouth,1,Arsenal,0,2,2021-06-28T18:53:43.786
3754254,2015-08-22,2,Premier League,27,2015/2016,Regular Season,39,Manchester United,37,Newcastle United,0,0,2022-07-08T21:40:26.368774
3754255,2015-12-13,2,Premier League,27,2015/2016,Regular Season,24,Liverpool,27,West Bromwich Albion,2,2,2020-10-14T06:04:11.885071
3754256,2015-10-17,2,Premier League,27,2015/2016,Regular Season,29,Everton,39,Manchester United,0,3,2022-12-01T13:07:26.074985
3754257,2015-09-12,2,Premier League,27,2015/2016,Regular Season,31,Crystal Palace,36,Manchester City,0,1,2022-07-08T22:35:00.516676
3754258,2015-11-08,2,Premier League,27,2015/2016,Regular Season,59,Aston Villa,36,Manchester City,0,0,2020-11-29T14:07:50.969020
3754259,2015-12-20,2,Premier League,27,2015/2016,Regular Season,26,Swansea City,40,West Ham United,0,0,2022-12-01T13:38:55.900315
3754260,2016-01-16,2,Premier League,27,2015/2016,Regular Season,36,Manchester City,31,Crystal Palace,4,0,2021-06-28T21:59:19.393
3754261,2016-02-14,2,Premier League,27,2015/2016,Regular Season,1,Arsenal,22,Leicester City,2,1,2025-12-16T17:25:34.946968
3754262,2016-04-09,2,Premier League,27,2015/2016,Regular Season,59,Aston Villa,28,AFC Bournemouth,1,2,2021-07-11T14:50:19.137
3754263,2015-10-24,2,Premier League,27,2015/2016,Regular Season,22,Leicester City,31,Crystal Palace,1,0,2022-12-01T13:11:49.163406
3754264,2016-02-13,2,Premier League,27,2015/2016,Regular Season,33,Chelsea,37,Newcastle United,5,1,2021-06-28T18:56:26.960
3754265,2015-11-08,2,Premier League,27,2015/2016,Regular Season,1,Arsenal,38,Tottenham Hotspur,1,1,2020-12-13T13:43:21.659558
3754266,2015-09-27,2,Premier League,27,2015/2016,Regular Season,23,Watford,31,Crystal Palace,0,1,2020-08-10T22:04:56.027298
3754267,2015-08-15,2,Premier League,27,2015/2016,Regular Season,23,Watford,27,West Bromwich Albion,0,0,2020-07-29T05:00
3754268,2015-08-29,2,Premier League,27,2015/2016,Regular Season,38,Tottenham Hotspur,29,Everton,0,0,2020-09-11T18:18:25.317407
3754269,2015-10-19,2,Premier League,27,2015/2016,Regular Season,26,Swansea City,30,Stoke City,0,1,2020-09-29T22:20:51.346007
3754270,2015-08-15,2,Premier League,27,2015/2016,Regular Season,38,Tottenham Hotspur,30,Stoke City,2,2,2022-07-08T21:04:37.806798
3754271,2016-01-23,2,Premier League,27,2015/2016,Regular Season,23,Watford,37,Newcastle United,2,1,2023-07-12T13:59:45.191483
3754272,2016-04-02,2,Premier League,27,2015/2016,Regular Season,30,Stoke City,26,Swansea City,2,2,2021-07-06T17:55:32.614
3754273,2015-10-31,2,Premier League,27,2015/2016,Regular Season,23,Watford,40,West Ham United,2,0,2020-09-20T02:24:11.414760
3754274,2016-02-13,2,Premier League,27,2015/2016,Regular Season,28,AFC Bournemouth,30,Stoke City,1,3,2021-06-28T18:57:38.342
3754275,2016-02-02,2,Premier League,27,2015/2016,Regular Season,22,Leicester City,24,Liverpool,2,0,2021-08-07T22:06:42.130
3754276,2015-12-13,2,Premier League,27,2015/2016,Regular Season,38,Tottenham Hotspur,37,Newcastle United,1,2,2022-12-01T13:36:29.024
3754277,2016-03-05,2,Premier League,27,2015/2016,Regular Season,29,Everton,40,West Ham United,2,3,2021-11-04T18:12:18.527779
3754278,2015-10-03,2,Premier League,27,2015/2016,Regular Season,28,AFC Bournemouth,23,Watford,1,1,2020-08-30T15:15:48.422941
3754279,2015-12-26,2,Premier League,27,2015/2016,Regular Season,26,Swansea City,27,West Bromwich Albion,1,0,2020-10-15T19:24:22.649656
3754280,2016-03-01,2,Premier League,27,2015/2016,Regular Season,56,Norwich City,33,Chelsea,1,2,2021-07-05T23:07:55.731
3754281,2016-02-07,2,Premier League,27,2015/2016,Regular Season,33,Chelsea,39,Manchester United,1,1,2022-01-25T22:46:43.172673
3754282,2016-04-23,2,Premier League,27,2015/2016,Regular Season,59,Aston Villa,25,Southampton,2,4,2022-12-01T14:32:35.514804
3754283,2015-11-21,2,Premier League,27,2015/2016,Regular Season,29,Everton,59,Aston Villa,4,0,2023-11-14T11:25:33.476498
3754284,2016-04-21,2,Premier League,27,2015/2016,Regular Season,1,Arsenal,27,West Bromwich Albion,2,0,2021-07-06T18:08:15.386
3754285,2015-12-26,2,Premier League,27,2015/2016,Regular Season,59,Aston Villa,40,West Ham United,1,1,2022-12-01T13:42:12.397086
3754286,2015-12-05,2,Premier League,27,2015/2016,Regular Season,23,Watford,56,Norwich City,2,0,2020-10-13T14:16:54.852458
3754287,2015-12-26,2,Premier League,27,2015/2016,Regular Season,33,Chelsea,23,Watford,2,2,2022-12-01T13:41:22.730115
3754288,2015-10-24,2,Premier League,27,2015/2016,Regular Season,40,West Ham United,33,Chelsea,2,1,2022-12-01T13:11:00.286464
3754289,2016-03-05,2,Premier League,27,2015/2016,Regular Season,23,Watford,22,Leicester City,0,1,2022-12-01T14:14:07.271809
3754290,2016-02-06,2,Premier League,27,2015/2016,Regular Season,36,Manchester City,22,Leicester City,1,3,2021-07-26T18:29:21.038
3754291,2015-12-28,2,Premier League,27,2015/2016,Regular Season,23,Watford,38,Tottenham Hotspur,1,2,2020-11-03T09:05:58.027121
3754292,2016-02-06,2,Premier League,27,2015/2016,Regular Season,37,Newcastle United,27,West Bromwich Albion,1,0,2021-06-30T21:15:57.620
3754293,2015-11-07,2,Premier League,27,2015/2016,Regular Season,30,Stoke City,33,Chelsea,1,0,2022-12-01T13:20:45.172631
3754294,2016-04-20,2,Premier League,27,2015/2016,Regular Season,24,Liverpool,29,Everton,4,0,2021-07-06T20:49:53.595
3754295,2016-04-16,2,Premier League,27,2015/2016,Regular Season,39,Manchester United,59,Aston Villa,1,0,2021-07-06T18:02:56.981
3754296,2015-12-21,2,Premier League,27,2015/2016,Regular Season,1,Arsenal,36,Manchester City,2,1,2025-12-17T11:59:35.059270
3754297,2015-11-07,2,Premier League,27,2015/2016,Regular Season,39,Manchester United,27,West Bromwich Albion,2,0,2020-09-18T13:16:12.825671
3754298,2015-09-19,2,Premier League,27,2015/2016,Regular Season,26,Swansea City,29,Everton,0,0,2020-09-09T11:03:23.049831
3754299,2016-04-03,2,Premier League,27,2015/2016,Regular Season,39,Manchester United,29,Everton,1,0,2021-11-04T18:55:55.405707
3754300,2015-08-08,2,Premier League,27,2015/2016,Regular Season,29,Everton,23,Watford,2,2,2022-07-08T20:36:27.023798
3754301,2015-11-21,2,Premier League,27,2015/2016,Regular Season,27,West Bromwich Albion,1,Arsenal,2,1,2020-09-26T08:14:24.985389
3754302,2015-10-17,2,Premier League,27,2015/2016,Regular Season,25,Southampton,22,Leicester City,2,2,2020-11-29T14:07:50.969020
3754303,2016-02-06,2,Premier League,27,2015/2016,Regular Season,26,Swansea City,31,Crystal Palace,1,1,2021-07-02T14:47:57.701
3754304,2015-11-28,2,Premier League,27,2015/2016,Regular Season,31,Crystal Palace,37,Newcastle United,5,1,2020-10-13T09:05:20.626305
3754305,2016-01-13,2,Premier League,27,2015/2016,Regular Season,24,Liverpool,1,Arsenal,3,3,2022-12-01T13:51:05.910614
3754306,2016-02-06,2,Premier League,27,2015/2016,Regular Season,59,Aston Villa,56,Norwich City,2,0,2022-12-01T13:59:46.502862
3754307,2016-04-23,2,Premier League,27,2015/2016,Regular Season,36,Manchester City,30,Stoke City,4,0,2021-07-07T17:13:16.449
3754308,2016-05-15,2,Premier League,27,2015/2016,Regular Season,23,Watford,41,Sunderland,2,2,2022-12-01T14:50:24.749450
3754309,2015-12-26,2,Premier League,27,2015/2016,Regular Season,25,Southampton,1,Arsenal,4,0,2025-12-17T12:00:24.932322
3754310,2016-04-20,2,Premier League,27,2015/2016,Regular Season,39,Manchester United,31,Crystal Palace,2,0,2021-07-06T18:07:40.704
3754311,2015-11-07,2,Premier League,27,2015/2016,Regular Season,56,Norwich City,26,Swansea City,1,0,2020-09-22T13:40:59.994112
3754312,2015-08-16,2,Premier League,27,2015/2016,Regular Season,31,Crystal Palace,1,Arsenal,1,2,2022-07-08T21:19:24.217693
3754313,2016-03-12,2,Premier League,27,2015/2016,Regular Season,56,Norwich City,36,Manchester City,0,0,2022-12-01T14:15:08.060071
3754314,2016-05-08,2,Premier League,27,2015/2016,Regular Season,36,Manchester City,1,Arsenal,2,2,2022-12-01T14:43:33.572040
3754315,2015-09-12,2,Premier League,27,2015/2016,Regular Season,56,Norwich City,28,AFC Bournemouth,3,1,2022-07-08T22:41:23.251003
3754316,2016-02-06,2,Premier League,27,2015/2016,Regular Season,24,Liverpool,41,Sunderland,2,2,2021-10-30T01:27:27.625847
3754317,2016-02-02,2,Premier League,27,2015/2016,Regular Season,56,Norwich City,38,Tottenham Hotspur,0,3,2022-12-01T13:56:50.633990
3754318,2016-03-05,2,Premier League,27,2015/2016,Regular Season,38,Tottenham Hotspur,1,Arsenal,2,2,2022-12-01T14:13:14.220332
3754319,2016-01-02,2,Premier League,27,2015/2016,Regular Season,39,Manchester United,26,Swansea City,2,1,2021-06-28T15:12:06.739
3754320,2016-05-01,2,Premier League,27,2015/2016,Regular Season,25,Southampton,36,Manchester City,4,2,2021-07-06T18:27:47.200
3754321,2016-02-27,2,Premier League,27,2015/2016,Regular Season,30,Stoke City,59,Aston Villa,2,1,2021-06-30T21:40:03.898
3754322,2016-04-16,2,Premier League,27,2015/2016,Regular Season,33,Chelsea,36,Manchester City,0,3,2021-07-07T16:59:38.235
3754323,2015-09-26,2,Premier League,27,2015/2016,Regular Season,40,West Ham United,56,Norwich City,2,2,2020-08-11T20:15:07.909939
3754324,2016-02-28,2,Premier League,27,2015/2016,Regular Season,38,Tottenham Hotspur,26,Swansea City,2,1,2024-08-08T16:04:16.566376
3754325,2015-09-12,2,Premier League,27,2015/2016,Regular Season,27,West Bromwich Albion,25,Southampton,0,0,2020-09-09T12:35:13.376459
3754326,2015-12-28,2,Premier League,27,2015/2016,Regular Season,31,Crystal Palace,26,Swansea City,0,0,2022-12-01T13:45:33.542312
3754327,2016-03-01,2,Premier League,27,2015/2016,Regular Season,59,Aston Villa,29,Everton,1,3,2022-12-01T14:07:02.123384
3754328,2015-12-12,2,Premier League,27,2015/2016,Regular Season,36,Manchester City,26,Swansea City,2,1,2022-12-01T13:33:16.801896
3754329,2015-09-14,2,Premier League,27,2015/2016,Regular Season,40,West Ham United,37,Newcastle United,2,0,2020-09-09T12:35:13.376459
3754330,2015-10-03,2,Premier League,27,2015/2016,Regular Season,59,Aston Villa,30,Stoke City,0,1,2022-12-01T13:01:32.365486
3754331,2016-02-27,2,Premier League,27,2015/2016,Regular Season,40,West Ham United,41,Sunderland,1,0,2022-12-01T14:06:01.295075
3754332,2016-04-25,2,Premier League,27,2015/2016,Regular Season,38,Tottenham Hotspur,27,West Bromwich Albion,1,1,2021-07-07T17:46:25.604
3754333,2016-05-15,2,Premier League,27,2015/2016,Regular Season,37,Newcastle United,38,Tottenham Hotspur,5,1,2021-12-03T22:58:57.593935
3754334,2016-03-01,2,Premier League,27,2015/2016,Regular Season,28,AFC Bournemouth,25,Southampton,2,0,2022-12-01T14:07:50.051638
3754335,2015-10-03,2,Premier League,27,2015/2016,Regular Season,56,Norwich City,22,Leicester City,1,2,2022-12-01T12:59:42.486076
3754336,2015-09-12,2,Premier League,27,2015/2016,Regular Season,29,Everton,33,Chelsea,3,1,2022-07-08T22:48:42.385840
3754337,2015-08-30,2,Premier League,27,2015/2016,Regular Season,25,Southampton,56,Norwich City,3,0,2022-07-08T22:27:40.959830
3754338,2016-01-16,2,Premier League,27,2015/2016,Regular Season,37,Newcastle United,40,West Ham United,2,1,2022-12-01T13:54:22.583939
3754339,2015-09-26,2,Premier League,27,2015/2016,Regular Season,30,Stoke City,28,AFC Bournemouth,2,1,2020-08-17T09:23:22.420989
3754340,2016-02-02,2,Premier League,27,2015/2016,Regular Season,27,West Bromwich Albion,26,Swansea City,1,1,2021-10-30T01:12:07.192015
3754341,2016-01-23,2,Premier League,27,2015/2016,Regular Season,22,Leicester City,30,Stoke City,3,0,2021-06-29T19:03:01.673
3754342,2016-05-08,2,Premier League,27,2015/2016,Regular Season,24,Liverpool,23,Watford,2,0,2022-12-01T14:42:19.247572
3754343,2015-12-26,2,Premier League,27,2015/2016,Regular Season,24,Liverpool,22,Leicester City,1,0,2020-10-15T02:13:03.665870
3754344,2015-08-15,2,Premier League,27,2015/2016,Regular Season,26,Swansea City,37,Newcastle United,2,0,2020-07-29T05:00
3754345,2016-01-17,2,Premier League,27,2015/2016,Regular Season,24,Liverpool,39,Manchester United,0,1,2021-08-07T22:01:57.891
3754346,2016-01-02,2,Premier League,27,2015/2016,Regular Season,23,Watford,36,Manchester City,1,2,2021-06-29T14:58:35.063
3754347,2015-12-05,2,Premier League,27,2015/2016,Regular Season,39,Manchester United,40,West Ham United,0,0,2020-10-15T02:13:03.665870
3754348,2016-01-23,2,Premier League,27,2015/2016,Regular Season,56,Norwich City,24,Liverpool,4,5,2021-06-28T22:00:05.502
3754349,2016-03-02,2,Premier League,27,2015/2016,Regular Season,40,West Ham United,38,Tottenham Hotspur,1,0,2022-12-01T14:09:36.386202
3754350,2016-02-13,2,Premier League,27,2015/2016,Regular Season,29,Everton,27,West Bromwich Albion,0,1,2021-06-30T21:34:50.306
3754351,2015-11-08,2,Premier League,27,2015/2016,Regular Season,24,Liverpool,31,Crystal Palace,1,2,2022-12-01T13:22:27.433540
3749052,2004-02-07,2,Premier League,44,2003/2004,Regular Season,46,Wolverhampton Wanderers,1,Arsenal,1,3,2025-06-24T09:45:12.217499
3749068,2004-04-25,2,Premier League,44,2003/2004,Regular Season,38,Tottenham Hotspur,1,Arsenal,2,2,2020-07-29T05:00
3749079,2003-10-18,2,Premier League,44,2003/2004,Regular Season,1,Arsenal,33,Chelsea,2,1,2020-07-29T05:00
3749108,2003-08-27,2,Premier League,44,2003/2004,Regular Season,1,Arsenal,59,Aston Villa,2,0,2023-01-28T22:32:37.443603
3749117,2004-01-07,2,Premier League,44,2003/2004,Regular Season,29,Everton,1,Arsenal,1,1,2023-02-16T02:31:12.543902
3749133,2004-01-18,2,Premier League,44,2003/2004,Regular Season,59,Aston Villa,1,Arsenal,0,2,2025-06-24T13:53:07.585114
3749153,2004-01-10,2,Premier League,44,2003/2004,Regular Season,1,Arsenal,47,Middlesbrough,4,1,2020-08-30T08:12:14.579037
3749192,2003-11-30,2,Premier League,44,2003/2004,Regular Season,1,Arsenal,55,Fulham,0,0,2020-08-30T07:13:01.092744
3749196,2003-11-08,2,Premier League,44,2003/2004,Regular Season,1,Arsenal,38,Tottenham Hotspur,2,1,2025-06-24T13:48:21.086533
3749233,2004-02-01,2,Premier League,44,2003/2004,Regular Season,1,Arsenal,36,Manchester City,2,1,2025-06-24T13:49:24.316205
3749246,2004-03-28,2,Premier League,44,2003/2004,Regular Season,1,Arsenal,39,Manchester United,1,1,2020-07-29T05:00
3749253,2003-10-04,2,Premier League,44,2003/2004,Regular Season,24,Liverpool,1,Arsenal,1,2,2020-07-29T05:00
3749257,2004-05-15,2,Premier League,44,2003/2004,Regular Season,1,Arsenal,22,Leicester City,2,1,2020-08-30T08:12:14.579037
3749274,2004-05-04,2,Premier League,44,2003/2004,Regular Season,105,Portsmouth,1,Arsenal,1,1,2023-02-18T13:47:23.881760
3749276,2004-02-21,2,Premier League,44,2003/2004,Regular Season,33,Chelsea,1,Arsenal,1,2,2023-11-14T11:19:10.837984
3749278,2003-12-20,2,Premier League,44,2003/2004,Regular Season,328,Bolton Wanderers,1,Arsenal,1,1,2024-03-08T14:49:13.195793
3749296,2003-09-13,2,Premier League,44,2003/2004,Regular Season,1,Arsenal,105,Portsmouth,1,1,2025-06-23T12:40:23.553815
3749310,2003-12-29,2,Premier League,44,2003/2004,Regular Season,25,Southampton,1,Arsenal,0,1,2022-11-24T20:48:40.072222
3749346,2003-11-01,2,Premier League,44,2003/2004,Regular Season,101,Leeds United,1,Arsenal,1,4,2020-07-29T05:00
3749358,2003-08-24,2,Premier League,44,2003/2004,Regular Season,47,Middlesbrough,1,Arsenal,0,4,2025-06-24T13:40:09.497866
3749360,2003-12-14,2,Premier League,44,2003/2004,Regular Season,1,Arsenal,98,Blackburn Rovers,1,0,2020-07-29T05:00
3749403,2004-03-20,2,Premier League,44,2003/2004,Regular Season,1,Arsenal,328,Bolton Wanderers,2,1,2023-11-14T11:20:05.522660
3749431,2004-04-11,2,Premier League,44,2003/2004,Regular Season,37,Newcastle United,1,Arsenal,0,0,2020-07-29T05:00
3749434,2003-11-22,2,Premier League,44,2003/2004,Regular Season,54,Birmingham City,1,Arsenal,0,3,2025-06-24T13:41:07.211114
3749448,2004-04-09,2,Premier League,44,2003/2004,Regular Season,1,Arsenal,24,Liverpool,4,2,2025-06-24T13:50:14.170144
3749453,2004-04-16,2,Premier League,44,2003/2004,Regular Season,1,Arsenal,101,Leeds United,5,0,2021-11-14T22:29:00.646120
3749454,2003-08-31,2,Premier League,44,2003/2004,Regular Season,36,Manchester City,1,Arsenal,1,2,2025-06-24T13:42:03.275764
3749462,2004-05-01,2,Premier League,44,2003/2004,Regular Season,1,Arsenal,54,Birmingham City,0,0,2020-07-29T05:00
3749465,2004-03-13,2,Premier League,44,2003/2004,Regular Season,98,Blackburn Rovers,1,Arsenal,0,2,2025-06-23T12:32:13.182768
3749493,2003-08-16,2,Premier League,44,2003/2004,Regular Season,1,Arsenal,29,Everton,2,1,2025-06-24T13:51:11.128121
3749522,2003-12-26,2,Premier League,44,2003/2004,Regular Season,1,Arsenal,46,Wolverhampton Wanderers,3,0,2025-06-23T12:33:24.978819
3749526,2003-10-26,2,Premier League,44,2003/2004,Regular Season,75,Charlton Athletic,1,Arsenal,1,1,2025-06-24T13:43:09.480373
3749528,2003-09-26,2,Premier League,44,2003/2004,Regular Season,1,Arsenal,37,Newcastle United,3,2,2023-11-14T11:20:59.843499
3749552,2003-09-21,2,Premier League,44,2003/2004,Regular Season,39,Manchester United,1,Arsenal,0,0,2020-07-29T05:00
3749590,2003-12-06,2,Premier League,44,2003/2004,Regular Season,22,Leicester City,1,Arsenal,1,1,2023-03-11T10:52:12.579230
3749603,2004-05-09,2,Premier League,44,2003/2004,Regular Season,55,Fulham,1,Arsenal,0,1,2025-06-24T09:42:29.802608
3749631,2004-02-10,2,Premier League,44,2003/2004,Regular Season,1,Arsenal,25,Southampton,2,0,2023-02-19T03:35:51.604001
3749642,2004-02-28,2,Premier League,44,2003/2004,Regular Season,1,Arsenal,75,Charlton Athletic,2,1,2020-07-29T05:00
3829413,2015-08-07,7,Ligue 1,27,2015/2016,Regular Season,143,Lille,131,Paris Saint-Germain,0,1,2022-12-05T14:45:49.383619
3829414,2015-08-08,7,Ligue 1,27,2015/2016,Regular Season,147,Olympique de Marseille,140,Stade Malherbe Caen,0,1,2026-04-05T16:29:16.389609
3829415,2015-08-08,7,Ligue 1,27,2015/2016,Regular Season,2736,Bastia,134,Rennes,2,1,2023-07-24T08:09:15.020114
3829416,2015-08-08,7,Ligue 1,27,2015/2016,Regular Season,136,OGC Nice,129,AS Monaco,1,2,2023-07-24T08:06:48.924184
3829417,2015-08-08,7,Ligue 1,27,2015/2016,Regular Season,133,Troyes,160,Gazélec Ajaccio,0,0,2023-08-02T08:29:19.171871
3829418,2015-08-08,7,Ligue 1,27,2015/2016,Regular Season,144,Nantes,142,Guingamp,1,0,2023-08-03T11:52:42.299524
3829419,2015-08-08,7,Ligue 1,27,2015/2016,Regular Season,139,Montpellier,145,Angers,0,2,2023-08-01T22:11:16.865156
3829420,2015-08-09,7,Ligue 1,27,2015/2016,Regular Season,146,Bordeaux,156,Stade de Reims,1,2,2023-12-12T12:15:33.369779
3829421,2015-08-09,7,Ligue 1,27,2015/2016,Regular Season,130,Toulouse,135,Saint-Étienne,2,1,2023-07-25T08:13:48.921777
3829422,2015-08-09,7,Ligue 1,27,2015/2016,Regular Season,137,Lyon,165,Lorient,0,0,2023-07-25T07:02:45.240940
3829423,2015-08-14,7,Ligue 1,27,2015/2016,Regular Season,129,AS Monaco,143,Lille,0,0,2023-12-25T13:17:51.355445
3829424,2015-08-15,7,Ligue 1,27,2015/2016,Regular Season,135,Saint-Étienne,146,Bordeaux,1,1,2023-07-27T20:51:31.585229
3829425,2015-08-15,7,Ligue 1,27,2015/2016,Regular Season,145,Angers,144,Nantes,0,0,2023-12-25T16:23:35.434050
3829426,2015-08-15,7,Ligue 1,27,2015/2016,Regular Season,142,Guingamp,137,Lyon,0,1,2023-07-25T08:16:42.304472
3829427,2015-08-15,7,Ligue 1,27,2015/2016,Regular Season,133,Troyes,136,OGC Nice,3,3,2023-08-01T16:36:38.805387
3829428,2015-08-15,7,Ligue 1,27,2015/2016,Regular Season,140,Stade Malherbe Caen,130,Toulouse,1,0,2026-04-05T16:30:22.839648
3829429,2015-08-15,7,Ligue 1,27,2015/2016,Regular Season,134,Rennes,139,Montpellier,1,0,2023-08-02T00:10:18.389502
3829430,2015-08-16,7,Ligue 1,27,2015/2016,Regular Season,156,Stade de Reims,147,Olympique de Marseille,1,0,2023-08-03T11:45:40.769690
3829431,2015-08-16,7,Ligue 1,27,2015/2016,Regular Season,165,Lorient,2736,Bastia,1,1,2023-07-25T08:18:52.757952
3829432,2015-08-16,7,Ligue 1,27,2015/2016,Regular Season,131,Paris Saint-Germain,160,Gazélec Ajaccio,2,0,2023-08-06T19:10:33.447594
3829433,2015-08-21,7,Ligue 1,27,2015/2016,Regular Season,139,Montpellier,131,Paris Saint-Germain,0,1,2023-07-25T13:27:01.493987
3829434,2015-08-22,7,Ligue 1,27,2015/2016,Regular Season,2736,Bastia,142,Guingamp,3,0,2023-08-30T11:08:44.723243
3829435,2015-08-22,7,Ligue 1,27,2015/2016,Regular Season,137,Lyon,134,Rennes,1,2,2023-08-02T00:11:09.132441
3829436,2015-08-22,7,Ligue 1,27,2015/2016,Regular Season,144,Nantes,156,Stade de Reims,1,0,2023-08-03T11:46:36.000488
3829437,2015-08-22,7,Ligue 1,27,2015/2016,Regular Season,160,Gazélec Ajaccio,145,Angers,0,2,2023-08-01T22:12:04.083272
3829438,2015-08-22,7,Ligue 1,27,2015/2016,Regular Season,136,OGC Nice,140,Stade Malherbe Caen,2,1,2023-07-19T20:11:46.137704
3829439,2015-08-22,7,Ligue 1,27,2015/2016,Regular Season,130,Toulouse,129,AS Monaco,1,1,2024-01-07T06:23:44.277971
3829440,2015-08-23,7,Ligue 1,27,2015/2016,Regular Season,165,Lorient,135,Saint-Étienne,0,1,2023-07-19T15:00:14.482284
3829441,2015-08-23,7,Ligue 1,27,2015/2016,Regular Season,147,Olympique de Marseille,133,Troyes,6,0,2026-04-05T16:31:26.120290
3829442,2015-08-23,7,Ligue 1,27,2015/2016,Regular Season,143,Lille,146,Bordeaux,0,0,2023-08-03T11:47:24.823644
3829443,2015-08-28,7,Ligue 1,27,2015/2016,Regular Season,142,Guingamp,147,Olympique de Marseille,2,0,2023-08-03T11:48:10.758119
3829444,2015-08-29,7,Ligue 1,27,2015/2016,Regular Season,140,Stade Malherbe Caen,137,Lyon,0,4,2026-04-05T16:32:25.260219
3829445,2015-08-29,7,Ligue 1,27,2015/2016,Regular Season,145,Angers,136,OGC Nice,1,1,2023-07-24T10:32:17.521050
3829446,2015-08-29,7,Ligue 1,27,2015/2016,Regular Season,133,Troyes,139,Montpellier,0,0,2023-08-03T11:49:51.186243
3829447,2015-08-29,7,Ligue 1,27,2015/2016,Regular Season,143,Lille,160,Gazélec Ajaccio,1,0,2023-08-03T11:50:40.736249
3829448,2015-08-29,7,Ligue 1,27,2015/2016,Regular Season,156,Stade de Reims,165,Lorient,4,1,2023-07-25T08:45:26.306730
3829449,2015-08-29,7,Ligue 1,27,2015/2016,Regular Season,134,Rennes,130,Toulouse,3,1,2023-07-24T10:34:03.247770
3829450,2015-08-30,7,Ligue 1,27,2015/2016,Regular Season,129,AS Monaco,131,Paris Saint-Germain,0,3,2023-08-03T11:51:44.029675
3829451,2015-08-30,7,Ligue 1,27,2015/2016,Regular Season,135,Saint-Étienne,2736,Bastia,2,1,2023-12-25T12:30:39.233558
3829452,2015-08-30,7,Ligue 1,27,2015/2016,Regular Season,146,Bordeaux,144,Nantes,2,0,2023-08-03T11:54:22.617247
3829453,2015-09-11,7,Ligue 1,27,2015/2016,Regular Season,131,Paris Saint-Germain,146,Bordeaux,2,2,2023-07-24T10:41:44.185610
3829454,2015-09-12,7,Ligue 1,27,2015/2016,Regular Season,137,Lyon,143,Lille,0,0,2023-08-03T12:02:04.151038
3829455,2015-09-12,7,Ligue 1,27,2015/2016,Regular Season,133,Troyes,140,Stade Malherbe Caen,1,3,2023-07-26T22:49:09.206037
3829456,2015-09-12,7,Ligue 1,27,2015/2016,Regular Season,165,Lorient,145,Angers,3,1,2023-07-26T13:14:59.264724
3829457,2015-09-12,7,Ligue 1,27,2015/2016,Regular Season,139,Montpellier,135,Saint-Étienne,1,2,2023-07-24T10:43:34.215347
3829458,2015-09-12,7,Ligue 1,27,2015/2016,Regular Season,130,Toulouse,156,Stade de Reims,2,2,2023-08-05T14:51:30.846630
3829459,2015-09-12,7,Ligue 1,27,2015/2016,Regular Season,136,OGC Nice,142,Guingamp,0,1,2023-08-03T12:35:39.267666
3829460,2015-09-13,7,Ligue 1,27,2015/2016,Regular Season,144,Nantes,134,Rennes,0,2,2023-08-03T11:55:14.331702
3829461,2015-09-13,7,Ligue 1,27,2015/2016,Regular Season,147,Olympique de Marseille,2736,Bastia,4,1,2026-04-05T16:33:25.731153
3829462,2015-09-13,7,Ligue 1,27,2015/2016,Regular Season,160,Gazélec Ajaccio,129,AS Monaco,0,1,2023-12-25T20:54:54.102804
3829463,2015-09-18,7,Ligue 1,27,2015/2016,Regular Season,134,Rennes,143,Lille,1,1,2023-07-25T08:13:13.474196
3829464,2015-09-19,7,Ligue 1,27,2015/2016,Regular Season,2736,Bastia,136,OGC Nice,1,3,2023-07-25T10:21:43.335238
3829465,2015-09-19,7,Ligue 1,27,2015/2016,Regular Season,156,Stade de Reims,131,Paris Saint-Germain,1,1,2023-07-19T17:40:13.889315
3829466,2015-09-19,7,Ligue 1,27,2015/2016,Regular Season,145,Angers,133,Troyes,1,0,2023-07-19T16:21:19.872066
3829467,2015-09-19,7,Ligue 1,27,2015/2016,Regular Season,140,Stade Malherbe Caen,139,Montpellier,2,1,2026-04-05T16:36:48.277319
3829468,2015-09-19,7,Ligue 1,27,2015/2016,Regular Season,142,Guingamp,160,Gazélec Ajaccio,2,1,2023-07-25T08:14:12.139398
3829469,2015-09-20,7,Ligue 1,27,2015/2016,Regular Season,129,AS Monaco,165,Lorient,2,3,2023-07-25T08:18:22.312523
3829470,2015-09-20,7,Ligue 1,27,2015/2016,Regular Season,135,Saint-Étienne,144,Nantes,2,0,2023-08-03T12:36:31.634292
3829471,2015-09-20,7,Ligue 1,27,2015/2016,Regular Season,146,Bordeaux,130,Toulouse,1,1,2023-07-25T08:20:36.816840
3829472,2015-09-20,7,Ligue 1,27,2015/2016,Regular Season,147,Olympique de Marseille,137,Lyon,1,1,2026-04-05T16:35:30.672080
3829473,2015-09-22,7,Ligue 1,27,2015/2016,Regular Season,131,Paris Saint-Germain,142,Guingamp,3,0,2023-08-03T11:56:56.790419
3829474,2015-09-22,7,Ligue 1,27,2015/2016,Regular Season,145,Angers,156,Stade de Reims,0,0,2023-08-03T11:57:53.635119
3829475,2015-09-23,7,Ligue 1,27,2015/2016,Regular Season,136,OGC Nice,146,Bordeaux,6,1,2023-07-24T05:53:47.945508
3829476,2015-09-23,7,Ligue 1,27,2015/2016,Regular Season,137,Lyon,2736,Bastia,2,0,2023-08-06T14:35:54.790427
3829477,2015-09-23,7,Ligue 1,27,2015/2016,Regular Season,130,Toulouse,147,Olympique de Marseille,1,1,2023-07-24T08:05:46.301378
3829478,2015-09-23,7,Ligue 1,27,2015/2016,Regular Season,160,Gazélec Ajaccio,134,Rennes,1,1,2023-07-25T08:20:37.125420
3829479,2015-09-23,7,Ligue 1,27,2015/2016,Regular Season,165,Lorient,140,Stade Malherbe Caen,2,0,2023-07-25T08:21:52.590140
3829480,2015-09-23,7,Ligue 1,27,2015/2016,Regular Season,133,Troyes,135,Saint-Étienne,0,1,2024-12-16T08:48:23.066123
3829481,2015-09-24,7,Ligue 1,27,2015/2016,Regular Season,139,Montpellier,129,AS Monaco,2,3,2023-07-24T05:56:15.826726
3829482,2015-09-25,7,Ligue 1,27,2015/2016,Regular Season,156,Stade de Reims,143,Lille,1,0,2023-08-03T11:59:32.224689
3829483,2015-09-26,7,Ligue 1,27,2015/2016,Regular Season,144,Nantes,131,Paris Saint-Germain,1,4,2023-12-12T07:37:36.348025
3829484,2015-09-26,7,Ligue 1,27,2015/2016,Regular Season,146,Bordeaux,137,Lyon,3,1,2023-07-19T20:13:39.345715
3829485,2015-09-26,7,Ligue 1,27,2015/2016,Regular Season,134,Rennes,133,Troyes,1,1,2023-08-19T19:48:47.417496
3829486,2015-09-26,7,Ligue 1,27,2015/2016,Regular Season,2736,Bastia,130,Toulouse,3,0,2023-12-12T14:43:44.455119
3829487,2015-09-26,7,Ligue 1,27,2015/2016,Regular Season,140,Stade Malherbe Caen,160,Gazélec Ajaccio,2,0,2026-04-05T16:36:30.793628
3829488,2015-09-27,7,Ligue 1,27,2015/2016,Regular Season,142,Guingamp,129,AS Monaco,3,3,2023-07-24T06:02:04.608414
3829489,2015-09-27,7,Ligue 1,27,2015/2016,Regular Season,139,Montpellier,165,Lorient,2,1,2023-12-12T15:24:17.791156
3829490,2015-09-27,7,Ligue 1,27,2015/2016,Regular Season,135,Saint-Étienne,136,OGC Nice,1,4,2023-07-28T14:44:57.529527
3829491,2015-09-27,7,Ligue 1,27,2015/2016,Regular Season,147,Olympique de Marseille,145,Angers,1,2,2026-04-05T16:37:32.100892
3829492,2015-09-29,7,Ligue 1,27,2015/2016,Regular Season,143,Lille,144,Nantes,0,1,2023-08-10T18:24:09.939686
3829493,2015-10-02,7,Ligue 1,27,2015/2016,Regular Season,143,Lille,139,Montpellier,2,0,2023-07-25T08:15:18.565439
3829494,2015-10-03,7,Ligue 1,27,2015/2016,Regular Season,160,Gazélec Ajaccio,130,Toulouse,2,2,2023-07-25T08:17:38.872233
3829495,2015-10-03,7,Ligue 1,27,2015/2016,Regular Season,137,Lyon,156,Stade de Reims,1,0,2023-07-25T08:21:33.601665
3829496,2015-10-03,7,Ligue 1,27,2015/2016,Regular Season,145,Angers,2736,Bastia,1,0,2023-07-25T08:18:40.920664
3829497,2015-10-03,7,Ligue 1,27,2015/2016,Regular Season,133,Troyes,142,Guingamp,0,1,2023-07-25T08:19:45.244768
3829498,2015-10-04,7,Ligue 1,27,2015/2016,Regular Season,165,Lorient,146,Bordeaux,3,2,2023-08-02T00:12:05.181964
3829499,2015-10-04,7,Ligue 1,27,2015/2016,Regular Season,140,Stade Malherbe Caen,135,Saint-Étienne,1,0,2026-04-05T16:31:27.996058
3829500,2015-10-04,7,Ligue 1,27,2015/2016,Regular Season,131,Paris Saint-Germain,147,Olympique de Marseille,2,1,2023-07-24T06:02:54.810227
3829501,2015-10-04,7,Ligue 1,27,2015/2016,Regular Season,129,AS Monaco,134,Rennes,1,1,2023-07-25T08:20:50.789318
3829502,2015-10-16,7,Ligue 1,27,2015/2016,Regular Season,129,AS Monaco,137,Lyon,1,1,2023-07-28T14:46:01.980390
3829503,2015-10-17,7,Ligue 1,27,2015/2016,Regular Season,144,Nantes,133,Troyes,3,0,2023-11-07T21:25:01.283296
3829504,2015-10-17,7,Ligue 1,27,2015/2016,Regular Season,2736,Bastia,131,Paris Saint-Germain,0,2,2023-07-25T08:22:01.763616
3829505,2015-10-17,7,Ligue 1,27,2015/2016,Regular Season,135,Saint-Étienne,160,Gazélec Ajaccio,2,0,2023-07-25T08:24:14.968780
3829506,2015-10-17,7,Ligue 1,27,2015/2016,Regular Season,142,Guingamp,143,Lille,1,1,2023-07-28T22:52:30.434459
3829507,2015-10-17,7,Ligue 1,27,2015/2016,Regular Season,130,Toulouse,145,Angers,1,2,2023-07-24T06:04:45.633218
3829508,2015-10-17,7,Ligue 1,27,2015/2016,Regular Season,156,Stade de Reims,140,Stade Malherbe Caen,0,1,2023-07-25T08:23:00.122514
3829509,2015-10-18,7,Ligue 1,27,2015/2016,Regular Season,147,Olympique de Marseille,165,Lorient,1,1,2026-04-05T16:32:30.683499
3829510,2015-10-18,7,Ligue 1,27,2015/2016,Regular Season,134,Rennes,136,OGC Nice,1,4,2023-10-29T02:54:30.085913
3829511,2015-10-18,7,Ligue 1,27,2015/2016,Regular Season,146,Bordeaux,139,Montpellier,0,0,2023-08-05T18:38:01.792824
3829512,2015-10-23,7,Ligue 1,27,2015/2016,Regular Season,137,Lyon,130,Toulouse,3,0,2023-08-06T13:32:12.926456
3829513,2015-10-23,7,Ligue 1,27,2015/2016,Regular Season,140,Stade Malherbe Caen,144,Nantes,0,2,2026-04-05T16:33:34.858485
3829514,2015-10-24,7,Ligue 1,27,2015/2016,Regular Season,145,Angers,142,Guingamp,0,0,2023-12-13T00:27:57.162379
3829515,2015-10-24,7,Ligue 1,27,2015/2016,Regular Season,139,Montpellier,2736,Bastia,2,0,2023-07-17T09:25:43.450630
3829516,2015-10-24,7,Ligue 1,27,2015/2016,Regular Season,165,Lorient,134,Rennes,1,1,2023-08-01T15:33:44.960904
3829517,2015-10-24,7,Ligue 1,27,2015/2016,Regular Season,160,Gazélec Ajaccio,136,OGC Nice,3,1,2023-07-25T08:18:46.999790
3829518,2015-10-25,7,Ligue 1,27,2015/2016,Regular Season,143,Lille,147,Olympique de Marseille,1,2,2023-07-25T08:22:02.403851
3829519,2015-10-25,7,Ligue 1,27,2015/2016,Regular Season,131,Paris Saint-Germain,135,Saint-Étienne,4,1,2023-07-25T08:20:03.939502
3829520,2015-10-25,7,Ligue 1,27,2015/2016,Regular Season,156,Stade de Reims,129,AS Monaco,0,1,2023-07-29T15:28:34.357006
3829521,2015-10-25,7,Ligue 1,27,2015/2016,Regular Season,146,Bordeaux,133,Troyes,1,0,2023-07-25T08:21:10.475631
3829522,2015-11-04,7,Ligue 1,27,2015/2016,Regular Season,136,OGC Nice,144,Nantes,1,2,2023-08-22T17:30:25.783594
3900490,2015-10-30,7,Ligue 1,27,2015/2016,Regular Season,134,Rennes,131,Paris Saint-Germain,0,1,2023-07-25T14:31:17.420431
3900491,2015-10-31,7,Ligue 1,27,2015/2016,Regular Season,135,Saint-Étienne,156,Stade de Reims,3,0,2023-07-31T04:09:53.048398
3900492,2015-10-31,7,Ligue 1,27,2015/2016,Regular Season,142,Guingamp,165,Lorient,2,2,2023-07-26T18:39:42.460218
3900493,2015-10-31,7,Ligue 1,27,2015/2016,Regular Season,133,Troyes,137,Lyon,0,1,2023-07-28T14:47:02.746185
3900494,2015-10-31,7,Ligue 1,27,2015/2016,Regular Season,160,Gazélec Ajaccio,146,Bordeaux,2,0,2023-07-26T21:44:53.267338
3900495,2015-10-31,7,Ligue 1,27,2015/2016,Regular Season,2736,Bastia,140,Stade Malherbe Caen,1,0,2026-04-08T01:21:16.520370
3900496,2015-10-31,7,Ligue 1,27,2015/2016,Regular Season,130,Toulouse,139,Montpellier,1,1,2023-07-27T02:51:07.149294
3900497,2015-11-01,7,Ligue 1,27,2015/2016,Regular Season,136,OGC Nice,143,Lille,0,0,2023-07-26T16:57:24.236890
3900498,2015-11-01,7,Ligue 1,27,2015/2016,Regular Season,129,AS Monaco,145,Angers,1,0,2023-07-30T07:43:58.510941
3900499,2015-11-01,7,Ligue 1,27,2015/2016,Regular Season,144,Nantes,147,Olympique de Marseille,0,1,2026-04-08T01:22:23.037435
3900500,2015-11-06,7,Ligue 1,27,2015/2016,Regular Season,145,Angers,134,Rennes,0,2,2023-07-30T10:58:12.927908
3900501,2015-11-07,7,Ligue 1,27,2015/2016,Regular Season,131,Paris Saint-Germain,130,Toulouse,5,0,2023-07-26T21:02:59.673150
3900502,2015-11-07,7,Ligue 1,27,2015/2016,Regular Season,165,Lorient,133,Troyes,4,1,2023-07-26T00:01:32.090182
3900503,2015-11-07,7,Ligue 1,27,2015/2016,Regular Season,143,Lille,2736,Bastia,1,1,2023-07-27T00:17:42.958233
3900504,2015-11-07,7,Ligue 1,27,2015/2016,Regular Season,139,Montpellier,144,Nantes,2,1,2024-08-23T10:33:24.046230
3900505,2015-11-07,7,Ligue 1,27,2015/2016,Regular Season,140,Stade Malherbe Caen,142,Guingamp,2,1,2026-04-05T16:37:33.555194
3900506,2015-11-07,7,Ligue 1,27,2015/2016,Regular Season,156,Stade de Reims,160,Gazélec Ajaccio,1,2,2023-07-27T12:00:54.625044
3900507,2015-11-08,7,Ligue 1,27,2015/2016,Regular Season,147,Olympique de Marseille,136,OGC Nice,0,1,2026-04-05T16:35:44.890789
3900508,2015-11-08,7,Ligue 1,27,2015/2016,Regular Season,146,Bordeaux,129,AS Monaco,3,1,2023-07-26T22:29:34.257917
3900509,2015-11-08,7,Ligue 1,27,2015/2016,Regular Season,137,Lyon,135,Saint-Étienne,3,0,2023-08-06T04:16:11.688450
3900510,2015-11-20,7,Ligue 1,27,2015/2016,Regular Season,136,OGC Nice,137,Lyon,3,0,2023-07-31T12:54:53.358895
3900511,2015-11-21,7,Ligue 1,27,2015/2016,Regular Season,165,Lorient,131,Paris Saint-Germain,1,2,2023-07-30T02:49:25.783921
3900512,2015-11-21,7,Ligue 1,27,2015/2016,Regular Season,139,Montpellier,156,Stade de Reims,3,1,2023-07-27T18:26:55.383129
3900513,2015-11-21,7,Ligue 1,27,2015/2016,Regular Season,133,Troyes,143,Lille,1,1,2023-08-02T00:30:12.864805
3900514,2015-11-21,7,Ligue 1,27,2015/2016,Regular Season,142,Guingamp,130,Toulouse,2,0,2023-07-27T02:52:47.754822
3900515,2015-11-21,7,Ligue 1,27,2015/2016,Regular Season,129,AS Monaco,144,Nantes,1,0,2023-07-27T02:53:42.335829
3900516,2015-11-22,7,Ligue 1,27,2015/2016,Regular Season,135,Saint-Étienne,147,Olympique de Marseille,0,2,2026-04-08T01:18:21.030128
3900518,2015-11-22,7,Ligue 1,27,2015/2016,Regular Season,140,Stade Malherbe Caen,145,Angers,0,0,2026-04-05T16:36:56.015824
3900519,2015-11-22,7,Ligue 1,27,2015/2016,Regular Season,134,Rennes,146,Bordeaux,2,2,2023-07-27T12:04:29.395428
3900520,2015-11-27,7,Ligue 1,27,2015/2016,Regular Season,137,Lyon,139,Montpellier,2,4,2023-07-25T08:23:14.982687
3900521,2015-11-28,7,Ligue 1,27,2015/2016,Regular Season,131,Paris Saint-Germain,133,Troyes,4,1,2023-07-30T18:00:16.908174
3900522,2015-11-28,7,Ligue 1,27,2015/2016,Regular Season,130,Toulouse,136,OGC Nice,2,0,2023-07-27T15:40:52.471314
3900523,2015-11-28,7,Ligue 1,27,2015/2016,Regular Season,156,Stade de Reims,134,Rennes,2,2,2023-07-26T23:12:35.627444
3900524,2015-11-28,7,Ligue 1,27,2015/2016,Regular Season,160,Gazélec Ajaccio,165,Lorient,1,1,2023-08-04T22:31:14.475677
3900525,2015-11-28,7,Ligue 1,27,2015/2016,Regular Season,144,Nantes,2736,Bastia,0,0,2023-07-27T12:43:24.752711
3900526,2015-11-28,7,Ligue 1,27,2015/2016,Regular Season,145,Angers,143,Lille,2,0,2023-07-27T15:16:03.533031
3900527,2015-11-29,7,Ligue 1,27,2015/2016,Regular Season,147,Olympique de Marseille,129,AS Monaco,3,3,2026-04-05T16:37:56.807877
3900528,2015-11-29,7,Ligue 1,27,2015/2016,Regular Season,146,Bordeaux,140,Stade Malherbe Caen,1,4,2026-05-12T16:41:27.825231
3900529,2015-11-29,7,Ligue 1,27,2015/2016,Regular Season,135,Saint-Étienne,142,Guingamp,3,0,2023-07-29T11:36:12.707255
3900530,2015-12-01,7,Ligue 1,27,2015/2016,Regular Season,144,Nantes,137,Lyon,0,0,2023-07-27T18:48:57.579029
3900531,2015-12-01,7,Ligue 1,27,2015/2016,Regular Season,165,Lorient,136,OGC Nice,0,0,2023-07-29T17:05:34.626894
3900532,2015-12-01,7,Ligue 1,27,2015/2016,Regular Season,145,Angers,131,Paris Saint-Germain,0,0,2023-07-29T16:26:37.424624
3900533,2015-12-02,7,Ligue 1,27,2015/2016,Regular Season,129,AS Monaco,140,Stade Malherbe Caen,1,1,2026-04-08T01:20:08.033522
3900534,2015-12-02,7,Ligue 1,27,2015/2016,Regular Season,2736,Bastia,146,Bordeaux,1,0,2023-07-26T13:15:52.939183
3900535,2015-12-02,7,Ligue 1,27,2015/2016,Regular Season,143,Lille,135,Saint-Étienne,1,0,2024-08-23T12:11:03.907505
3900536,2015-12-02,7,Ligue 1,27,2015/2016,Regular Season,139,Montpellier,160,Gazélec Ajaccio,0,2,2023-08-06T03:33:28.751198
3900537,2015-12-02,7,Ligue 1,27,2015/2016,Regular Season,133,Troyes,130,Toulouse,0,3,2023-07-26T12:49:56.021789
3900538,2015-12-02,7,Ligue 1,27,2015/2016,Regular Season,142,Guingamp,156,Stade de Reims,1,2,2023-07-28T23:18:08.449668
3900539,2015-12-03,7,Ligue 1,27,2015/2016,Regular Season,134,Rennes,147,Olympique de Marseille,0,1,2026-04-08T01:21:04.453823
3900540,2015-12-04,7,Ligue 1,27,2015/2016,Regular Season,136,OGC Nice,131,Paris Saint-Germain,0,3,2023-07-26T23:32:14.928458
3900541,2015-12-05,7,Ligue 1,27,2015/2016,Regular Season,2736,Bastia,129,AS Monaco,1,2,2023-07-28T14:48:01.199682
3900542,2015-12-05,7,Ligue 1,27,2015/2016,Regular Season,140,Stade Malherbe Caen,143,Lille,1,2,2026-04-05T16:38:59.169403
3900543,2015-12-05,7,Ligue 1,27,2015/2016,Regular Season,156,Stade de Reims,133,Troyes,1,1,2023-07-27T20:54:04.639433
3900544,2015-12-05,7,Ligue 1,27,2015/2016,Regular Season,130,Toulouse,165,Lorient,2,3,2023-07-27T20:55:04.398506
3900545,2015-12-05,7,Ligue 1,27,2015/2016,Regular Season,137,Lyon,145,Angers,0,2,2023-07-28T09:58:54.996987
3900546,2015-12-05,7,Ligue 1,27,2015/2016,Regular Season,160,Gazélec Ajaccio,144,Nantes,1,1,2023-07-27T20:53:10.512170
3900547,2015-12-06,7,Ligue 1,27,2015/2016,Regular Season,147,Olympique de Marseille,139,Montpellier,2,2,2026-04-05T16:40:00.625204
3900548,2015-12-06,7,Ligue 1,27,2015/2016,Regular Season,146,Bordeaux,142,Guingamp,1,0,2023-07-27T22:11:51.720950
3900549,2015-12-06,7,Ligue 1,27,2015/2016,Regular Season,135,Saint-Étienne,134,Rennes,1,1,2023-07-28T05:28:47.399702
3900550,2015-12-11,7,Ligue 1,27,2015/2016,Regular Season,134,Rennes,140,Stade Malherbe Caen,1,1,2026-04-08T01:21:58.472907
3900551,2015-12-12,7,Ligue 1,27,2015/2016,Regular Season,143,Lille,165,Lorient,3,0,2023-07-27T20:55:58.334271
3900552,2015-12-12,7,Ligue 1,27,2015/2016,Regular Season,139,Montpellier,142,Guingamp,2,1,2023-07-26T17:17:28.728958
3900553,2015-12-12,7,Ligue 1,27,2015/2016,Regular Season,156,Stade de Reims,136,OGC Nice,1,1,2023-07-27T15:16:56.789315
3900554,2015-12-12,7,Ligue 1,27,2015/2016,Regular Season,133,Troyes,2736,Bastia,1,1,2023-07-29T09:59:38.676342
3900555,2015-12-12,7,Ligue 1,27,2015/2016,Regular Season,144,Nantes,130,Toulouse,1,1,2023-07-26T23:53:54.285991
3900556,2015-12-13,7,Ligue 1,27,2015/2016,Regular Season,145,Angers,146,Bordeaux,1,1,2023-08-31T19:38:46.331149
3900557,2015-12-13,7,Ligue 1,27,2015/2016,Regular Season,131,Paris Saint-Germain,137,Lyon,5,1,2023-07-29T00:51:04.020712
3900558,2015-12-13,7,Ligue 1,27,2015/2016,Regular Season,129,AS Monaco,135,Saint-Étienne,1,0,2023-07-31T21:29:08.284668
3900559,2015-12-13,7,Ligue 1,27,2015/2016,Regular Season,147,Olympique de Marseille,160,Gazélec Ajaccio,1,1,2026-04-05T16:41:06.884298
3900560,2015-12-18,7,Ligue 1,27,2015/2016,Regular Season,136,OGC Nice,139,Montpellier,1,0,2023-07-28T02:17:47.867246
3900561,2015-12-19,7,Ligue 1,27,2015/2016,Regular Season,130,Toulouse,143,Lille,1,1,2023-08-03T00:24:07.771710
3900562,2015-12-19,7,Ligue 1,27,2015/2016,Regular Season,140,Stade Malherbe Caen,131,Paris Saint-Germain,0,3,2026-04-05T16:33:07.829695
3900563,2015-12-19,7,Ligue 1,27,2015/2016,Regular Season,142,Guingamp,134,Rennes,0,2,2023-07-26T15:27:16.572673
3900564,2015-12-19,7,Ligue 1,27,2015/2016,Regular Season,133,Troyes,129,AS Monaco,0,0,2023-08-02T23:18:16.418844
3900565,2015-12-19,7,Ligue 1,27,2015/2016,Regular Season,165,Lorient,144,Nantes,0,0,2023-07-30T01:32:43.616925
3900566,2015-12-19,7,Ligue 1,27,2015/2016,Regular Season,2736,Bastia,156,Stade de Reims,2,0,2023-07-27T12:06:15.629780
3900567,2015-12-20,7,Ligue 1,27,2015/2016,Regular Season,146,Bordeaux,147,Olympique de Marseille,1,1,2026-04-08T01:22:54.390200
3900568,2015-12-20,7,Ligue 1,27,2015/2016,Regular Season,160,Gazélec Ajaccio,137,Lyon,2,1,2023-07-25T18:43:58.820994
3900569,2015-12-20,7,Ligue 1,27,2015/2016,Regular Season,135,Saint-Étienne,145,Angers,1,0,2023-08-11T23:41:07.426922
3900570,2016-01-08,7,Ligue 1,27,2015/2016,Regular Season,131,Paris Saint-Germain,2736,Bastia,2,0,2023-07-26T15:52:55.940833
3900571,2016-01-09,7,Ligue 1,27,2015/2016,Regular Season,134,Rennes,165,Lorient,2,2,2023-07-28T14:49:00.823139
3900572,2016-01-09,7,Ligue 1,27,2015/2016,Regular Season,129,AS Monaco,160,Gazélec Ajaccio,2,2,2023-07-30T00:05:06.011092
3900573,2016-01-09,7,Ligue 1,27,2015/2016,Regular Season,145,Angers,140,Stade Malherbe Caen,2,0,2026-04-08T01:23:48.678320
3900574,2016-01-09,7,Ligue 1,27,2015/2016,Regular Season,137,Lyon,133,Troyes,4,1,2023-07-26T18:00:22.058578
3900575,2016-01-09,7,Ligue 1,27,2015/2016,Regular Season,156,Stade de Reims,130,Toulouse,1,3,2023-08-01T15:34:41.302024
3900576,2016-01-09,7,Ligue 1,27,2015/2016,Regular Season,139,Montpellier,146,Bordeaux,0,1,2023-07-31T02:51:13.160641
3900577,2016-01-10,7,Ligue 1,27,2015/2016,Regular Season,147,Olympique de Marseille,142,Guingamp,0,0,2026-05-12T16:42:32.321397
3900578,2016-01-10,7,Ligue 1,27,2015/2016,Regular Season,143,Lille,136,OGC Nice,1,1,2023-12-25T20:55:46.003646
3900579,2016-01-10,7,Ligue 1,27,2015/2016,Regular Season,144,Nantes,135,Saint-Étienne,2,1,2023-08-01T15:35:30.215819
3900580,2016-01-15,7,Ligue 1,27,2015/2016,Regular Season,136,OGC Nice,145,Angers,2,1,2023-07-27T20:57:48.448833
3900581,2016-01-16,7,Ligue 1,27,2015/2016,Regular Season,146,Bordeaux,143,Lille,1,0,2023-07-27T20:58:46.937967
3900582,2016-01-16,7,Ligue 1,27,2015/2016,Regular Season,160,Gazélec Ajaccio,156,Stade de Reims,2,2,2023-07-31T07:13:05.190716
3900583,2016-01-16,7,Ligue 1,27,2015/2016,Regular Season,133,Troyes,134,Rennes,2,4,2023-07-29T19:07:34.946968
3900584,2016-01-16,7,Ligue 1,27,2015/2016,Regular Season,2736,Bastia,139,Montpellier,1,0,2023-07-31T12:56:37.388764
3900585,2016-01-16,7,Ligue 1,27,2015/2016,Regular Season,130,Toulouse,131,Paris Saint-Germain,0,1,2023-07-27T15:17:52.869021
3900586,2016-01-16,7,Ligue 1,27,2015/2016,Regular Season,142,Guingamp,144,Nantes,2,2,2023-07-30T10:18:53.961648
3900587,2016-01-17,7,Ligue 1,27,2015/2016,Regular Season,135,Saint-Étienne,137,Lyon,1,0,2023-07-30T11:52:01.426143
3900588,2016-01-17,7,Ligue 1,27,2015/2016,Regular Season,165,Lorient,129,AS Monaco,0,2,2023-07-29T22:33:46.939915
3900589,2016-01-17,7,Ligue 1,27,2015/2016,Regular Season,140,Stade Malherbe Caen,147,Olympique de Marseille,1,3,2026-04-08T01:24:42.085939
3900590,2016-01-22,7,Ligue 1,27,2015/2016,Regular Season,134,Rennes,160,Gazélec Ajaccio,1,0,2023-08-27T05:56:14.281589
3900591,2016-01-23,7,Ligue 1,27,2015/2016,Regular Season,131,Paris Saint-Germain,145,Angers,5,1,2023-07-30T19:58:13.531731
3900592,2016-01-23,7,Ligue 1,27,2015/2016,Regular Season,139,Montpellier,140,Stade Malherbe Caen,1,2,2026-04-08T01:25:38.737529
3900593,2016-01-23,7,Ligue 1,27,2015/2016,Regular Season,143,Lille,133,Troyes,1,3,2023-07-29T07:23:46.065843
3900594,2016-01-23,7,Ligue 1,27,2015/2016,Regular Season,144,Nantes,146,Bordeaux,2,2,2023-12-12T13:21:21.491985
3900595,2016-01-23,7,Ligue 1,27,2015/2016,Regular Season,136,OGC Nice,165,Lorient,2,1,2023-07-31T14:19:39.131803
3900596,2016-01-23,7,Ligue 1,27,2015/2016,Regular Season,142,Guingamp,2736,Bastia,1,0,2023-07-30T10:59:03.889288
3900597,2016-01-24,7,Ligue 1,27,2015/2016,Regular Season,137,Lyon,147,Olympique de Marseille,1,1,2026-04-08T01:26:33.071597
3900598,2016-01-24,7,Ligue 1,27,2015/2016,Regular Season,129,AS Monaco,130,Toulouse,4,0,2023-08-06T00:59:03.945945
3900599,2016-01-24,7,Ligue 1,27,2015/2016,Regular Season,156,Stade de Reims,135,Saint-Étienne,1,1,2023-07-31T02:10:49.506983
3900600,2016-01-29,7,Ligue 1,27,2015/2016,Regular Season,147,Olympique de Marseille,143,Lille,1,1,2026-04-05T16:36:26.451160
3900601,2016-01-30,7,Ligue 1,27,2015/2016,Regular Season,160,Gazélec Ajaccio,139,Montpellier,0,4,2023-07-27T12:08:55.885554
3900602,2016-01-30,7,Ligue 1,27,2015/2016,Regular Season,165,Lorient,156,Stade de Reims,2,0,2023-08-06T11:02:52.709442
3900603,2016-01-30,7,Ligue 1,27,2015/2016,Regular Season,130,Toulouse,142,Guingamp,1,2,2023-07-25T16:47:18.061154
3900604,2016-01-30,7,Ligue 1,27,2015/2016,Regular Season,145,Angers,129,AS Monaco,3,0,2023-07-30T09:21:06.088065
3900605,2016-01-30,7,Ligue 1,27,2015/2016,Regular Season,2736,Bastia,137,Lyon,1,0,2023-08-29T13:48:34.288266
3900606,2016-01-30,7,Ligue 1,27,2015/2016,Regular Season,133,Troyes,144,Nantes,0,1,2023-07-26T00:02:24.175093
3900608,2016-01-31,7,Ligue 1,27,2015/2016,Regular Season,140,Stade Malherbe Caen,136,OGC Nice,2,0,2026-04-05T16:37:35.127386
3900609,2016-01-31,7,Ligue 1,27,2015/2016,Regular Season,146,Bordeaux,134,Rennes,4,0,2023-07-27T13:08:53.809863
3900610,2016-02-02,7,Ligue 1,27,2015/2016,Regular Season,139,Montpellier,147,Olympique de Marseille,0,1,2026-04-08T01:18:32.726179
3900611,2016-02-02,7,Ligue 1,27,2015/2016,Regular Season,129,AS Monaco,2736,Bastia,2,0,2023-07-25T23:19:10.260076
3900612,2016-02-03,7,Ligue 1,27,2015/2016,Regular Season,142,Guingamp,133,Troyes,4,0,2023-07-26T15:53:48.921919
3900613,2016-02-03,7,Ligue 1,27,2015/2016,Regular Season,136,OGC Nice,130,Toulouse,1,0,2023-07-26T16:58:26.286057
3900614,2016-02-03,7,Ligue 1,27,2015/2016,Regular Season,143,Lille,140,Stade Malherbe Caen,1,0,2026-04-08T01:19:28.827443
3900615,2016-02-03,7,Ligue 1,27,2015/2016,Regular Season,144,Nantes,160,Gazélec Ajaccio,3,1,2023-07-25T16:48:07.635458
3900616,2016-02-03,7,Ligue 1,27,2015/2016,Regular Season,137,Lyon,146,Bordeaux,3,0,2023-07-25T16:49:15.299082
3900617,2016-02-03,7,Ligue 1,27,2015/2016,Regular Season,156,Stade de Reims,145,Angers,2,1,2023-07-26T11:21:09.410273
3900618,2016-02-03,7,Ligue 1,27,2015/2016,Regular Season,131,Paris Saint-Germain,165,Lorient,3,1,2023-07-29T17:26:39.809561
3900619,2016-02-04,7,Ligue 1,27,2015/2016,Regular Season,134,Rennes,135,Saint-Étienne,0,1,2023-07-25T13:04:38.560324
3900620,2016-02-06,7,Ligue 1,27,2015/2016,Regular Season,140,Stade Malherbe Caen,156,Stade de Reims,0,2,2026-04-05T16:38:35.891165
3900621,2016-02-06,7,Ligue 1,27,2015/2016,Regular Season,130,Toulouse,144,Nantes,0,0,2023-07-28T23:18:59.681358
3900622,2016-02-06,7,Ligue 1,27,2015/2016,Regular Season,2736,Bastia,133,Troyes,2,0,2023-07-26T18:04:15.588659
3900623,2016-02-06,7,Ligue 1,27,2015/2016,Regular Season,165,Lorient,139,Montpellier,1,1,2023-07-30T23:33:41.932971
3900624,2016-02-06,7,Ligue 1,27,2015/2016,Regular Season,145,Angers,137,Lyon,0,3,2023-08-06T08:33:59.636401
3900625,2016-02-06,7,Ligue 1,27,2015/2016,Regular Season,129,AS Monaco,136,OGC Nice,1,0,2023-07-27T14:55:58.047559
3900626,2016-02-06,7,Ligue 1,27,2015/2016,Regular Season,160,Gazélec Ajaccio,142,Guingamp,0,0,2023-07-26T08:49:49.505681
3900627,2016-02-07,7,Ligue 1,27,2015/2016,Regular Season,146,Bordeaux,135,Saint-Étienne,1,4,2023-08-01T12:04:08.217210
3900628,2016-02-07,7,Ligue 1,27,2015/2016,Regular Season,143,Lille,134,Rennes,1,1,2023-07-30T18:19:32.944484
3900629,2016-02-07,7,Ligue 1,27,2015/2016,Regular Season,147,Olympique de Marseille,131,Paris Saint-Germain,1,2,2026-04-05T16:39:48.843244
3900630,2016-02-12,7,Ligue 1,27,2015/2016,Regular Season,134,Rennes,145,Angers,1,0,2023-12-12T17:26:04.303249
3900631,2016-02-13,7,Ligue 1,27,2015/2016,Regular Season,139,Montpellier,130,Toulouse,2,0,2023-08-06T19:12:27.787243
3900632,2016-02-13,7,Ligue 1,27,2015/2016,Regular Season,142,Guingamp,146,Bordeaux,2,4,2023-07-28T02:58:24.164367
3900633,2016-02-13,7,Ligue 1,27,2015/2016,Regular Season,160,Gazélec Ajaccio,133,Troyes,2,3,2023-07-30T01:15:17.846658
3900634,2016-02-13,7,Ligue 1,27,2015/2016,Regular Season,131,Paris Saint-Germain,143,Lille,0,0,2023-08-06T10:22:49.300476
3900635,2016-02-13,7,Ligue 1,27,2015/2016,Regular Season,156,Stade de Reims,2736,Bastia,0,1,2023-08-05T14:27:49.939477
3900636,2016-02-13,7,Ligue 1,27,2015/2016,Regular Season,144,Nantes,165,Lorient,2,1,2023-07-28T14:50:51.373977
3900637,2016-02-14,7,Ligue 1,27,2015/2016,Regular Season,136,OGC Nice,147,Olympique de Marseille,1,1,2023-08-12T23:29:41.281941
3900638,2016-02-14,7,Ligue 1,27,2015/2016,Regular Season,137,Lyon,140,Stade Malherbe Caen,4,1,2026-04-08T01:20:22.845305
3900639,2016-02-14,7,Ligue 1,27,2015/2016,Regular Season,135,Saint-Étienne,129,AS Monaco,1,1,2023-07-27T07:34:03.951605
3901144,2016-02-19,7,Ligue 1,27,2015/2016,Regular Season,146,Bordeaux,136,OGC Nice,0,0,2023-08-05T14:04:14.101628
3901145,2016-02-20,7,Ligue 1,27,2015/2016,Regular Season,145,Angers,139,Montpellier,2,3,2023-08-05T16:52:35.902330
3901146,2016-02-20,7,Ligue 1,27,2015/2016,Regular Season,131,Paris Saint-Germain,156,Stade de Reims,4,1,2023-08-07T01:13:44.866933
3901147,2016-02-20,7,Ligue 1,27,2015/2016,Regular Season,130,Toulouse,160,Gazélec Ajaccio,1,1,2023-08-12T01:52:34.832264
3901148,2016-02-20,7,Ligue 1,27,2015/2016,Regular Season,165,Lorient,142,Guingamp,4,3,2023-08-05T00:58:25.126450
3901149,2016-02-20,7,Ligue 1,27,2015/2016,Regular Season,129,AS Monaco,133,Troyes,3,1,2023-08-02T13:51:23.789150
3901150,2016-02-21,7,Ligue 1,27,2015/2016,Regular Season,147,Olympique de Marseille,135,Saint-Étienne,1,1,2026-04-05T16:40:51.249696
3901151,2016-02-21,7,Ligue 1,27,2015/2016,Regular Season,143,Lille,137,Lyon,1,0,2023-08-02T17:39:01.414867
3901152,2016-02-21,7,Ligue 1,27,2015/2016,Regular Season,140,Stade Malherbe Caen,134,Rennes,1,0,2026-04-05T16:41:59.304401
3901153,2016-02-26,7,Ligue 1,27,2015/2016,Regular Season,136,OGC Nice,2736,Bastia,0,2,2023-08-05T17:13:32.692213
3901154,2016-02-27,7,Ligue 1,27,2015/2016,Regular Season,133,Troyes,165,Lorient,0,1,2023-08-02T00:13:54.252754
3901155,2016-02-27,7,Ligue 1,27,2015/2016,Regular Season,139,Montpellier,143,Lille,3,0,2023-08-07T18:14:33.314820
3901156,2016-02-27,7,Ligue 1,27,2015/2016,Regular Season,142,Guingamp,145,Angers,2,2,2023-08-02T11:41:36.131331
3901157,2016-02-27,7,Ligue 1,27,2015/2016,Regular Season,156,Stade de Reims,146,Bordeaux,4,1,2023-08-02T13:53:09.811291
3901158,2016-02-27,7,Ligue 1,27,2015/2016,Regular Season,130,Toulouse,134,Rennes,1,2,2024-09-16T21:38:30.572177
3901159,2016-02-28,7,Ligue 1,27,2015/2016,Regular Season,137,Lyon,131,Paris Saint-Germain,2,1,2023-08-05T04:32:42.428554
3901160,2016-02-28,7,Ligue 1,27,2015/2016,Regular Season,144,Nantes,129,AS Monaco,0,0,2023-08-02T17:39:48.294634
3901161,2016-02-28,7,Ligue 1,27,2015/2016,Regular Season,135,Saint-Étienne,140,Stade Malherbe Caen,1,2,2026-04-08T01:21:17.833963
3901162,2016-03-04,7,Ligue 1,27,2015/2016,Regular Season,140,Stade Malherbe Caen,129,AS Monaco,2,2,2026-04-05T16:43:05.754936
3901163,2016-03-05,7,Ligue 1,27,2015/2016,Regular Season,136,OGC Nice,133,Troyes,2,1,2023-08-02T14:36:57.504749
3901164,2016-03-05,7,Ligue 1,27,2015/2016,Regular Season,145,Angers,135,Saint-Étienne,0,0,2023-08-04T02:44:35.341013
3901165,2016-03-05,7,Ligue 1,27,2015/2016,Regular Season,146,Bordeaux,160,Gazélec Ajaccio,1,1,2023-08-02T16:31:01.154284
3901166,2016-03-05,7,Ligue 1,27,2015/2016,Regular Season,131,Paris Saint-Germain,139,Montpellier,0,0,2023-08-06T01:46:04.901006
3901167,2016-03-05,7,Ligue 1,27,2015/2016,Regular Season,2736,Bastia,165,Lorient,0,0,2023-08-07T06:38:05.592806
3901168,2016-03-05,7,Ligue 1,27,2015/2016,Regular Season,143,Lille,156,Stade de Reims,2,0,2023-08-06T00:37:46.005863
3901169,2016-03-06,7,Ligue 1,27,2015/2016,Regular Season,147,Olympique de Marseille,130,Toulouse,1,1,2026-04-05T16:39:09.830748
3901170,2016-03-06,7,Ligue 1,27,2015/2016,Regular Season,134,Rennes,144,Nantes,4,1,2023-08-02T17:41:41.163859
3901171,2016-03-06,7,Ligue 1,27,2015/2016,Regular Season,137,Lyon,142,Guingamp,5,1,2023-08-03T15:42:54.094364
3901172,2016-03-09,7,Ligue 1,27,2015/2016,Regular Season,2736,Bastia,144,Nantes,0,0,2023-08-02T19:46:33.509325
3901173,2016-03-09,7,Ligue 1,27,2015/2016,Regular Season,160,Gazélec Ajaccio,147,Olympique de Marseille,1,1,2023-08-02T18:43:31.905570
3901174,2016-03-11,7,Ligue 1,27,2015/2016,Regular Season,129,AS Monaco,156,Stade de Reims,2,2,2023-07-30T16:42:42.404404
3901175,2016-03-12,7,Ligue 1,27,2015/2016,Regular Season,139,Montpellier,136,OGC Nice,0,2,2023-08-02T08:31:17.230234
3901176,2016-03-12,7,Ligue 1,27,2015/2016,Regular Season,130,Toulouse,146,Bordeaux,4,0,2023-08-04T19:00:28.716586
3901177,2016-03-12,7,Ligue 1,27,2015/2016,Regular Season,2736,Bastia,143,Lille,1,2,2023-08-02T13:54:04.007861
3901178,2016-03-12,7,Ligue 1,27,2015/2016,Regular Season,165,Lorient,147,Olympique de Marseille,1,1,2023-08-05T14:29:35.200486
3901179,2016-03-12,7,Ligue 1,27,2015/2016,Regular Season,160,Gazélec Ajaccio,140,Stade Malherbe Caen,1,0,2023-08-03T20:41:30.346338
3901180,2016-03-12,7,Ligue 1,27,2015/2016,Regular Season,142,Guingamp,135,Saint-Étienne,2,0,2023-08-02T01:31:17.791651
3901181,2016-03-13,7,Ligue 1,27,2015/2016,Regular Season,134,Rennes,137,Lyon,2,2,2023-08-04T20:47:58.689550
3901182,2016-03-13,7,Ligue 1,27,2015/2016,Regular Season,144,Nantes,145,Angers,2,0,2023-08-03T20:42:23.251277
3901183,2016-03-13,7,Ligue 1,27,2015/2016,Regular Season,133,Troyes,131,Paris Saint-Germain,0,9,2023-08-05T11:38:19.640859
3901184,2016-03-18,7,Ligue 1,27,2015/2016,Regular Season,147,Olympique de Marseille,134,Rennes,2,5,2026-04-05T16:35:32.513429
3901185,2016-03-19,7,Ligue 1,27,2015/2016,Regular Season,156,Stade de Reims,142,Guingamp,0,1,2023-08-13T09:55:46.058705
3901186,2016-03-19,7,Ligue 1,27,2015/2016,Regular Season,137,Lyon,144,Nantes,2,0,2023-08-17T14:35:32.617681
3901187,2016-03-19,7,Ligue 1,27,2015/2016,Regular Season,145,Angers,165,Lorient,5,1,2023-08-02T15:45:06.929226
3901188,2016-03-19,7,Ligue 1,27,2015/2016,Regular Season,135,Saint-Étienne,139,Montpellier,3,0,2023-08-05T05:35:05.884589
3901189,2016-03-19,7,Ligue 1,27,2015/2016,Regular Season,143,Lille,130,Toulouse,1,0,2023-08-30T19:58:51.169578
3901190,2016-03-19,7,Ligue 1,27,2015/2016,Regular Season,140,Stade Malherbe Caen,133,Troyes,2,1,2026-04-05T16:36:29.969224
3901191,2016-03-20,7,Ligue 1,27,2015/2016,Regular Season,136,OGC Nice,160,Gazélec Ajaccio,3,0,2023-08-03T16:15:36.688959
3901192,2016-03-20,7,Ligue 1,27,2015/2016,Regular Season,146,Bordeaux,2736,Bastia,1,1,2023-08-13T09:56:39.455416
3901193,2016-03-20,7,Ligue 1,27,2015/2016,Regular Season,131,Paris Saint-Germain,129,AS Monaco,0,2,2023-08-13T04:16:33.180831
3901194,2016-04-01,7,Ligue 1,27,2015/2016,Regular Season,129,AS Monaco,146,Bordeaux,1,2,2023-08-05T13:22:05.657831
3901195,2016-04-02,7,Ligue 1,27,2015/2016,Regular Season,160,Gazélec Ajaccio,135,Saint-Étienne,0,2,2023-08-06T10:25:20.409929
3901196,2016-04-02,7,Ligue 1,27,2015/2016,Regular Season,131,Paris Saint-Germain,136,OGC Nice,4,1,2023-07-30T14:27:39.919586
3901197,2016-04-02,7,Ligue 1,27,2015/2016,Regular Season,142,Guingamp,139,Montpellier,2,2,2023-08-03T20:44:05.666284
3901198,2016-04-02,7,Ligue 1,27,2015/2016,Regular Season,133,Troyes,145,Angers,0,1,2023-08-06T18:07:29.165854
3901199,2016-04-02,7,Ligue 1,27,2015/2016,Regular Season,134,Rennes,156,Stade de Reims,3,1,2023-11-14T11:49:10.184615
3901200,2016-04-02,7,Ligue 1,27,2015/2016,Regular Season,130,Toulouse,140,Stade Malherbe Caen,2,0,2023-08-29T14:11:49.935593
3901201,2016-04-03,7,Ligue 1,27,2015/2016,Regular Season,2736,Bastia,147,Olympique de Marseille,2,1,2023-08-06T19:13:20.786274
3901202,2016-04-03,7,Ligue 1,27,2015/2016,Regular Season,165,Lorient,137,Lyon,1,3,2023-08-03T02:32:35.934795
3901203,2016-04-03,7,Ligue 1,27,2015/2016,Regular Season,144,Nantes,143,Lille,0,3,2023-08-03T16:14:33.318307
3901204,2016-04-08,7,Ligue 1,27,2015/2016,Regular Season,139,Montpellier,137,Lyon,0,2,2023-08-17T21:35:27.554258
3901205,2016-04-09,7,Ligue 1,27,2015/2016,Regular Season,140,Stade Malherbe Caen,165,Lorient,1,2,2026-04-05T16:37:38.579495
3901206,2016-04-09,7,Ligue 1,27,2015/2016,Regular Season,130,Toulouse,2736,Bastia,4,0,2023-08-06T05:00:01.083818
3901207,2016-04-09,7,Ligue 1,27,2015/2016,Regular Season,156,Stade de Reims,144,Nantes,2,1,2023-08-03T02:33:24.818129
3901208,2016-04-09,7,Ligue 1,27,2015/2016,Regular Season,142,Guingamp,131,Paris Saint-Germain,0,2,2023-08-02T14:12:49.230197
3901209,2016-04-09,7,Ligue 1,27,2015/2016,Regular Season,145,Angers,160,Gazélec Ajaccio,0,0,2023-08-05T18:38:48.000375
3901210,2016-04-09,7,Ligue 1,27,2015/2016,Regular Season,135,Saint-Étienne,133,Troyes,1,0,2023-08-06T19:15:13.741460
3901211,2016-04-10,7,Ligue 1,27,2015/2016,Regular Season,147,Olympique de Marseille,146,Bordeaux,0,0,2026-04-05T16:38:41.208723
3901212,2016-04-10,7,Ligue 1,27,2015/2016,Regular Season,143,Lille,129,AS Monaco,4,1,2023-08-04T06:38:30.602503
3901213,2016-04-10,7,Ligue 1,27,2015/2016,Regular Season,136,OGC Nice,134,Rennes,3,0,2023-08-05T15:28:54.020718
3901214,2016-04-15,7,Ligue 1,27,2015/2016,Regular Season,137,Lyon,136,OGC Nice,1,1,2023-08-04T07:21:49.630517
3901215,2016-04-16,7,Ligue 1,27,2015/2016,Regular Season,160,Gazélec Ajaccio,143,Lille,2,4,2023-08-09T06:22:53.069969
3901216,2016-04-16,7,Ligue 1,27,2015/2016,Regular Season,131,Paris Saint-Germain,140,Stade Malherbe Caen,6,0,2023-08-05T14:05:08.102443
3901217,2016-04-16,7,Ligue 1,27,2015/2016,Regular Season,133,Troyes,156,Stade de Reims,2,1,2023-08-04T11:50:00.233398
3901218,2016-04-16,7,Ligue 1,27,2015/2016,Regular Season,146,Bordeaux,145,Angers,1,3,2023-08-06T10:41:35.871241
3901219,2016-04-16,7,Ligue 1,27,2015/2016,Regular Season,165,Lorient,130,Toulouse,1,1,2023-08-06T12:28:37.284393
3901220,2016-04-16,7,Ligue 1,27,2015/2016,Regular Season,2736,Bastia,135,Saint-Étienne,0,1,2023-08-10T18:25:05.873870
3901221,2016-04-17,7,Ligue 1,27,2015/2016,Regular Season,134,Rennes,142,Guingamp,0,3,2023-08-07T12:17:21.998870
3901222,2016-04-17,7,Ligue 1,27,2015/2016,Regular Season,144,Nantes,139,Montpellier,0,2,2023-08-06T05:42:22.291070
3901223,2016-04-17,7,Ligue 1,27,2015/2016,Regular Season,129,AS Monaco,147,Olympique de Marseille,2,1,2023-08-04T11:50:55.038240
3901224,2016-04-22,7,Ligue 1,27,2015/2016,Regular Season,136,OGC Nice,156,Stade de Reims,2,0,2023-08-19T19:49:52.251737
3901225,2016-04-23,7,Ligue 1,27,2015/2016,Regular Season,130,Toulouse,137,Lyon,2,3,2023-08-01T23:30:32.775622
3901226,2016-04-24,7,Ligue 1,27,2015/2016,Regular Season,139,Montpellier,133,Troyes,4,1,2023-08-03T09:32:02.103424
3901227,2016-04-24,7,Ligue 1,27,2015/2016,Regular Season,147,Olympique de Marseille,144,Nantes,1,1,2026-04-05T16:39:38.347670
3901228,2016-04-24,7,Ligue 1,27,2015/2016,Regular Season,135,Saint-Étienne,165,Lorient,2,0,2023-08-06T07:30:49.575509
3901229,2016-04-24,7,Ligue 1,27,2015/2016,Regular Season,142,Guingamp,140,Stade Malherbe Caen,1,1,2023-08-03T17:54:05.413876
3901230,2016-04-24,7,Ligue 1,27,2015/2016,Regular Season,160,Gazélec Ajaccio,2736,Bastia,3,2,2023-08-06T18:28:37.354846
3901231,2016-04-24,7,Ligue 1,27,2015/2016,Regular Season,134,Rennes,129,AS Monaco,1,1,2023-08-10T10:01:21.845576
3901232,2016-04-27,7,Ligue 1,27,2015/2016,Regular Season,143,Lille,145,Angers,0,0,2023-08-06T07:08:10.916584
3901233,2016-04-29,7,Ligue 1,27,2015/2016,Regular Season,131,Paris Saint-Germain,134,Rennes,4,0,2023-08-05T05:36:08.469123
3901234,2016-04-30,7,Ligue 1,27,2015/2016,Regular Season,156,Stade de Reims,139,Montpellier,2,3,2023-08-08T01:41:59.488333
3901235,2016-04-30,7,Ligue 1,27,2015/2016,Regular Season,137,Lyon,160,Gazélec Ajaccio,2,1,2023-08-02T17:44:07.843683
3901236,2016-04-30,7,Ligue 1,27,2015/2016,Regular Season,144,Nantes,136,OGC Nice,1,0,2023-08-05T14:31:29.308428
3901237,2016-04-30,7,Ligue 1,27,2015/2016,Regular Season,135,Saint-Étienne,130,Toulouse,0,0,2023-08-13T09:57:26.342133
3901238,2016-04-30,7,Ligue 1,27,2015/2016,Regular Season,129,AS Monaco,142,Guingamp,3,2,2023-08-05T23:15:03.256445
3901240,2016-04-30,7,Ligue 1,27,2015/2016,Regular Season,165,Lorient,143,Lille,0,1,2023-08-08T03:07:49.247935
3901241,2016-04-30,7,Ligue 1,27,2015/2016,Regular Season,140,Stade Malherbe Caen,2736,Bastia,0,0,2026-04-05T16:40:38.610697
3901242,2016-05-01,7,Ligue 1,27,2015/2016,Regular Season,145,Angers,147,Olympique de Marseille,0,1,2023-07-31T17:49:43.769263
3901243,2016-05-07,7,Ligue 1,27,2015/2016,Regular Season,2736,Bastia,145,Angers,1,0,2023-08-06T14:38:33.746880
3901244,2016-05-07,7,Ligue 1,27,2015/2016,Regular Season,130,Toulouse,133,Troyes,1,0,2023-08-02T17:45:56.581274
3901245,2016-05-07,7,Ligue 1,27,2015/2016,Regular Season,146,Bordeaux,165,Lorient,3,0,2023-08-07T05:33:18.893774
3901246,2016-05-07,7,Ligue 1,27,2015/2016,Regular Season,144,Nantes,140,Stade Malherbe Caen,1,2,2023-08-10T00:17:36.268770
3901247,2016-05-07,7,Ligue 1,27,2015/2016,Regular Season,160,Gazélec Ajaccio,131,Paris Saint-Germain,0,4,2023-08-05T14:52:29.610611
3901248,2016-05-07,7,Ligue 1,27,2015/2016,Regular Season,143,Lille,142,Guingamp,0,0,2023-08-09T14:25:27.843054
3901249,2016-05-07,7,Ligue 1,27,2015/2016,Regular Season,139,Montpellier,134,Rennes,2,0,2023-08-03T16:04:29.442021
3901250,2016-05-07,7,Ligue 1,27,2015/2016,Regular Season,136,OGC Nice,135,Saint-Étienne,2,0,2023-08-01T12:51:20.259956
3901251,2016-05-07,7,Ligue 1,27,2015/2016,Regular Season,147,Olympique de Marseille,156,Stade de Reims,1,0,2026-04-05T16:41:36.842889
3901252,2016-05-07,7,Ligue 1,27,2015/2016,Regular Season,137,Lyon,129,AS Monaco,6,1,2023-08-08T12:29:09.086181
3901253,2016-05-11,7,Ligue 1,27,2015/2016,Regular Season,146,Bordeaux,131,Paris Saint-Germain,1,1,2023-08-03T16:50:07.654475
3901254,2016-05-14,7,Ligue 1,27,2015/2016,Regular Season,156,Stade de Reims,137,Lyon,4,1,2023-08-05T23:15:55.409400
3901255,2016-05-14,7,Ligue 1,27,2015/2016,Regular Season,145,Angers,130,Toulouse,2,3,2023-08-03T20:45:37.497830
3901256,2016-05-14,7,Ligue 1,27,2015/2016,Regular Season,129,AS Monaco,139,Montpellier,2,0,2023-08-03T00:25:51.971042
3901257,2016-05-14,7,Ligue 1,27,2015/2016,Regular Season,135,Saint-Étienne,143,Lille,0,1,2023-08-09T12:57:28.832990
3901258,2016-05-14,7,Ligue 1,27,2015/2016,Regular Season,142,Guingamp,136,OGC Nice,2,3,2023-08-10T09:16:56.367805
3901259,2016-05-14,7,Ligue 1,27,2015/2016,Regular Season,133,Troyes,147,Olympique de Marseille,1,1,2026-05-12T22:46:54.722768
3901260,2016-05-14,7,Ligue 1,27,2015/2016,Regular Season,165,Lorient,160,Gazélec Ajaccio,1,0,2023-08-03T18:34:31.678988
3901261,2016-05-14,7,Ligue 1,27,2015/2016,Regular Season,131,Paris Saint-Germain,144,Nantes,4,0,2023-08-07T04:06:01.715632
3901262,2016-05-14,7,Ligue 1,27,2015/2016,Regular Season,140,Stade Malherbe Caen,146,Bordeaux,1,0,2026-04-05T16:42:37.007470
3901263,2016-05-14,7,Ligue 1,27,2015/2016,Regular Season,134,Rennes,2736,Bastia,1,2,2023-08-06T22:42:28.958420
3802643,2022-04-29,7,Ligue 1,108,2021/2022,Regular Season,138,Strasbourg,131,Paris Saint-Germain,3,3,2023-02-23T09:20:34.801073
3802665,2022-05-14,7,Ligue 1,108,2021/2022,Regular Season,139,Montpellier,131,Paris Saint-Germain,0,4,2023-02-23T09:24:25.911637
3802676,2022-04-23,7,Ligue 1,108,2021/2022,Regular Season,131,Paris Saint-Germain,168,Lens,1,1,2022-12-01T16:02:28.273943
3802683,2021-12-12,7,Ligue 1,108,2021/2022,Regular Season,131,Paris Saint-Germain,129,AS Monaco,2,0,2022-06-25T22:02:08.550855
3802685,2021-12-04,7,Ligue 1,108,2021/2022,Regular Season,168,Lens,131,Paris Saint-Germain,1,1,2022-01-21T19:04:02.673512
3802690,2021-12-22,7,Ligue 1,108,2021/2022,Regular Season,165,Lorient,131,Paris Saint-Germain,1,1,2022-03-19T22:15:04.205313
3802696,2021-08-29,7,Ligue 1,108,2021/2022,Regular Season,156,Stade de Reims,131,Paris Saint-Germain,0,2,2021-09-08T12:28:36.472412
3802699,2021-10-29,7,Ligue 1,108,2021/2022,Regular Season,131,Paris Saint-Germain,143,Lille,2,1,2021-12-15T21:20:09.464115
3802709,2022-02-26,7,Ligue 1,108,2021/2022,Regular Season,131,Paris Saint-Germain,135,Saint-Étienne,3,1,2023-02-24T03:21:08.853317
3802752,2021-09-19,7,Ligue 1,108,2021/2022,Regular Season,131,Paris Saint-Germain,137,Lyon,2,1,2021-09-22T16:54:25.101223
3802793,2021-12-01,7,Ligue 1,108,2021/2022,Regular Season,131,Paris Saint-Germain,136,OGC Nice,0,0,2022-06-25T21:24:28.841566
3802795,2022-02-11,7,Ligue 1,108,2021/2022,Regular Season,131,Paris Saint-Germain,134,Rennes,1,0,2023-07-18T10:39:38.811521
3802802,2022-01-23,7,Ligue 1,108,2021/2022,Regular Season,131,Paris Saint-Germain,156,Stade de Reims,4,0,2022-03-24T15:08:57.539689
3802805,2022-03-05,7,Ligue 1,108,2021/2022,Regular Season,136,OGC Nice,131,Paris Saint-Germain,1,0,2022-11-19T07:46:35.710038
3802809,2021-10-03,7,Ligue 1,108,2021/2022,Regular Season,134,Rennes,131,Paris Saint-Germain,2,0,2021-10-07T16:38:07.166233
3802818,2022-04-03,7,Ligue 1,108,2021/2022,Regular Season,131,Paris Saint-Germain,165,Lorient,5,1,2022-12-01T15:30:14.607896
3802837,2021-11-28,7,Ligue 1,108,2021/2022,Regular Season,135,Saint-Étienne,131,Paris Saint-Germain,1,3,2022-03-09T21:50:40.240691
3802839,2022-02-19,7,Ligue 1,108,2021/2022,Regular Season,144,Nantes,131,Paris Saint-Germain,3,1,2022-06-25T23:20:56.557371
3802902,2021-10-24,7,Ligue 1,108,2021/2022,Regular Season,147,Olympique de Marseille,131,Paris Saint-Germain,0,0,2026-04-06T18:01:14.389327
3802904,2022-03-13,7,Ligue 1,108,2021/2022,Regular Season,131,Paris Saint-Germain,146,Bordeaux,3,0,2022-05-10T20:50:06.994871
3802907,2022-02-06,7,Ligue 1,108,2021/2022,Regular Season,143,Lille,131,Paris Saint-Germain,1,5,2022-09-16T15:24:34.629749
3802930,2022-05-08,7,Ligue 1,108,2021/2022,Regular Season,131,Paris Saint-Germain,133,Troyes,2,2,2022-12-01T16:22:34.457806
3802948,2022-05-21,7,Ligue 1,108,2021/2022,Regular Season,131,Paris Saint-Germain,141,Metz,5,0,2022-12-01T16:33:51.732919
3802983,2022-04-17,7,Ligue 1,108,2021/2022,Regular Season,131,Paris Saint-Germain,147,Olympique de Marseille,2,1,2026-04-08T09:28:32.431342
3802984,2021-11-20,7,Ligue 1,108,2021/2022,Regular Season,131,Paris Saint-Germain,144,Nantes,3,1,2022-03-09T20:20:02.252022
3803000,2022-04-09,7,Ligue 1,108,2021/2022,Regular Season,152,Clermont Foot,131,Paris Saint-Germain,1,6,2022-12-01T15:33:06.484112
3837650,2022-08-06,7,Ligue 1,235,2022/2023,Regular Season,152,Clermont Foot,131,Paris Saint-Germain,0,5,2022-12-02T01:54:11.023870
3837659,2022-08-13,7,Ligue 1,235,2022/2023,Regular Season,131,Paris Saint-Germain,139,Montpellier,5,2,2022-12-02T02:01:34.510760
3837662,2022-08-21,7,Ligue 1,235,2022/2023,Regular Season,143,Lille,131,Paris Saint-Germain,1,7,2022-12-02T02:12:26.907918
3837680,2022-08-28,7,Ligue 1,235,2022/2023,Regular Season,131,Paris Saint-Germain,129,AS Monaco,1,1,2022-12-02T02:23:14.478517
3837683,2022-08-31,7,Ligue 1,235,2022/2023,Regular Season,130,Toulouse,131,Paris Saint-Germain,0,3,2022-12-02T02:25:45.419944
3837695,2022-09-03,7,Ligue 1,235,2022/2023,Regular Season,144,Nantes,131,Paris Saint-Germain,0,3,2022-12-02T02:32:22.355127
3837706,2022-09-10,7,Ligue 1,235,2022/2023,Regular Season,131,Paris Saint-Germain,153,Stade Brestois,1,0,2024-09-28T01:48:33.187083
3837717,2022-09-18,7,Ligue 1,235,2022/2023,Regular Season,137,Lyon,131,Paris Saint-Germain,0,1,2022-12-02T02:53:26.546645
3837727,2022-10-01,7,Ligue 1,235,2022/2023,Regular Season,131,Paris Saint-Germain,136,OGC Nice,2,1,2022-12-21T18:55:20.261894
3837747,2022-10-16,7,Ligue 1,235,2022/2023,Regular Season,131,Paris Saint-Germain,147,Olympique de Marseille,1,0,2022-12-02T03:12:48.688257
3837752,2022-10-21,7,Ligue 1,235,2022/2023,Regular Season,158,AC Ajaccio,131,Paris Saint-Germain,0,3,2022-12-11T02:03:56.823812
3837771,2022-10-29,7,Ligue 1,235,2022/2023,Regular Season,131,Paris Saint-Germain,133,Troyes,4,3,2023-01-06T04:42:52.920674
3837785,2022-11-13,7,Ligue 1,235,2022/2023,Regular Season,131,Paris Saint-Germain,167,Auxerre,5,0,2023-06-06T03:19:52.841342
3837818,2023-01-11,7,Ligue 1,235,2022/2023,Regular Season,131,Paris Saint-Germain,145,Angers,2,0,2023-03-02T03:18:17.662918
3837827,2023-01-15,7,Ligue 1,235,2022/2023,Regular Season,134,Rennes,131,Paris Saint-Germain,1,0,2023-07-29T03:23:14.874174
3837839,2023-01-29,7,Ligue 1,235,2022/2023,Regular Season,131,Paris Saint-Germain,156,Stade de Reims,1,1,2023-02-17T17:04:16.374749
3837844,2023-02-01,7,Ligue 1,235,2022/2023,Regular Season,139,Montpellier,131,Paris Saint-Germain,1,3,2023-12-11T12:07:17.819532
3837859,2023-02-04,7,Ligue 1,235,2022/2023,Regular Season,131,Paris Saint-Germain,130,Toulouse,2,1,2023-10-16T21:01:50.119397
3837876,2023-02-19,7,Ligue 1,235,2022/2023,Regular Season,131,Paris Saint-Germain,143,Lille,4,3,2023-03-18T14:58:57.060078
3837885,2023-02-26,7,Ligue 1,235,2022/2023,Regular Season,147,Olympique de Marseille,131,Paris Saint-Germain,0,3,2026-04-06T18:51:07.770289
3837896,2023-03-04,7,Ligue 1,235,2022/2023,Regular Season,131,Paris Saint-Germain,144,Nantes,4,2,2023-06-10T17:36:10.382789
3837902,2023-03-11,7,Ligue 1,235,2022/2023,Regular Season,153,Stade Brestois,131,Paris Saint-Germain,1,2,2023-03-28T07:16:32.839694
3837918,2023-03-19,7,Ligue 1,235,2022/2023,Regular Season,131,Paris Saint-Germain,134,Rennes,0,2,2023-04-07T05:39:14.091665
3837928,2023-04-02,7,Ligue 1,235,2022/2023,Regular Season,131,Paris Saint-Germain,137,Lyon,0,1,2023-05-18T15:52:14.981706
3837938,2023-04-08,7,Ligue 1,235,2022/2023,Regular Season,136,OGC Nice,131,Paris Saint-Germain,0,2,2023-07-29T01:37:27.381158
3837947,2023-04-15,7,Ligue 1,235,2022/2023,Regular Season,131,Paris Saint-Germain,168,Lens,3,1,2023-11-04T13:05:51.863558
3837954,2023-04-21,7,Ligue 1,235,2022/2023,Regular Season,145,Angers,131,Paris Saint-Germain,1,2,2023-08-05T13:23:23.661355
3837963,2023-04-30,7,Ligue 1,235,2022/2023,Regular Season,131,Paris Saint-Germain,165,Lorient,1,3,2023-05-20T13:31:41.634801
3837987,2023-05-13,7,Ligue 1,235,2022/2023,Regular Season,131,Paris Saint-Germain,158,AC Ajaccio,5,0,2023-06-10T06:48:37.463493
3837998,2023-05-21,7,Ligue 1,235,2022/2023,Regular Season,167,Auxerre,131,Paris Saint-Germain,1,2,2023-06-18T15:44:50.060860
3838004,2023-05-27,7,Ligue 1,235,2022/2023,Regular Season,138,Strasbourg,131,Paris Saint-Germain,1,1,2023-06-24T18:26:36.965387
3838017,2023-06-03,7,Ligue 1,235,2022/2023,Regular Season,131,Paris Saint-Germain,152,Clermont Foot,2,3,2023-06-20T18:20:56.808986
3890260,2015-08-15,9,1. Bundesliga,27,2015/2016,Regular Season,904,Bayer Leverkusen,175,Hoffenheim,2,1,2023-12-23T17:51:25.691111
3890273,2015-08-22,9,1. Bundesliga,27,2015/2016,Regular Season,178,Hannover 96,904,Bayer Leverkusen,0,1,2023-08-03T13:00:34.896241
3890278,2015-08-29,9,1. Bundesliga,27,2015/2016,Regular Season,169,Bayern Munich,904,Bayer Leverkusen,3,0,2023-07-12T15:22:15.022676
3890288,2015-09-12,9,1. Bundesliga,27,2015/2016,Regular Season,904,Bayer Leverkusen,872,Darmstadt 98,0,1,2023-08-12T17:14:29.327004
3890301,2015-09-20,9,1. Bundesliga,27,2015/2016,Regular Season,180,Borussia Dortmund,904,Bayer Leverkusen,3,0,2023-07-12T17:40:05.681076
3890312,2015-09-23,9,1. Bundesliga,27,2015/2016,Regular Season,904,Bayer Leverkusen,177,FSV Mainz 05,1,0,2023-07-13T15:18:54.247729
3890315,2015-09-26,9,1. Bundesliga,27,2015/2016,Regular Season,176,Werder Bremen,904,Bayer Leverkusen,0,3,2023-07-13T15:53:44.303255
3890330,2015-10-04,9,1. Bundesliga,27,2015/2016,Regular Season,904,Bayer Leverkusen,172,Augsburg,1,1,2023-07-13T15:19:50.409962
3890337,2015-10-17,9,1. Bundesliga,27,2015/2016,Regular Season,171,Hamburger SV,904,Bayer Leverkusen,0,0,2023-07-12T11:48:17.290431
3890346,2015-10-24,9,1. Bundesliga,27,2015/2016,Regular Season,904,Bayer Leverkusen,174,VfB Stuttgart,4,3,2024-01-07T11:57:29.327799
3890350,2015-10-31,9,1. Bundesliga,27,2015/2016,Regular Season,179,Wolfsburg,904,Bayer Leverkusen,2,1,2023-07-13T10:49:32.788523
3890359,2015-11-07,9,1. Bundesliga,27,2015/2016,Regular Season,904,Bayer Leverkusen,186,FC Köln,1,2,2023-07-24T09:22:28.106604
3890370,2015-11-21,9,1. Bundesliga,27,2015/2016,Regular Season,184,Eintracht Frankfurt,904,Bayer Leverkusen,1,3,2023-07-12T16:19:17.709152
3890382,2015-11-29,9,1. Bundesliga,27,2015/2016,Regular Season,904,Bayer Leverkusen,181,Schalke 04,1,1,2023-08-02T16:44:25.506339
3890390,2015-12-05,9,1. Bundesliga,27,2015/2016,Regular Season,173,Hertha Berlin,904,Bayer Leverkusen,2,1,2023-07-18T05:53:50.179730
3890395,2015-12-12,9,1. Bundesliga,27,2015/2016,Regular Season,904,Bayer Leverkusen,185,Borussia Mönchengladbach,5,0,2023-07-16T22:31:14.141541
3890409,2015-12-19,9,1. Bundesliga,27,2015/2016,Regular Season,189,Ingolstadt,904,Bayer Leverkusen,0,1,2023-08-03T13:02:05.091113
3890415,2016-01-23,9,1. Bundesliga,27,2015/2016,Regular Season,175,Hoffenheim,904,Bayer Leverkusen,1,1,2023-07-13T09:28:13.556051
3890427,2016-01-30,9,1. Bundesliga,27,2015/2016,Regular Season,904,Bayer Leverkusen,178,Hannover 96,3,0,2023-08-03T13:03:43.290703
3890431,2016-02-06,9,1. Bundesliga,27,2015/2016,Regular Season,904,Bayer Leverkusen,169,Bayern Munich,0,0,2023-07-12T18:20:28.803251
3890444,2016-02-13,9,1. Bundesliga,27,2015/2016,Regular Season,872,Darmstadt 98,904,Bayer Leverkusen,1,2,2023-07-15T16:09:34.211127
3890456,2016-02-21,9,1. Bundesliga,27,2015/2016,Regular Season,904,Bayer Leverkusen,180,Borussia Dortmund,0,1,2023-07-15T21:48:00.266005
3890463,2016-02-28,9,1. Bundesliga,27,2015/2016,Regular Season,177,FSV Mainz 05,904,Bayer Leverkusen,3,1,2023-12-12T01:48:54.981843
3890472,2016-03-02,9,1. Bundesliga,27,2015/2016,Regular Season,904,Bayer Leverkusen,176,Werder Bremen,1,4,2023-07-18T12:42:28.657695
3890477,2016-03-05,9,1. Bundesliga,27,2015/2016,Regular Season,172,Augsburg,904,Bayer Leverkusen,3,3,2023-07-24T09:18:59.971988
3890492,2016-03-13,9,1. Bundesliga,27,2015/2016,Regular Season,904,Bayer Leverkusen,171,Hamburger SV,1,0,2023-08-03T13:06:19.003897
3890500,2016-03-20,9,1. Bundesliga,27,2015/2016,Regular Season,174,VfB Stuttgart,904,Bayer Leverkusen,0,2,2023-07-19T13:10:23.962185
3890502,2016-04-01,9,1. Bundesliga,27,2015/2016,Regular Season,904,Bayer Leverkusen,179,Wolfsburg,3,0,2023-08-03T13:07:07.427967
3890519,2016-04-10,9,1. Bundesliga,27,2015/2016,Regular Season,186,FC Köln,904,Bayer Leverkusen,0,2,2023-07-31T12:19:56.474040
3890521,2016-04-16,9,1. Bundesliga,27,2015/2016,Regular Season,904,Bayer Leverkusen,184,Eintracht Frankfurt,3,0,2023-07-25T09:12:32.507875
3890534,2016-04-23,9,1. Bundesliga,27,2015/2016,Regular Season,181,Schalke 04,904,Bayer Leverkusen,2,3,2023-07-19T17:07:48.502966
3890540,2016-04-30,9,1. Bundesliga,27,2015/2016,Regular Season,904,Bayer Leverkusen,173,Hertha Berlin,2,1,2023-07-24T07:41:44.627113
3890550,2016-05-07,9,1. Bundesliga,27,2015/2016,Regular Season,185,Borussia Mönchengladbach,904,Bayer Leverkusen,2,1,2023-10-28T23:30:33.200742
3890563,2016-05-14,9,1. Bundesliga,27,2015/2016,Regular Season,904,Bayer Leverkusen,189,Ingolstadt,3,2,2023-08-05T09:38:01.494282
3895052,2023-08-19,9,1. Bundesliga,281,2023/2024,Regular Season,904,Bayer Leverkusen,182,RB Leipzig,3,2,2023-10-27T17:32:50.230518
3895060,2023-08-26,9,1. Bundesliga,281,2023/2024,Regular Season,185,Borussia Mönchengladbach,904,Bayer Leverkusen,0,3,2024-07-27T22:22:51.090700
3895067,2023-09-02,9,1. Bundesliga,281,2023/2024,Regular Season,904,Bayer Leverkusen,872,Darmstadt 98,5,1,2023-10-29T00:50:22.317494
3895074,2023-09-15,9,1. Bundesliga,281,2023/2024,Regular Season,169,Bayern Munich,904,Bayer Leverkusen,2,2,2024-01-26T03:48:06.638612
3895086,2023-09-24,9,1. Bundesliga,281,2023/2024,Regular Season,904,Bayer Leverkusen,201,FC Heidenheim,4,1,2023-11-06T06:22:39.809526
3895095,2023-09-30,9,1. Bundesliga,281,2023/2024,Regular Season,177,FSV Mainz 05,904,Bayer Leverkusen,0,3,2024-07-21T17:31:05.731548
3895107,2023-10-08,9,1. Bundesliga,281,2023/2024,Regular Season,904,Bayer Leverkusen,186,FC Köln,3,0,2024-07-29T12:43:40.606973
3895113,2023-10-21,9,1. Bundesliga,281,2023/2024,Regular Season,179,Wolfsburg,904,Bayer Leverkusen,1,2,2023-12-27T04:25:23.928277
3895121,2023-10-29,9,1. Bundesliga,281,2023/2024,Regular Season,904,Bayer Leverkusen,183,Freiburg,2,1,2023-11-20T00:14:35.480458
3895134,2023-11-04,9,1. Bundesliga,281,2023/2024,Regular Season,175,Hoffenheim,904,Bayer Leverkusen,2,3,2024-02-07T13:46:18.768485
3895139,2023-11-12,9,1. Bundesliga,281,2023/2024,Regular Season,904,Bayer Leverkusen,190,Union Berlin,4,0,2024-05-21T15:07:37.189196
3895153,2023-11-25,9,1. Bundesliga,281,2023/2024,Regular Season,176,Werder Bremen,904,Bayer Leverkusen,0,3,2024-05-23T09:28:32.573978
3895158,2023-12-03,9,1. Bundesliga,281,2023/2024,Regular Season,904,Bayer Leverkusen,180,Borussia Dortmund,1,1,2024-07-29T12:45:28.152104
3895167,2023-12-10,9,1. Bundesliga,281,2023/2024,Regular Season,174,VfB Stuttgart,904,Bayer Leverkusen,1,1,2024-01-04T18:37:25.701451
3895180,2023-12-17,9,1. Bundesliga,281,2023/2024,Regular Season,904,Bayer Leverkusen,184,Eintracht Frankfurt,3,0,2024-03-31T20:55:24.255918
3895182,2023-12-20,9,1. Bundesliga,281,2023/2024,Regular Season,904,Bayer Leverkusen,868,Bochum,4,0,2024-05-23T06:59:57.708567
3895194,2024-01-13,9,1. Bundesliga,281,2023/2024,Regular Season,172,Augsburg,904,Bayer Leverkusen,0,1,2024-07-30T08:49:22.330406
3895202,2024-01-20,9,1. Bundesliga,281,2023/2024,Regular Season,182,RB Leipzig,904,Bayer Leverkusen,2,3,2024-07-28T02:32:14.818257
3895210,2024-01-27,9,1. Bundesliga,281,2023/2024,Regular Season,904,Bayer Leverkusen,185,Borussia Mönchengladbach,0,0,2024-07-31T08:56:45.531688
3895220,2024-02-03,9,1. Bundesliga,281,2023/2024,Regular Season,872,Darmstadt 98,904,Bayer Leverkusen,0,2,2024-07-30T08:51:38.237189
3895232,2024-02-10,9,1. Bundesliga,281,2023/2024,Regular Season,904,Bayer Leverkusen,169,Bayern Munich,3,0,2024-07-31T10:12:09.069176
3895244,2024-02-17,9,1. Bundesliga,281,2023/2024,Regular Season,201,FC Heidenheim,904,Bayer Leverkusen,1,2,2024-08-15T15:32:43.513919
3895250,2024-02-23,9,1. Bundesliga,281,2023/2024,Regular Season,904,Bayer Leverkusen,177,FSV Mainz 05,2,1,2024-07-29T05:46:31.439011
3895258,2024-03-03,9,1. Bundesliga,281,2023/2024,Regular Season,186,FC Köln,904,Bayer Leverkusen,0,2,2024-07-31T13:03:07.780733
3895266,2024-03-10,9,1. Bundesliga,281,2023/2024,Regular Season,904,Bayer Leverkusen,179,Wolfsburg,2,0,2024-07-30T13:39:51.355715
3895275,2024-03-17,9,1. Bundesliga,281,2023/2024,Regular Season,183,Freiburg,904,Bayer Leverkusen,2,3,2024-08-01T03:52:01.136239
3895286,2024-03-30,9,1. Bundesliga,281,2023/2024,Regular Season,904,Bayer Leverkusen,175,Hoffenheim,2,1,2024-07-29T22:36:51.168248
3895292,2024-04-06,9,1. Bundesliga,281,2023/2024,Regular Season,190,Union Berlin,904,Bayer Leverkusen,0,1,2024-07-31T11:03:01.588127
3895302,2024-04-14,9,1. Bundesliga,281,2023/2024,Regular Season,904,Bayer Leverkusen,176,Werder Bremen,5,0,2024-06-11T18:23:14.398876
3895309,2024-04-21,9,1. Bundesliga,281,2023/2024,Regular Season,180,Borussia Dortmund,904,Bayer Leverkusen,1,1,2024-07-29T19:54:44.770099
3895320,2024-04-27,9,1. Bundesliga,281,2023/2024,Regular Season,904,Bayer Leverkusen,174,VfB Stuttgart,2,2,2024-08-06T15:42:54.389576
3895333,2024-05-05,9,1. Bundesliga,281,2023/2024,Regular Season,184,Eintracht Frankfurt,904,Bayer Leverkusen,1,5,2024-08-03T01:25:45.528896
3895340,2024-05-12,9,1. Bundesliga,281,2023/2024,Regular Season,868,Bochum,904,Bayer Leverkusen,0,5,2024-07-29T12:16:45.557236
3895348,2024-05-18,9,1. Bundesliga,281,2023/2024,Regular Season,904,Bayer Leverkusen,172,Augsburg,2,1,2024-08-15T14:13:32.762426
9575,2017-08-20,11,La Liga,1,2017/2018,Regular Season,217,Barcelona,218,Real Betis,2,0,2020-07-29T05:00
9581,2017-08-26,11,La Liga,1,2017/2018,Regular Season,206,Deportivo Alavés,217,Barcelona,0,2,2022-02-04T12:35:34.095010
9592,2017-09-09,11,La Liga,1,2017/2018,Regular Season,217,Barcelona,214,Espanyol,5,0,2020-07-29T05:00
9602,2017-09-16,11,La Liga,1,2017/2018,Regular Season,216,Getafe,217,Barcelona,1,2,2022-02-04T13:57:30.602817
9609,2017-09-19,11,La Liga,1,2017/2018,Regular Season,217,Barcelona,322,Eibar,6,1,2022-02-04T14:40:31.817331
9620,2017-09-23,11,La Liga,1,2017/2018,Regular Season,211,Girona,217,Barcelona,0,3,2022-03-30T20:28:12.616241
9636,2017-10-01,11,La Liga,1,2017/2018,Regular Season,217,Barcelona,208,Las Palmas,3,0,2022-02-04T22:31:59.619211
9642,2017-10-14,11,La Liga,1,2017/2018,Regular Season,212,Atlético Madrid,217,Barcelona,1,1,2022-02-04T22:48:33.627118
9650,2017-10-21,11,La Liga,1,2017/2018,Regular Season,217,Barcelona,223,Málaga,2,0,2022-02-10T20:56:01.885373
9661,2017-10-28,11,La Liga,1,2017/2018,Regular Season,215,Athletic Club,217,Barcelona,0,2,2022-02-10T21:47:49.678101
9673,2017-11-04,11,La Liga,1,2017/2018,Regular Season,217,Barcelona,213,Sevilla,2,1,2022-05-08T17:33:48.241122
9682,2017-11-18,11,La Liga,1,2017/2018,Regular Season,205,Leganés,217,Barcelona,0,3,2022-08-13T21:30:13.962297
9695,2017-11-26,11,La Liga,1,2017/2018,Regular Season,207,Valencia,217,Barcelona,1,1,2022-02-10T22:24:55.514083
9700,2017-12-02,11,La Liga,1,2017/2018,Regular Season,217,Barcelona,209,Celta Vigo,2,2,2022-12-01T00:56:01.522299
9717,2017-12-10,11,La Liga,1,2017/2018,Regular Season,222,Villarreal,217,Barcelona,0,2,2022-03-30T23:12:28.894213
9726,2017-12-17,11,La Liga,1,2017/2018,Regular Season,217,Barcelona,219,RC Deportivo La Coruña,4,0,2022-05-08T19:11:07.806019
9736,2017-12-23,11,La Liga,1,2017/2018,Regular Season,220,Real Madrid,217,Barcelona,0,3,2020-07-29T05:00
9742,2018-01-07,11,La Liga,1,2017/2018,Regular Season,217,Barcelona,221,Levante UD,3,0,2022-06-18T19:26:24.300460
9754,2018-01-14,11,La Liga,1,2017/2018,Regular Season,210,Real Sociedad,217,Barcelona,2,4,2020-07-29T05:00
9765,2018-01-21,11,La Liga,1,2017/2018,Regular Season,218,Real Betis,217,Barcelona,0,5,2020-07-29T05:00
9774,2018-01-28,11,La Liga,1,2017/2018,Regular Season,217,Barcelona,206,Deportivo Alavés,2,1,2022-12-01T01:18:40.194063
9783,2018-02-04,11,La Liga,1,2017/2018,Regular Season,214,Espanyol,217,Barcelona,1,1,2022-12-01T01:27:40.607637
9794,2018-02-11,11,La Liga,1,2017/2018,Regular Season,217,Barcelona,216,Getafe,0,0,2022-12-01T01:37:21.292561
9799,2018-02-17,11,La Liga,1,2017/2018,Regular Season,322,Eibar,217,Barcelona,0,2,2022-12-01T01:41:38.350571
9811,2018-02-24,11,La Liga,1,2017/2018,Regular Season,217,Barcelona,211,Girona,6,1,2022-12-01T01:52:10.346111
9827,2018-03-01,11,La Liga,1,2017/2018,Regular Season,208,Las Palmas,217,Barcelona,1,1,2022-08-04T17:18:06.540844
9837,2018-03-04,11,La Liga,1,2017/2018,Regular Season,217,Barcelona,212,Atlético Madrid,1,0,2022-12-01T02:14:30.480502
9855,2018-03-18,11,La Liga,1,2017/2018,Regular Season,217,Barcelona,215,Athletic Club,2,0,2022-12-01T02:33:31.178193
9860,2018-03-31,11,La Liga,1,2017/2018,Regular Season,213,Sevilla,217,Barcelona,2,2,2022-12-01T02:37:52.910806
9870,2018-04-07,11,La Liga,1,2017/2018,Regular Season,217,Barcelona,205,Leganés,3,1,2023-02-28T07:25:15.903248
9880,2018-04-14,11,La Liga,1,2017/2018,Regular Season,217,Barcelona,207,Valencia,2,1,2023-02-08T17:23:53.901920
9889,2018-04-17,11,La Liga,1,2017/2018,Regular Season,209,Celta Vigo,217,Barcelona,2,2,2020-07-29T05:00
9912,2018-04-29,11,La Liga,1,2017/2018,Regular Season,219,RC Deportivo La Coruña,217,Barcelona,2,4,2022-12-05T14:42:44.641092
9924,2018-05-06,11,La Liga,1,2017/2018,Regular Season,217,Barcelona,220,Real Madrid,2,2,2022-12-01T03:25:12.063586
9928,2018-05-09,11,La Liga,1,2017/2018,Regular Season,217,Barcelona,222,Villarreal,5,1,2020-07-29T05:00
9948,2018-05-20,11,La Liga,1,2017/2018,Regular Season,217,Barcelona,210,Real Sociedad,1,0,2022-12-05T14:51:46.221392
265952,2017-03-01,11,La Liga,2,2016/2017,Regular Season,217,Barcelona,1041,Sporting Gijón,6,1,2022-11-30T17:41:12.856741
266033,2016-10-22,11,La Liga,2,2016/2017,Regular Season,207,Valencia,217,Barcelona,2,3,2023-07-24T21:49:01.733896
266191,2016-11-27,11,La Liga,2,2016/2017,Regular Season,210,Real Sociedad,217,Barcelona,1,1,2022-11-19T16:42:06.063453
266273,2017-02-11,11,La Liga,2,2016/2017,Regular Season,206,Deportivo Alavés,217,Barcelona,0,6,2023-07-24T21:49:40.233242
266280,2017-04-05,11,La Liga,2,2016/2017,Regular Season,217,Barcelona,213,Sevilla,3,0,2023-07-24T21:46:34.060601
266299,2017-03-04,11,La Liga,2,2016/2017,Regular Season,217,Barcelona,209,Celta Vigo,5,0,2022-11-30T17:46:36.271147
266357,2016-12-10,11,La Liga,2,2016/2017,Regular Season,422,Osasuna,217,Barcelona,0,3,2023-07-24T21:41:37.118536
266440,2017-03-19,11,La Liga,2,2016/2017,Regular Season,217,Barcelona,207,Valencia,4,2,2023-07-24T21:40:36.642214
266477,2017-01-08,11,La Liga,2,2016/2017,Regular Season,222,Villarreal,217,Barcelona,1,1,2023-07-24T17:55:12.814918
266516,2017-01-29,11,La Liga,2,2016/2017,Regular Season,218,Real Betis,217,Barcelona,1,1,2023-07-24T21:45:34.371938
266528,2016-12-18,11,La Liga,2,2016/2017,Regular Season,217,Barcelona,214,Espanyol,4,1,2023-07-24T21:42:34.637040
266669,2016-09-10,11,La Liga,2,2016/2017,Regular Season,217,Barcelona,206,Deportivo Alavés,1,2,2023-05-11T08:12:51.955151
266731,2017-01-22,11,La Liga,2,2016/2017,Regular Season,322,Eibar,217,Barcelona,0,4,2023-07-24T17:57:06.130288
266874,2017-02-04,11,La Liga,2,2016/2017,Regular Season,217,Barcelona,215,Athletic Club,3,0,2023-07-24T17:57:56.516416
266892,2016-08-28,11,La Liga,2,2016/2017,Regular Season,215,Athletic Club,217,Barcelona,0,1,2022-11-19T16:05:59.289907
266952,2017-05-06,11,La Liga,2,2016/2017,Regular Season,217,Barcelona,222,Villarreal,4,1,2023-07-24T21:44:41.005181
266989,2016-11-06,11,La Liga,2,2016/2017,Regular Season,213,Sevilla,217,Barcelona,1,2,2023-07-24T21:50:55.698179
267039,2017-05-14,11,La Liga,2,2016/2017,Regular Season,208,Las Palmas,217,Barcelona,1,4,2023-07-24T21:43:11.033141
267058,2016-10-29,11,La Liga,2,2016/2017,Regular Season,217,Barcelona,1049,Granada,1,0,2022-11-19T16:31:49.005726
267076,2016-12-03,11,La Liga,2,2016/2017,Regular Season,217,Barcelona,220,Real Madrid,1,1,2022-11-19T16:45:15.008713
267077,2017-04-29,11,La Liga,2,2016/2017,Regular Season,214,Espanyol,217,Barcelona,0,3,2022-11-30T18:20:38.178231
267101,2017-04-26,11,La Liga,2,2016/2017,Regular Season,217,Barcelona,422,Osasuna,7,1,2023-07-24T21:48:41.471109
267212,2016-09-17,11,La Liga,2,2016/2017,Regular Season,205,Leganés,217,Barcelona,1,5,2022-11-19T16:09:54.565019
267220,2016-09-21,11,La Liga,2,2016/2017,Regular Season,217,Barcelona,212,Atlético Madrid,1,1,2023-07-24T21:42:13.386289
267373,2017-04-15,11,La Liga,2,2016/2017,Regular Season,217,Barcelona,210,Real Sociedad,3,2,2023-07-24T21:47:36.081731
267395,2017-01-14,11,La Liga,2,2016/2017,Regular Season,217,Barcelona,208,Las Palmas,5,0,2023-05-11T08:13:40.117646
267432,2017-05-21,11,La Liga,2,2016/2017,Regular Season,217,Barcelona,322,Eibar,4,2,2022-11-30T18:34:51.329429
267464,2017-02-26,11,La Liga,2,2016/2017,Regular Season,212,Atlético Madrid,217,Barcelona,1,2,2023-07-24T17:58:47.723079
267492,2016-10-15,11,La Liga,2,2016/2017,Regular Season,217,Barcelona,219,RC Deportivo La Coruña,4,0,2023-07-24T21:44:15.323363
267569,2017-04-23,11,La Liga,2,2016/2017,Regular Season,220,Real Madrid,217,Barcelona,2,3,2025-03-09T16:03:54.962718
267590,2017-04-08,11,La Liga,2,2016/2017,Regular Season,223,Málaga,217,Barcelona,2,0,2023-07-24T21:41:12.651789
267596,2017-02-19,11,La Liga,2,2016/2017,Regular Season,217,Barcelona,205,Leganés,2,1,2022-11-30T17:34:55.935989
267660,2017-03-12,11,La Liga,2,2016/2017,Regular Season,219,RC Deportivo La Coruña,217,Barcelona,2,1,2022-11-30T17:50:11.505639
267670,2016-08-20,11,La Liga,2,2016/2017,Regular Season,217,Barcelona,218,Real Betis,6,2,2022-11-19T16:01:22.382731
15946,2018-08-18,11,La Liga,4,2018/2019,Regular Season,217,Barcelona,206,Deportivo Alavés,3,0,2022-12-05T14:32:32.223676
15956,2018-08-25,11,La Liga,4,2018/2019,Regular Season,901,Real Valladolid,217,Barcelona,0,1,2022-12-09T22:04:24.608353
15973,2018-09-02,11,La Liga,4,2018/2019,Regular Season,217,Barcelona,902,Huesca,8,2,2023-02-22T05:46:57.699229
15978,2018-09-15,11,La Liga,4,2018/2019,Regular Season,210,Real Sociedad,217,Barcelona,1,2,2022-12-05T14:46:11.299820
15986,2018-09-23,11,La Liga,4,2018/2019,Regular Season,217,Barcelona,211,Girona,2,2,2023-03-31T15:44:45.788046
15998,2018-09-26,11,La Liga,4,2018/2019,Regular Season,205,Leganés,217,Barcelona,2,1,2020-07-29T05:00
16010,2018-09-29,11,La Liga,4,2018/2019,Regular Season,217,Barcelona,215,Athletic Club,1,1,2022-12-01T12:03:49.759103
16023,2018-10-07,11,La Liga,4,2018/2019,Regular Season,207,Valencia,217,Barcelona,1,1,2022-12-20T18:02:32.291195
16029,2018-10-20,11,La Liga,4,2018/2019,Regular Season,217,Barcelona,213,Sevilla,4,2,2020-07-29T05:00
16056,2018-11-11,11,La Liga,4,2018/2019,Regular Season,217,Barcelona,218,Real Betis,3,4,2024-09-22T18:50:23.364757
16073,2018-11-24,11,La Liga,4,2018/2019,Regular Season,212,Atlético Madrid,217,Barcelona,1,1,2020-07-29T05:00
16079,2018-12-02,11,La Liga,4,2018/2019,Regular Season,217,Barcelona,222,Villarreal,2,0,2022-12-14T01:23:34.890423
16086,2018-12-08,11,La Liga,4,2018/2019,Regular Season,214,Espanyol,217,Barcelona,0,4,2020-07-29T05:00
16095,2018-12-16,11,La Liga,4,2018/2019,Regular Season,221,Levante UD,217,Barcelona,0,5,2022-12-11T08:51:13.107818
16109,2018-12-22,11,La Liga,4,2018/2019,Regular Season,217,Barcelona,209,Celta Vigo,2,0,2022-12-13T02:37:05.311336
16120,2019-01-06,11,La Liga,4,2018/2019,Regular Season,216,Getafe,217,Barcelona,1,2,2020-07-29T05:00
16131,2019-01-13,11,La Liga,4,2018/2019,Regular Season,217,Barcelona,322,Eibar,3,0,2022-12-13T02:39:09.619019
16136,2019-01-20,11,La Liga,4,2018/2019,Regular Season,217,Barcelona,205,Leganés,3,1,2022-12-13T02:40:13.071475
16149,2019-01-27,11,La Liga,4,2018/2019,Regular Season,211,Girona,217,Barcelona,0,2,2023-02-28T15:06:32.588321
16157,2019-02-02,11,La Liga,4,2018/2019,Regular Season,217,Barcelona,207,Valencia,2,2,2020-07-29T05:00
16173,2019-02-10,11,La Liga,4,2018/2019,Regular Season,215,Athletic Club,217,Barcelona,0,0,2022-12-23T21:14:41.328965
16182,2019-02-16,11,La Liga,4,2018/2019,Regular Season,217,Barcelona,901,Real Valladolid,1,0,2020-07-29T05:00
16190,2019-02-23,11,La Liga,4,2018/2019,Regular Season,213,Sevilla,217,Barcelona,2,4,2020-07-29T05:00
16196,2019-03-02,11,La Liga,4,2018/2019,Regular Season,220,Real Madrid,217,Barcelona,0,1,2020-07-29T05:00
16205,2019-03-09,11,La Liga,4,2018/2019,Regular Season,217,Barcelona,360,Rayo Vallecano,3,1,2021-04-11T22:02:53.541997
16215,2019-03-17,11,La Liga,4,2018/2019,Regular Season,218,Real Betis,217,Barcelona,1,4,2023-05-11T08:22:01.941875
16231,2019-03-30,11,La Liga,4,2018/2019,Regular Season,217,Barcelona,214,Espanyol,2,0,2023-07-24T17:49:29.379819
16240,2019-04-02,11,La Liga,4,2018/2019,Regular Season,222,Villarreal,217,Barcelona,4,4,2023-07-24T17:45:37.697121
16248,2019-04-06,11,La Liga,4,2018/2019,Regular Season,217,Barcelona,212,Atlético Madrid,2,0,2020-07-29T05:00
16265,2019-04-20,11,La Liga,4,2018/2019,Regular Season,217,Barcelona,210,Real Sociedad,2,1,2020-07-29T05:00
16275,2019-04-23,11,La Liga,4,2018/2019,Regular Season,206,Deportivo Alavés,217,Barcelona,0,2,2023-07-24T17:52:58.349594
16289,2019-04-27,11,La Liga,4,2018/2019,Regular Season,217,Barcelona,221,Levante UD,1,0,2021-04-12T07:10:50.239941
16306,2019-05-12,11,La Liga,4,2018/2019,Regular Season,217,Barcelona,216,Getafe,2,0,2020-07-29T05:00
16317,2019-05-19,11,La Liga,4,2018/2019,Regular Season,322,Eibar,217,Barcelona,2,2,2023-07-24T17:52:24.271833
69210,2010-01-23,11,La Liga,21,2009/2010,Regular Season,901,Real Valladolid,217,Barcelona,0,3,2020-07-29T05:00
69213,2010-04-17,11,La Liga,21,2009/2010,Regular Season,214,Espanyol,217,Barcelona,0,0,2020-07-29T05:00
69214,2010-04-24,11,La Liga,21,2009/2010,Regular Season,217,Barcelona,1219,Xerez,3,1,2021-10-26T13:56:40.989214
69218,2009-12-05,11,La Liga,21,2009/2010,Regular Season,219,RC Deportivo La Coruña,217,Barcelona,1,3,2020-07-29T05:00
69219,2010-01-10,11,La Liga,21,2009/2010,Regular Season,627,Tenerife,217,Barcelona,0,5,2020-07-29T05:00
69220,2010-01-30,11,La Liga,21,2009/2010,Regular Season,1041,Sporting Gijón,217,Barcelona,0,1,2025-06-24T09:47:07.824212
69221,2010-04-14,11,La Liga,21,2009/2010,Regular Season,217,Barcelona,219,RC Deportivo La Coruña,3,0,2020-07-29T05:00
69224,2010-03-14,11,La Liga,21,2009/2010,Regular Season,217,Barcelona,207,Valencia,3,0,2020-07-29T05:00
69226,2010-03-06,11,La Liga,21,2009/2010,Regular Season,403,Almería,217,Barcelona,2,2,2020-07-29T05:00
69227,2010-03-21,11,La Liga,21,2009/2010,Regular Season,395,Real Zaragoza,217,Barcelona,2,4,2020-07-29T05:00
69229,2009-09-12,11,La Liga,21,2009/2010,Regular Season,216,Getafe,217,Barcelona,0,2,2020-07-29T05:00
69233,2010-02-20,11,La Liga,21,2009/2010,Regular Season,217,Barcelona,1217,Racing Santander,4,0,2025-06-23T12:39:22.327293
69237,2010-02-14,11,La Liga,21,2009/2010,Regular Season,212,Atlético Madrid,217,Barcelona,2,1,2020-07-29T05:00
69238,2010-02-27,11,La Liga,21,2009/2010,Regular Season,217,Barcelona,223,Málaga,2,1,2024-08-08T15:59:03.350560
69239,2010-05-08,11,La Liga,21,2009/2010,Regular Season,213,Sevilla,217,Barcelona,2,3,2020-07-29T05:00
69240,2010-02-06,11,La Liga,21,2009/2010,Regular Season,217,Barcelona,216,Getafe,2,1,2020-07-29T05:00
69241,2010-05-04,11,La Liga,21,2009/2010,Regular Season,217,Barcelona,627,Tenerife,4,1,2020-07-29T05:00
69242,2010-05-16,11,La Liga,21,2009/2010,Regular Season,217,Barcelona,901,Real Valladolid,4,0,2023-04-19T10:47:17.536343
69243,2010-01-16,11,La Liga,21,2009/2010,Regular Season,217,Barcelona,213,Sevilla,4,0,2020-07-29T05:00
69244,2010-05-01,11,La Liga,21,2009/2010,Regular Season,222,Villarreal,217,Barcelona,1,4,2025-06-24T09:36:30.353724
69247,2010-04-03,11,La Liga,21,2009/2010,Regular Season,217,Barcelona,215,Athletic Club,4,1,2020-07-29T05:00
69250,2009-11-07,11,La Liga,21,2009/2010,Regular Season,217,Barcelona,1043,Mallorca,4,2,2023-04-19T10:48:01.770383
69252,2009-10-17,11,La Liga,21,2009/2010,Regular Season,207,Valencia,217,Barcelona,0,0,2020-07-29T05:00
69253,2009-10-25,11,La Liga,21,2009/2010,Regular Season,217,Barcelona,395,Real Zaragoza,6,1,2023-11-29T10:55:10.039117
69254,2009-09-22,11,La Liga,21,2009/2010,Regular Season,1217,Racing Santander,217,Barcelona,1,4,2020-07-29T05:00
69255,2009-09-26,11,La Liga,21,2009/2010,Regular Season,223,Málaga,217,Barcelona,0,2,2025-06-24T13:42:28.361119
69256,2009-10-03,11,La Liga,21,2009/2010,Regular Season,217,Barcelona,403,Almería,1,0,2020-07-29T05:00
69257,2010-03-24,11,La Liga,21,2009/2010,Regular Season,217,Barcelona,422,Osasuna,2,0,2025-06-24T13:43:36.379754
69259,2010-04-10,11,La Liga,21,2009/2010,Regular Season,220,Real Madrid,217,Barcelona,0,2,2020-07-29T05:00
69262,2009-11-29,11,La Liga,21,2009/2010,Regular Season,217,Barcelona,220,Real Madrid,1,0,2020-07-29T05:00
69267,2009-12-02,11,La Liga,21,2009/2010,Regular Season,1219,Xerez,217,Barcelona,0,2,2025-06-24T13:39:08.673844
69277,2009-10-31,11,La Liga,21,2009/2010,Regular Season,422,Osasuna,217,Barcelona,1,1,2020-07-29T05:00
69288,2009-11-21,11,La Liga,21,2009/2010,Regular Season,215,Athletic Club,217,Barcelona,1,1,2020-07-29T05:00
69292,2009-09-19,11,La Liga,21,2009/2010,Regular Season,217,Barcelona,212,Atlético Madrid,5,2,2020-07-29T05:00
69298,2010-03-27,11,La Liga,21,2009/2010,Regular Season,1043,Mallorca,217,Barcelona,0,1,2020-07-29T05:00
69234,2011-05-08,11,La Liga,22,2010/2011,Regular Season,217,Barcelona,214,Espanyol,2,0,2025-06-24T13:39:07.275002
69236,2010-10-03,11,La Liga,22,2010/2011,Regular Season,217,Barcelona,1043,Mallorca,1,1,2022-11-30T15:40:53.042701
69245,2011-04-16,11,La Liga,22,2010/2011,Regular Season,220,Real Madrid,217,Barcelona,1,1,2020-07-29T05:00
69246,2011-04-30,11,La Liga,22,2010/2011,Regular Season,210,Real Sociedad,217,Barcelona,2,1,2025-06-24T13:40:09.675919
69248,2011-02-12,11,La Liga,22,2010/2011,Regular Season,1041,Sporting Gijón,217,Barcelona,1,1,2022-11-30T15:35:07.375975
69260,2010-10-16,11,La Liga,22,2010/2011,Regular Season,217,Barcelona,207,Valencia,2,1,2020-07-29T05:00
69263,2010-10-23,11,La Liga,22,2010/2011,Regular Season,395,Real Zaragoza,217,Barcelona,0,2,2020-07-29T05:00
69269,2010-09-19,11,La Liga,22,2010/2011,Regular Season,212,Atlético Madrid,217,Barcelona,1,2,2020-07-29T05:00
69270,2010-11-07,11,La Liga,22,2010/2011,Regular Season,216,Getafe,217,Barcelona,1,3,2020-07-29T05:00
69271,2011-04-23,11,La Liga,22,2010/2011,Regular Season,217,Barcelona,422,Osasuna,2,0,2020-07-29T05:00
69272,2011-05-11,11,La Liga,22,2010/2011,Regular Season,221,Levante UD,217,Barcelona,1,1,2025-06-24T13:51:54.910296
69274,2011-03-02,11,La Liga,22,2010/2011,Regular Season,207,Valencia,217,Barcelona,0,1,2020-07-29T05:00
69275,2010-12-18,11,La Liga,22,2010/2011,Regular Season,214,Espanyol,217,Barcelona,1,5,2021-11-11T22:57:42.361902
69276,2011-02-05,11,La Liga,22,2010/2011,Regular Season,217,Barcelona,212,Atlético Madrid,3,0,2022-11-30T15:34:10.047942
69278,2011-01-16,11,La Liga,22,2010/2011,Regular Season,217,Barcelona,223,Málaga,4,1,2022-11-30T15:33:05.021926
69280,2011-01-08,11,La Liga,22,2010/2011,Regular Season,219,RC Deportivo La Coruña,217,Barcelona,0,4,2025-06-24T09:37:46.499134
69282,2011-02-20,11,La Liga,22,2010/2011,Regular Season,217,Barcelona,215,Athletic Club,2,1,2022-11-30T15:36:10.380295
69283,2011-02-26,11,La Liga,22,2010/2011,Regular Season,1043,Mallorca,217,Barcelona,0,3,2022-11-30T15:37:07.874009
69286,2010-08-29,11,La Liga,22,2010/2011,Regular Season,1217,Racing Santander,217,Barcelona,0,3,2020-07-29T05:00
69287,2010-09-11,11,La Liga,22,2010/2011,Regular Season,217,Barcelona,1218,Hércules,0,2,2022-11-30T15:29:05.326379
69289,2010-10-30,11,La Liga,22,2010/2011,Regular Season,217,Barcelona,213,Sevilla,5,0,2023-04-19T10:48:44.079830
69291,2011-03-13,11,La Liga,22,2010/2011,Regular Season,213,Sevilla,217,Barcelona,1,1,2020-07-29T05:00
69295,2011-01-22,11,La Liga,22,2010/2011,Regular Season,217,Barcelona,1217,Racing Santander,3,0,2025-06-24T13:41:27.668146
69296,2011-01-29,11,La Liga,22,2010/2011,Regular Season,1218,Hércules,217,Barcelona,0,3,2020-07-29T05:00
69299,2010-11-29,11,La Liga,22,2010/2011,Regular Season,217,Barcelona,220,Real Madrid,5,0,2020-07-29T05:00
69300,2011-03-05,11,La Liga,22,2010/2011,Regular Season,217,Barcelona,395,Real Zaragoza,1,0,2022-11-30T15:38:10.426222
69302,2010-12-12,11,La Liga,22,2010/2011,Regular Season,217,Barcelona,210,Real Sociedad,5,0,2020-07-29T05:00
69303,2011-03-19,11,La Liga,22,2010/2011,Regular Season,217,Barcelona,216,Getafe,2,1,2025-06-24T09:39:05.179839
69304,2011-04-02,11,La Liga,22,2010/2011,Regular Season,222,Villarreal,217,Barcelona,0,1,2020-07-29T05:00
69305,2011-04-09,11,La Liga,22,2010/2011,Regular Season,217,Barcelona,403,Almería,3,1,2020-07-29T05:00
69306,2010-11-20,11,La Liga,22,2010/2011,Regular Season,403,Almería,217,Barcelona,0,8,2022-11-30T15:30:59.059759
69307,2010-12-04,11,La Liga,22,2010/2011,Regular Season,422,Osasuna,217,Barcelona,0,3,2022-11-30T15:32:00.298936
69308,2010-11-13,11,La Liga,22,2010/2011,Regular Season,217,Barcelona,222,Villarreal,3,1,2020-07-29T05:00
69264,2011-09-10,11,La Liga,23,2011/2012,Regular Season,210,Real Sociedad,217,Barcelona,2,2,2020-07-29T05:00
69265,2011-10-02,11,La Liga,23,2011/2012,Regular Season,1041,Sporting Gijón,217,Barcelona,0,1,2020-07-29T05:00
69268,2011-08-29,11,La Liga,23,2011/2012,Regular Season,217,Barcelona,222,Villarreal,5,0,2020-07-29T05:00
69293,2011-10-15,11,La Liga,23,2011/2012,Regular Season,217,Barcelona,1217,Racing Santander,3,0,2020-07-29T05:00
69297,2011-09-24,11,La Liga,23,2011/2012,Regular Season,217,Barcelona,212,Atlético Madrid,5,0,2020-07-29T05:00
69312,2012-01-08,11,La Liga,23,2011/2012,Regular Season,214,Espanyol,217,Barcelona,1,1,2020-07-29T05:00
69314,2011-10-29,11,La Liga,23,2011/2012,Regular Season,217,Barcelona,1043,Mallorca,5,0,2020-07-29T05:00
69315,2011-11-26,11,La Liga,23,2011/2012,Regular Season,216,Getafe,217,Barcelona,1,0,2020-07-29T05:00
69316,2012-02-04,11,La Liga,23,2011/2012,Regular Season,217,Barcelona,210,Real Sociedad,2,1,2020-07-29T05:00
69318,2011-10-25,11,La Liga,23,2011/2012,Regular Season,1049,Granada,217,Barcelona,0,1,2025-06-24T13:38:10.764259
69319,2012-05-12,11,La Liga,23,2011/2012,Regular Season,218,Real Betis,217,Barcelona,2,2,2025-06-24T09:48:18.424006
69320,2012-05-05,11,La Liga,23,2011/2012,Regular Season,217,Barcelona,214,Espanyol,4,0,2020-07-29T05:00
69322,2012-03-11,11,La Liga,23,2011/2012,Regular Season,1217,Racing Santander,217,Barcelona,0,2,2020-07-29T05:00
69323,2012-03-31,11,La Liga,23,2011/2012,Regular Season,217,Barcelona,215,Athletic Club,2,0,2020-07-29T05:00
69324,2012-04-21,11,La Liga,23,2011/2012,Regular Season,217,Barcelona,220,Real Madrid,1,2,2020-07-29T05:00
69325,2012-03-24,11,La Liga,23,2011/2012,Regular Season,1043,Mallorca,217,Barcelona,0,2,2020-07-29T05:00
69326,2012-03-17,11,La Liga,23,2011/2012,Regular Season,213,Sevilla,217,Barcelona,0,2,2020-07-29T05:00
69327,2012-01-15,11,La Liga,23,2011/2012,Regular Season,217,Barcelona,218,Real Betis,4,2,2025-06-24T13:35:50.766446
69328,2012-02-19,11,La Liga,23,2011/2012,Regular Season,217,Barcelona,207,Valencia,5,1,2020-07-29T05:00
69329,2011-10-22,11,La Liga,23,2011/2012,Regular Season,217,Barcelona,213,Sevilla,0,0,2020-07-29T05:00
69330,2011-11-06,11,La Liga,23,2011/2012,Regular Season,215,Athletic Club,217,Barcelona,2,2,2020-07-29T05:00
69331,2011-11-19,11,La Liga,23,2011/2012,Regular Season,217,Barcelona,395,Real Zaragoza,4,0,2025-06-24T09:49:17.824908
69332,2011-11-29,11,La Liga,23,2011/2012,Regular Season,217,Barcelona,360,Rayo Vallecano,4,0,2025-06-24T13:36:53.826184
69333,2011-12-03,11,La Liga,23,2011/2012,Regular Season,217,Barcelona,221,Levante UD,5,0,2020-07-29T05:00
69334,2011-12-10,11,La Liga,23,2011/2012,Regular Season,220,Real Madrid,217,Barcelona,1,3,2020-07-29T05:00
69335,2012-01-22,11,La Liga,23,2011/2012,Regular Season,223,Málaga,217,Barcelona,1,4,2020-07-29T05:00
69336,2012-02-11,11,La Liga,23,2011/2012,Regular Season,422,Osasuna,217,Barcelona,3,2,2020-07-29T05:00
69337,2012-02-26,11,La Liga,23,2011/2012,Regular Season,212,Atlético Madrid,217,Barcelona,1,2,2020-07-29T05:00
69338,2012-01-28,11,La Liga,23,2011/2012,Regular Season,222,Villarreal,217,Barcelona,0,0,2020-07-29T05:00
69340,2012-05-02,11,La Liga,23,2011/2012,Regular Season,217,Barcelona,223,Málaga,4,1,2020-07-29T05:00
69343,2012-04-10,11,La Liga,23,2011/2012,Regular Season,217,Barcelona,216,Getafe,4,0,2020-07-29T05:00
70219,2012-04-07,11,La Liga,23,2011/2012,Regular Season,395,Real Zaragoza,217,Barcelona,1,4,2020-07-29T05:00
70220,2011-09-17,11,La Liga,23,2011/2012,Regular Season,217,Barcelona,422,Osasuna,8,0,2024-08-08T16:05:15.226901
70221,2012-04-14,11,La Liga,23,2011/2012,Regular Season,221,Levante UD,217,Barcelona,1,2,2020-07-29T05:00
70223,2011-09-21,11,La Liga,23,2011/2012,Regular Season,207,Valencia,217,Barcelona,2,2,2020-07-29T05:00
70224,2012-04-29,11,La Liga,23,2011/2012,Regular Season,360,Rayo Vallecano,217,Barcelona,0,7,2022-12-01T14:10:17.791769
70225,2012-03-20,11,La Liga,23,2011/2012,Regular Season,217,Barcelona,1049,Granada,5,3,2020-07-29T05:00
70256,2013-03-30,11,La Liga,24,2012/2013,Regular Season,209,Celta Vigo,217,Barcelona,2,2,2020-07-29T05:00
70259,2012-08-19,11,La Liga,24,2012/2013,Regular Season,217,Barcelona,210,Real Sociedad,5,1,2020-07-29T05:00
70260,2013-01-27,11,La Liga,24,2012/2013,Regular Season,217,Barcelona,422,Osasuna,5,1,2020-07-29T05:00
70262,2012-08-26,11,La Liga,24,2012/2013,Regular Season,422,Osasuna,217,Barcelona,1,2,2020-07-29T05:00
70263,2012-12-01,11,La Liga,24,2012/2013,Regular Season,217,Barcelona,215,Athletic Club,5,1,2024-08-08T15:58:16.003036
70270,2012-09-22,11,La Liga,24,2012/2013,Regular Season,217,Barcelona,1049,Granada,2,0,2020-07-29T05:00
70271,2013-02-23,11,La Liga,24,2012/2013,Regular Season,217,Barcelona,213,Sevilla,2,1,2020-07-29T05:00
70272,2013-03-02,11,La Liga,24,2012/2013,Regular Season,220,Real Madrid,217,Barcelona,2,1,2020-07-29T05:00
70275,2012-09-29,11,La Liga,24,2012/2013,Regular Season,213,Sevilla,217,Barcelona,2,3,2020-07-29T05:00
70276,2012-10-27,11,La Liga,24,2012/2013,Regular Season,360,Rayo Vallecano,217,Barcelona,0,5,2022-09-25T20:44:56.266162
70280,2012-11-25,11,La Liga,24,2012/2013,Regular Season,221,Levante UD,217,Barcelona,0,4,2020-07-29T05:00
70281,2013-05-05,11,La Liga,24,2012/2013,Regular Season,217,Barcelona,218,Real Betis,4,2,2020-07-29T05:00
70282,2013-02-03,11,La Liga,24,2012/2013,Regular Season,207,Valencia,217,Barcelona,1,1,2020-07-29T05:00
70284,2013-05-12,11,La Liga,24,2012/2013,Regular Season,212,Atlético Madrid,217,Barcelona,1,2,2020-07-29T05:00
70286,2012-09-02,11,La Liga,24,2012/2013,Regular Season,217,Barcelona,207,Valencia,1,0,2020-07-29T05:00
70287,2013-01-19,11,La Liga,24,2012/2013,Regular Season,210,Real Sociedad,217,Barcelona,3,2,2020-07-29T05:00
70292,2012-09-15,11,La Liga,24,2012/2013,Regular Season,216,Getafe,217,Barcelona,1,4,2020-07-29T05:00
70294,2013-02-16,11,La Liga,24,2012/2013,Regular Season,1049,Granada,217,Barcelona,1,2,2020-07-29T05:00
70295,2012-12-09,11,La Liga,24,2012/2013,Regular Season,218,Real Betis,217,Barcelona,1,2,2020-07-29T05:00
70296,2012-12-16,11,La Liga,24,2012/2013,Regular Season,217,Barcelona,212,Atlético Madrid,4,1,2020-07-29T05:00
70297,2013-02-10,11,La Liga,24,2012/2013,Regular Season,217,Barcelona,216,Getafe,6,1,2021-10-27T15:44:43.940862
70300,2012-10-07,11,La Liga,24,2012/2013,Regular Season,217,Barcelona,220,Real Madrid,2,2,2020-07-29T05:00
70304,2012-10-20,11,La Liga,24,2012/2013,Regular Season,219,RC Deportivo La Coruña,217,Barcelona,4,5,2025-06-24T09:50:24.676589
70305,2013-03-09,11,La Liga,24,2012/2013,Regular Season,217,Barcelona,219,RC Deportivo La Coruña,2,0,2020-07-29T05:00
70307,2013-03-17,11,La Liga,24,2012/2013,Regular Season,217,Barcelona,360,Rayo Vallecano,3,1,2020-07-29T05:00
70308,2012-11-03,11,La Liga,24,2012/2013,Regular Season,217,Barcelona,209,Celta Vigo,3,1,2025-06-24T13:53:14.047130
70309,2012-11-17,11,La Liga,24,2012/2013,Regular Season,217,Barcelona,395,Real Zaragoza,3,1,2024-03-10T11:24:05.201066
266015,2012-12-22,11,La Liga,24,2012/2013,Regular Season,901,Real Valladolid,217,Barcelona,1,3,2020-07-29T05:00
266433,2013-01-06,11,La Liga,24,2012/2013,Regular Season,217,Barcelona,214,Espanyol,4,0,2020-07-29T05:00
266724,2012-11-11,11,La Liga,24,2012/2013,Regular Season,1043,Mallorca,217,Barcelona,2,4,2020-07-29T05:00
266827,2013-01-13,11,La Liga,24,2012/2013,Regular Season,223,Málaga,217,Barcelona,1,3,2025-06-24T09:51:38.918757
267502,2013-04-27,11,La Liga,24,2012/2013,Regular Season,215,Athletic Club,217,Barcelona,2,2,2022-09-25T20:52:24.444609
70277,2013-08-18,11,La Liga,25,2013/2014,Regular Season,217,Barcelona,221,Levante UD,7,0,2020-07-29T05:00
70283,2013-11-01,11,La Liga,25,2013/2014,Regular Season,217,Barcelona,214,Espanyol,1,0,2020-07-29T05:00
70288,2014-01-19,11,La Liga,25,2013/2014,Regular Season,221,Levante UD,217,Barcelona,1,1,2022-07-23T12:18:49.547396
70289,2014-04-27,11,La Liga,25,2013/2014,Regular Season,222,Villarreal,217,Barcelona,2,3,2020-07-29T05:00
70291,2014-01-26,11,La Liga,25,2013/2014,Regular Season,217,Barcelona,223,Málaga,3,0,2020-07-29T05:00
70293,2013-10-26,11,La Liga,25,2013/2014,Regular Season,217,Barcelona,220,Real Madrid,2,1,2020-07-29T05:00
70298,2013-09-01,11,La Liga,25,2013/2014,Regular Season,207,Valencia,217,Barcelona,2,3,2020-07-29T05:00
70301,2013-09-14,11,La Liga,25,2013/2014,Regular Season,217,Barcelona,213,Sevilla,3,2,2020-07-29T05:00
70302,2013-09-21,11,La Liga,25,2013/2014,Regular Season,360,Rayo Vallecano,217,Barcelona,0,4,2022-07-23T12:11:58.073987
70306,2014-03-29,11,La Liga,25,2013/2014,Regular Season,214,Espanyol,217,Barcelona,0,1,2020-07-29T05:00
265830,2014-01-11,11,La Liga,25,2013/2014,Regular Season,212,Atlético Madrid,217,Barcelona,0,0,2020-07-29T05:00
265837,2014-02-22,11,La Liga,25,2013/2014,Regular Season,210,Real Sociedad,217,Barcelona,3,1,2020-07-29T05:00
265857,2014-03-23,11,La Liga,25,2013/2014,Regular Season,220,Real Madrid,217,Barcelona,3,4,2020-07-29T05:00
265918,2014-02-15,11,La Liga,25,2013/2014,Regular Season,217,Barcelona,360,Rayo Vallecano,6,0,2020-07-29T05:00
266066,2014-03-02,11,La Liga,25,2013/2014,Regular Season,217,Barcelona,403,Almería,4,1,2025-06-24T09:52:44.048585
266074,2014-03-16,11,La Liga,25,2013/2014,Regular Season,217,Barcelona,422,Osasuna,7,0,2020-07-29T05:00
266201,2014-05-11,11,La Liga,25,2013/2014,Regular Season,1042,Elche,217,Barcelona,0,0,2025-06-24T09:40:09.402472
266256,2014-05-17,11,La Liga,25,2013/2014,Regular Season,217,Barcelona,212,Atlético Madrid,1,1,2020-07-29T05:00
266274,2014-03-26,11,La Liga,25,2013/2014,Regular Season,217,Barcelona,209,Celta Vigo,3,0,2020-07-29T05:00
266420,2013-09-28,11,La Liga,25,2013/2014,Regular Season,403,Almería,217,Barcelona,0,2,2025-06-24T09:42:54.400920
266462,2013-10-19,11,La Liga,25,2013/2014,Regular Season,422,Osasuna,217,Barcelona,0,0,2020-07-29T05:00
266491,2014-05-03,11,La Liga,25,2013/2014,Regular Season,217,Barcelona,216,Getafe,2,2,2020-07-29T05:00
266603,2014-03-08,11,La Liga,25,2013/2014,Regular Season,901,Real Valladolid,217,Barcelona,1,0,2020-07-29T05:00
266613,2014-02-01,11,La Liga,25,2013/2014,Regular Season,217,Barcelona,207,Valencia,2,3,2020-07-29T05:00
266883,2013-11-10,11,La Liga,25,2013/2014,Regular Season,218,Real Betis,217,Barcelona,1,4,2020-07-29T05:00
267138,2014-04-12,11,La Liga,25,2013/2014,Regular Season,1049,Granada,217,Barcelona,1,0,2025-06-24T09:41:19.604248
267192,2013-10-29,11,La Liga,25,2013/2014,Regular Season,209,Celta Vigo,217,Barcelona,0,3,2020-07-29T05:00
267368,2014-04-05,11,La Liga,25,2013/2014,Regular Season,217,Barcelona,218,Real Betis,3,1,2020-07-29T05:00
267520,2013-09-24,11,La Liga,25,2013/2014,Regular Season,217,Barcelona,210,Real Sociedad,4,1,2020-07-29T05:00
267567,2014-04-20,11,La Liga,25,2013/2014,Regular Season,217,Barcelona,215,Athletic Club,2,1,2020-07-29T05:00
267675,2014-02-09,11,La Liga,25,2013/2014,Regular Season,213,Sevilla,217,Barcelona,1,4,2020-07-29T05:00
70264,2014-12-13,11,La Liga,26,2014/2015,Regular Season,216,Getafe,217,Barcelona,0,0,2020-07-29T05:00
70273,2014-09-13,11,La Liga,26,2014/2015,Regular Season,217,Barcelona,215,Athletic Club,2,0,2020-07-29T05:00
70303,2015-01-11,11,La Liga,26,2014/2015,Regular Season,217,Barcelona,212,Atlético Madrid,3,1,2023-07-24T21:45:07.990490
265835,2014-11-22,11,La Liga,26,2014/2015,Regular Season,217,Barcelona,213,Sevilla,5,1,2020-07-29T05:00
265866,2015-05-02,11,La Liga,26,2014/2015,Regular Season,373,Córdoba CF,217,Barcelona,0,8,2022-08-14T18:42:42.974719
265896,2014-10-18,11,La Liga,26,2014/2015,Regular Season,217,Barcelona,322,Eibar,3,0,2022-08-14T17:20:55.698253
265963,2015-04-28,11,La Liga,26,2014/2015,Regular Season,217,Barcelona,216,Getafe,6,0,2022-08-14T18:34:52.948014
266045,2015-05-09,11,La Liga,26,2014/2015,Regular Season,217,Barcelona,210,Real Sociedad,2,0,2022-08-14T18:49:03.341489
266117,2014-09-27,11,La Liga,26,2014/2015,Regular Season,217,Barcelona,1049,Granada,6,0,2020-07-29T05:00
266142,2015-04-11,11,La Liga,26,2014/2015,Regular Season,213,Sevilla,217,Barcelona,2,2,2022-08-14T18:25:25.446317
266148,2015-02-21,11,La Liga,26,2014/2015,Regular Season,217,Barcelona,223,Málaga,0,1,2023-07-24T21:47:01.097628
266230,2015-01-18,11,La Liga,26,2014/2015,Regular Season,219,RC Deportivo La Coruña,217,Barcelona,0,4,2022-08-14T17:43:47.980754
266240,2015-01-04,11,La Liga,26,2014/2015,Regular Season,210,Real Sociedad,217,Barcelona,1,0,2023-09-20T17:22:28.925900
266320,2014-12-07,11,La Liga,26,2014/2015,Regular Season,217,Barcelona,214,Espanyol,5,1,2020-07-29T05:00
266406,2014-08-31,11,La Liga,26,2014/2015,Regular Season,222,Villarreal,217,Barcelona,0,1,2020-07-29T05:00
266525,2015-04-18,11,La Liga,26,2014/2015,Regular Season,217,Barcelona,207,Valencia,2,0,2023-07-24T21:43:55.012811
266531,2015-04-25,11,La Liga,26,2014/2015,Regular Season,214,Espanyol,217,Barcelona,0,2,2023-07-24T21:48:36.369414
266560,2014-11-30,11,La Liga,26,2014/2015,Regular Season,207,Valencia,217,Barcelona,0,1,2020-07-29T05:00
266631,2015-05-17,11,La Liga,26,2014/2015,Regular Season,212,Atlético Madrid,217,Barcelona,0,1,2023-07-24T21:49:33.046670
266741,2015-02-15,11,La Liga,26,2014/2015,Regular Season,217,Barcelona,221,Levante UD,5,0,2023-07-24T21:44:55.278824
266770,2014-09-21,11,La Liga,26,2014/2015,Regular Season,221,Levante UD,217,Barcelona,0,5,2020-07-29T05:00
266794,2015-01-24,11,La Liga,26,2014/2015,Regular Season,1042,Elche,217,Barcelona,0,6,2022-08-14T17:49:59.873306
266838,2014-09-24,11,La Liga,26,2014/2015,Regular Season,223,Málaga,217,Barcelona,0,0,2020-07-29T05:00
266846,2014-12-20,11,La Liga,26,2014/2015,Regular Season,217,Barcelona,373,Córdoba CF,5,0,2020-07-29T05:00
266871,2015-02-08,11,La Liga,26,2014/2015,Regular Season,215,Athletic Club,217,Barcelona,2,5,2023-07-24T21:46:02.129374
266916,2015-03-08,11,La Liga,26,2014/2015,Regular Season,217,Barcelona,360,Rayo Vallecano,6,1,2022-08-14T18:04:02.007235
266921,2014-08-24,11,La Liga,26,2014/2015,Regular Season,217,Barcelona,1042,Elche,3,0,2025-06-24T13:37:59.641068
266929,2015-04-05,11,La Liga,26,2014/2015,Regular Season,209,Celta Vigo,217,Barcelona,0,1,2022-08-14T18:17:43.021648
266967,2015-03-14,11,La Liga,26,2014/2015,Regular Season,322,Eibar,217,Barcelona,0,2,2023-07-24T21:48:04.558640
267085,2014-10-25,11,La Liga,26,2014/2015,Regular Season,220,Real Madrid,217,Barcelona,3,1,2022-08-14T17:28:42.264843
267183,2015-03-22,11,La Liga,26,2014/2015,Regular Season,217,Barcelona,220,Real Madrid,2,1,2022-08-14T18:11:16.045589
267197,2015-05-23,11,La Liga,26,2014/2015,Regular Season,217,Barcelona,219,RC Deportivo La Coruña,2,2,2023-07-24T21:47:10.091170
267301,2014-11-01,11,La Liga,26,2014/2015,Regular Season,217,Barcelona,209,Celta Vigo,0,1,2020-07-29T05:00
267343,2015-02-28,11,La Liga,26,2014/2015,Regular Season,1049,Granada,217,Barcelona,1,3,2023-07-24T21:50:15.215072
267400,2015-04-08,11,La Liga,26,2014/2015,Regular Season,217,Barcelona,403,Almería,4,0,2023-07-24T21:48:59.157523
267499,2014-11-08,11,La Liga,26,2014/2015,Regular Season,403,Almería,217,Barcelona,1,2,2022-08-14T17:35:46.658152
267561,2014-10-04,11,La Liga,26,2014/2015,Regular Season,360,Rayo Vallecano,217,Barcelona,0,2,2025-06-24T13:39:01.068680
267597,2015-02-01,11,La Liga,26,2014/2015,Regular Season,217,Barcelona,222,Villarreal,3,2,2022-08-14T17:57:09.908690
265839,2016-02-28,11,La Liga,27,2015/2016,Regular Season,217,Barcelona,213,Sevilla,2,1,2022-08-30T11:54:13.382802
265894,2016-01-23,11,La Liga,27,2015/2016,Regular Season,223,Málaga,217,Barcelona,1,2,2022-08-30T11:24:51.437349
265944,2016-04-23,11,La Liga,27,2015/2016,Regular Season,217,Barcelona,1041,Sporting Gijón,6,0,2023-07-24T17:54:12.421030
265958,2016-05-08,11,La Liga,27,2015/2016,Regular Season,217,Barcelona,214,Espanyol,5,0,2023-07-24T21:48:06.008416
266056,2016-03-06,11,La Liga,27,2015/2016,Regular Season,322,Eibar,217,Barcelona,0,4,2023-07-24T21:45:04.556843
266106,2016-03-20,11,La Liga,27,2015/2016,Regular Season,222,Villarreal,217,Barcelona,2,2,2020-07-29T05:00
266149,2016-01-17,11,La Liga,27,2015/2016,Regular Season,217,Barcelona,215,Athletic Club,6,0,2023-07-24T21:47:37.819590
266160,2016-02-07,11,La Liga,27,2015/2016,Regular Season,221,Levante UD,217,Barcelona,0,2,2023-09-20T17:21:32.111535
266166,2015-09-12,11,La Liga,27,2015/2016,Regular Season,212,Atlético Madrid,217,Barcelona,1,2,2023-07-24T21:46:36.538236
266236,2015-08-23,11,La Liga,27,2015/2016,Regular Season,215,Athletic Club,217,Barcelona,0,1,2023-07-24T21:45:51.010993
266254,2016-02-14,11,La Liga,27,2015/2016,Regular Season,217,Barcelona,209,Celta Vigo,6,1,2023-07-24T17:56:08.111843
266310,2016-04-20,11,La Liga,27,2015/2016,Regular Season,219,RC Deportivo La Coruña,217,Barcelona,0,8,2023-07-24T21:52:42.890908
266424,2015-11-21,11,La Liga,27,2015/2016,Regular Season,220,Real Madrid,217,Barcelona,0,4,2022-08-30T11:00:31.902311
266467,2015-09-23,11,La Liga,27,2015/2016,Regular Season,209,Celta Vigo,217,Barcelona,4,1,2020-07-29T05:00
266490,2015-09-20,11,La Liga,27,2015/2016,Regular Season,217,Barcelona,221,Levante UD,4,1,2022-08-30T10:30:18.594970
266498,2016-03-12,11,La Liga,27,2015/2016,Regular Season,217,Barcelona,216,Getafe,6,0,2023-07-24T21:49:59.471748
266557,2016-04-17,11,La Liga,27,2015/2016,Regular Season,217,Barcelona,207,Valencia,1,2,2023-07-24T18:00:30.746407
266620,2016-01-09,11,La Liga,27,2015/2016,Regular Season,217,Barcelona,1049,Granada,4,0,2022-08-30T11:16:19.049611
266653,2016-03-03,11,La Liga,27,2015/2016,Regular Season,360,Rayo Vallecano,217,Barcelona,1,5,2023-07-24T21:44:55.075875
266664,2016-04-09,11,La Liga,27,2015/2016,Regular Season,210,Real Sociedad,217,Barcelona,1,0,2022-08-30T12:06:30.681236
266670,2016-01-02,11,La Liga,27,2015/2016,Regular Season,214,Espanyol,217,Barcelona,0,0,2022-08-30T11:07:03.376857
266815,2016-02-17,11,La Liga,27,2015/2016,Regular Season,1041,Sporting Gijón,217,Barcelona,1,3,2023-07-24T21:51:07.293520
266885,2015-11-28,11,La Liga,27,2015/2016,Regular Season,217,Barcelona,210,Real Sociedad,4,0,2023-07-24T21:46:45.620687
266961,2015-12-12,11,La Liga,27,2015/2016,Regular Season,217,Barcelona,219,RC Deportivo La Coruña,2,2,2020-07-29T05:00
266986,2016-04-30,11,La Liga,27,2015/2016,Regular Season,218,Real Betis,217,Barcelona,0,2,2022-08-30T12:52:34.036721
267273,2016-02-20,11,La Liga,27,2015/2016,Regular Season,208,Las Palmas,217,Barcelona,1,2,2020-07-29T05:00
267274,2015-12-05,11,La Liga,27,2015/2016,Regular Season,207,Valencia,217,Barcelona,1,1,2023-07-24T21:46:03.786687
267327,2015-12-30,11,La Liga,27,2015/2016,Regular Season,217,Barcelona,218,Real Betis,4,0,2023-07-24T17:59:40.159198
267422,2015-08-29,11,La Liga,27,2015/2016,Regular Season,217,Barcelona,223,Málaga,1,0,2023-07-24T21:43:56.490047
267506,2016-05-14,11,La Liga,27,2015/2016,Regular Season,1049,Granada,217,Barcelona,0,3,2022-08-30T13:00:21.018790
267533,2016-04-02,11,La Liga,27,2015/2016,Regular Season,217,Barcelona,220,Real Madrid,1,2,2023-07-24T21:51:48.410526
267576,2016-01-30,11,La Liga,27,2015/2016,Regular Season,217,Barcelona,212,Atlético Madrid,2,1,2022-08-30T11:31:07.816757
267611,2015-09-26,11,La Liga,27,2015/2016,Regular Season,217,Barcelona,208,Las Palmas,2,1,2023-07-24T21:51:58.861743
3825562,2015-08-21,11,La Liga,27,2015/2016,Regular Season,223,Málaga,213,Sevilla,0,0,2022-02-14T13:21:45.007898
3825563,2015-08-22,11,La Liga,27,2015/2016,Regular Season,212,Atlético Madrid,208,Las Palmas,1,0,2022-02-14T13:23:03.150960
3825564,2015-08-22,11,La Liga,27,2015/2016,Regular Season,219,RC Deportivo La Coruña,210,Real Sociedad,0,0,2022-02-14T13:24:22.394076
3825565,2015-08-22,11,La Liga,27,2015/2016,Regular Season,214,Espanyol,216,Getafe,1,0,2022-02-14T13:25:24.237551
3825566,2015-08-22,11,La Liga,27,2015/2016,Regular Season,360,Rayo Vallecano,207,Valencia,0,0,2022-02-14T13:26:26.531977
3825567,2015-08-23,11,La Liga,27,2015/2016,Regular Season,1041,Sporting Gijón,220,Real Madrid,0,0,2022-02-14T13:27:38.939472
3825568,2015-08-23,11,La Liga,27,2015/2016,Regular Season,218,Real Betis,222,Villarreal,1,1,2022-02-14T13:28:31.537874
3825569,2015-08-23,11,La Liga,27,2015/2016,Regular Season,221,Levante UD,209,Celta Vigo,1,2,2022-02-14T13:29:40.013078
3825570,2015-08-24,11,La Liga,27,2015/2016,Regular Season,1049,Granada,322,Eibar,1,3,2022-02-14T13:30:46.502597
3825571,2015-08-28,11,La Liga,27,2015/2016,Regular Season,222,Villarreal,214,Espanyol,3,1,2022-02-14T13:31:45.742947
3825572,2015-08-29,11,La Liga,27,2015/2016,Regular Season,220,Real Madrid,218,Real Betis,5,0,2022-03-20T20:33:23.773202
3825573,2015-08-29,11,La Liga,27,2015/2016,Regular Season,210,Real Sociedad,1041,Sporting Gijón,0,0,2022-02-14T13:33:52.404586
3825574,2015-08-29,11,La Liga,27,2015/2016,Regular Season,209,Celta Vigo,360,Rayo Vallecano,3,0,2022-02-14T13:35:06.027948
3825575,2015-08-30,11,La Liga,27,2015/2016,Regular Season,208,Las Palmas,221,Levante UD,0,0,2022-02-14T13:36:18.649873
3825576,2015-08-30,11,La Liga,27,2015/2016,Regular Season,207,Valencia,219,RC Deportivo La Coruña,1,1,2022-02-14T13:37:15.615798
3825577,2015-08-30,11,La Liga,27,2015/2016,Regular Season,216,Getafe,1049,Granada,1,2,2022-02-14T13:38:12.058906
3825578,2015-08-30,11,La Liga,27,2015/2016,Regular Season,322,Eibar,215,Athletic Club,2,0,2022-02-14T13:39:21.820851
3825579,2015-08-30,11,La Liga,27,2015/2016,Regular Season,213,Sevilla,212,Atlético Madrid,0,3,2022-03-20T20:41:44.188068
3825580,2015-09-11,11,La Liga,27,2015/2016,Regular Season,221,Levante UD,213,Sevilla,1,1,2022-02-14T13:41:30.309027
3825581,2015-09-12,11,La Liga,27,2015/2016,Regular Season,214,Espanyol,220,Real Madrid,0,6,2022-02-14T13:42:33.474071
3825582,2015-09-12,11,La Liga,27,2015/2016,Regular Season,218,Real Betis,210,Real Sociedad,1,0,2022-02-14T13:43:29.875334
3825583,2015-09-12,11,La Liga,27,2015/2016,Regular Season,1041,Sporting Gijón,207,Valencia,0,1,2022-02-14T13:44:45.229995
3825584,2015-09-13,11,La Liga,27,2015/2016,Regular Season,1049,Granada,222,Villarreal,1,3,2022-02-14T13:45:43.728722
3825585,2015-09-13,11,La Liga,27,2015/2016,Regular Season,209,Celta Vigo,208,Las Palmas,3,3,2022-02-14T13:46:50.660058
3825586,2015-09-13,11,La Liga,27,2015/2016,Regular Season,223,Málaga,322,Eibar,0,0,2022-05-08T20:23:38.103872
3825587,2015-09-13,11,La Liga,27,2015/2016,Regular Season,215,Athletic Club,216,Getafe,3,1,2022-02-14T13:48:58.997024
3825588,2015-09-14,11,La Liga,27,2015/2016,Regular Season,360,Rayo Vallecano,219,RC Deportivo La Coruña,1,3,2022-02-14T13:50:07.055822
3825589,2015-09-18,11,La Liga,27,2015/2016,Regular Season,216,Getafe,223,Málaga,1,0,2022-02-14T13:51:15.200077
3825590,2015-09-19,11,La Liga,27,2015/2016,Regular Season,220,Real Madrid,1049,Granada,1,0,2022-02-14T13:52:19.339398
3825591,2015-09-19,11,La Liga,27,2015/2016,Regular Season,207,Valencia,218,Real Betis,0,0,2022-02-14T13:53:19.772892
3825592,2015-09-19,11,La Liga,27,2015/2016,Regular Season,210,Real Sociedad,214,Espanyol,2,3,2022-02-14T13:54:19.200580
3825593,2015-09-19,11,La Liga,27,2015/2016,Regular Season,322,Eibar,212,Atlético Madrid,0,2,2022-02-14T13:55:33.381508
3825594,2015-09-20,11,La Liga,27,2015/2016,Regular Season,213,Sevilla,209,Celta Vigo,1,2,2022-02-14T13:56:35.003455
3825595,2015-09-20,11,La Liga,27,2015/2016,Regular Season,222,Villarreal,215,Athletic Club,3,1,2022-03-20T20:48:38.128823
3825596,2015-09-20,11,La Liga,27,2015/2016,Regular Season,219,RC Deportivo La Coruña,1041,Sporting Gijón,2,3,2025-04-23T13:59:22.835792
3825597,2015-09-20,11,La Liga,27,2015/2016,Regular Season,208,Las Palmas,360,Rayo Vallecano,0,1,2022-02-14T13:59:51.478499
3825598,2015-09-22,11,La Liga,27,2015/2016,Regular Season,212,Atlético Madrid,216,Getafe,2,0,2022-02-14T14:01:04.231179
3825599,2015-09-22,11,La Liga,27,2015/2016,Regular Season,214,Espanyol,207,Valencia,1,0,2022-02-14T14:02:04.263765
3825600,2015-09-23,11,La Liga,27,2015/2016,Regular Season,223,Málaga,222,Villarreal,0,1,2022-02-14T14:03:16.036489
3825601,2015-09-23,11,La Liga,27,2015/2016,Regular Season,360,Rayo Vallecano,1041,Sporting Gijón,2,1,2022-08-30T10:36:55.275376
3825602,2015-09-23,11,La Liga,27,2015/2016,Regular Season,215,Athletic Club,220,Real Madrid,1,2,2022-02-14T14:05:25.376369
3825603,2015-09-24,11,La Liga,27,2015/2016,Regular Season,218,Real Betis,219,RC Deportivo La Coruña,1,2,2022-02-14T14:06:27.614868
3825604,2015-09-25,11,La Liga,27,2015/2016,Regular Season,207,Valencia,1049,Granada,1,0,2022-02-14T14:07:32.217834
3825605,2015-09-26,11,La Liga,27,2015/2016,Regular Season,213,Sevilla,360,Rayo Vallecano,3,2,2022-02-14T14:08:37.843951
3825606,2015-09-26,11,La Liga,27,2015/2016,Regular Season,220,Real Madrid,223,Málaga,0,0,2022-02-14T14:09:50.332269
3825607,2015-09-26,11,La Liga,27,2015/2016,Regular Season,222,Villarreal,212,Atlético Madrid,1,0,2022-03-20T20:56:07.082687
3825608,2015-09-26,11,La Liga,27,2015/2016,Regular Season,322,Eibar,209,Celta Vigo,1,1,2022-02-28T16:22:58.091493
3825609,2015-09-27,11,La Liga,27,2015/2016,Regular Season,210,Real Sociedad,215,Athletic Club,0,0,2022-02-14T14:13:21.074967
3825610,2015-09-27,11,La Liga,27,2015/2016,Regular Season,1041,Sporting Gijón,218,Real Betis,1,2,2022-02-14T14:14:28.396092
3825611,2015-09-27,11,La Liga,27,2015/2016,Regular Season,219,RC Deportivo La Coruña,214,Espanyol,3,0,2022-02-14T14:15:30.630820
3825612,2015-09-27,11,La Liga,27,2015/2016,Regular Season,216,Getafe,221,Levante UD,3,0,2022-03-20T21:03:11.651299
3825613,2015-10-02,11,La Liga,27,2015/2016,Regular Season,209,Celta Vigo,216,Getafe,0,0,2022-02-14T14:17:44.299261
3825614,2015-10-03,11,La Liga,27,2015/2016,Regular Season,1049,Granada,219,RC Deportivo La Coruña,1,1,2022-03-20T21:09:47.279772
3825615,2015-10-03,11,La Liga,27,2015/2016,Regular Season,214,Espanyol,1041,Sporting Gijón,1,2,2022-02-14T14:19:55.175764
3825616,2015-10-03,11,La Liga,27,2015/2016,Regular Season,223,Málaga,210,Real Sociedad,3,1,2022-02-28T16:29:03.136377
3825617,2015-10-03,11,La Liga,27,2015/2016,Regular Season,213,Sevilla,217,Barcelona,2,1,2022-02-14T14:22:14.714154
3825618,2015-10-03,11,La Liga,27,2015/2016,Regular Season,208,Las Palmas,322,Eibar,0,2,2022-02-14T14:23:25.239790
3825619,2015-10-04,11,La Liga,27,2015/2016,Regular Season,221,Levante UD,222,Villarreal,1,0,2022-02-14T14:24:27.571278
3825620,2015-10-04,11,La Liga,27,2015/2016,Regular Season,360,Rayo Vallecano,218,Real Betis,0,2,2022-02-14T14:25:30.842312
3825621,2015-10-04,11,La Liga,27,2015/2016,Regular Season,212,Atlético Madrid,220,Real Madrid,1,1,2022-02-14T14:27:00.505408
3825622,2015-10-04,11,La Liga,27,2015/2016,Regular Season,215,Athletic Club,207,Valencia,3,1,2022-02-14T14:28:07.257464
3825623,2015-10-17,11,La Liga,27,2015/2016,Regular Season,207,Valencia,223,Málaga,3,0,2022-08-30T10:44:29.473229
3825624,2015-10-17,11,La Liga,27,2015/2016,Regular Season,322,Eibar,213,Sevilla,1,1,2022-02-14T14:30:14.846619
3825625,2015-10-17,11,La Liga,27,2015/2016,Regular Season,220,Real Madrid,221,Levante UD,3,0,2022-02-14T14:31:20.757603
3825626,2015-10-17,11,La Liga,27,2015/2016,Regular Season,218,Real Betis,214,Espanyol,1,3,2022-02-28T16:35:41.838171
3825627,2015-10-17,11,La Liga,27,2015/2016,Regular Season,217,Barcelona,360,Rayo Vallecano,5,2,2022-02-14T14:33:42.685284
3825628,2015-10-18,11,La Liga,27,2015/2016,Regular Season,216,Getafe,208,Las Palmas,4,0,2022-02-14T14:34:51.021322
3825629,2015-10-18,11,La Liga,27,2015/2016,Regular Season,222,Villarreal,209,Celta Vigo,1,2,2022-02-14T14:35:59.112417
3825630,2015-10-18,11,La Liga,27,2015/2016,Regular Season,219,RC Deportivo La Coruña,215,Athletic Club,2,2,2022-02-14T14:37:04.366947
3825631,2015-10-18,11,La Liga,27,2015/2016,Regular Season,210,Real Sociedad,212,Atlético Madrid,0,2,2022-02-14T14:38:08.447743
3825632,2015-10-19,11,La Liga,27,2015/2016,Regular Season,1041,Sporting Gijón,1049,Granada,3,3,2022-02-14T14:39:07.545580
3825633,2015-10-23,11,La Liga,27,2015/2016,Regular Season,360,Rayo Vallecano,214,Espanyol,3,0,2022-02-14T14:40:05.569770
3825634,2015-10-24,11,La Liga,27,2015/2016,Regular Season,1049,Granada,218,Real Betis,1,1,2022-02-14T14:41:11.223964
3825635,2015-10-24,11,La Liga,27,2015/2016,Regular Season,209,Celta Vigo,220,Real Madrid,1,3,2022-02-14T14:42:19.195319
3825636,2015-10-24,11,La Liga,27,2015/2016,Regular Season,223,Málaga,219,RC Deportivo La Coruña,2,0,2022-02-14T14:43:20.674013
3825637,2015-10-25,11,La Liga,27,2015/2016,Regular Season,217,Barcelona,322,Eibar,3,1,2022-02-14T14:44:25.324498
3825638,2015-10-25,11,La Liga,27,2015/2016,Regular Season,212,Atlético Madrid,207,Valencia,2,1,2022-08-30T10:52:28.076905
3825639,2015-10-25,11,La Liga,27,2015/2016,Regular Season,208,Las Palmas,222,Villarreal,0,0,2022-02-14T14:46:38.316875
3825640,2015-10-25,11,La Liga,27,2015/2016,Regular Season,221,Levante UD,210,Real Sociedad,0,4,2022-02-14T14:47:34.836708
3825641,2015-10-26,11,La Liga,27,2015/2016,Regular Season,215,Athletic Club,1041,Sporting Gijón,3,0,2022-03-22T16:12:33.648996
3825642,2015-10-30,11,La Liga,27,2015/2016,Regular Season,219,RC Deportivo La Coruña,212,Atlético Madrid,1,1,2022-03-20T21:24:16.419880
3825643,2015-10-31,11,La Liga,27,2015/2016,Regular Season,220,Real Madrid,208,Las Palmas,3,1,2022-03-20T21:32:32.301513
3825644,2015-10-31,11,La Liga,27,2015/2016,Regular Season,210,Real Sociedad,209,Celta Vigo,2,3,2022-02-14T14:52:09.202796
3825645,2015-10-31,11,La Liga,27,2015/2016,Regular Season,216,Getafe,217,Barcelona,0,2,2022-02-14T14:53:16.243302
3825646,2015-10-31,11,La Liga,27,2015/2016,Regular Season,222,Villarreal,213,Sevilla,2,1,2022-02-14T14:54:15.171327
3825647,2015-10-31,11,La Liga,27,2015/2016,Regular Season,207,Valencia,221,Levante UD,3,0,2022-02-14T14:55:12.175755
3825648,2015-11-01,11,La Liga,27,2015/2016,Regular Season,322,Eibar,360,Rayo Vallecano,1,0,2022-02-14T14:56:18.986515
3825649,2015-11-01,11,La Liga,27,2015/2016,Regular Season,1041,Sporting Gijón,223,Málaga,1,0,2022-02-14T14:57:20.183688
3825650,2015-11-01,11,La Liga,27,2015/2016,Regular Season,218,Real Betis,215,Athletic Club,1,3,2022-02-14T14:58:28.048599
3825651,2015-11-01,11,La Liga,27,2015/2016,Regular Season,214,Espanyol,1049,Granada,1,1,2022-02-14T14:59:26.480205
3825652,2015-11-06,11,La Liga,27,2015/2016,Regular Season,208,Las Palmas,210,Real Sociedad,2,0,2022-02-28T16:53:18.796269
3825653,2015-11-07,11,La Liga,27,2015/2016,Regular Season,322,Eibar,216,Getafe,3,1,2022-02-14T15:01:39.829787
3825654,2015-11-07,11,La Liga,27,2015/2016,Regular Season,209,Celta Vigo,207,Valencia,1,5,2022-02-14T15:02:47.627104
3825655,2015-11-07,11,La Liga,27,2015/2016,Regular Season,360,Rayo Vallecano,1049,Granada,2,1,2022-02-14T15:03:39.940644
3825656,2015-11-07,11,La Liga,27,2015/2016,Regular Season,221,Levante UD,219,RC Deportivo La Coruña,1,1,2022-02-28T16:55:36.452986
3825657,2015-11-07,11,La Liga,27,2015/2016,Regular Season,223,Málaga,218,Real Betis,0,1,2022-02-28T16:54:26.078731
3825658,2015-11-08,11,La Liga,27,2015/2016,Regular Season,212,Atlético Madrid,1041,Sporting Gijón,1,0,2022-02-28T16:59:23.929282
3825659,2015-11-08,11,La Liga,27,2015/2016,Regular Season,215,Athletic Club,214,Espanyol,2,1,2022-02-28T17:00:20.368780
3825660,2015-11-08,11,La Liga,27,2015/2016,Regular Season,217,Barcelona,222,Villarreal,3,0,2022-02-28T16:58:10.853647
3825661,2015-11-08,11,La Liga,27,2015/2016,Regular Season,213,Sevilla,220,Real Madrid,3,2,2022-02-28T16:56:54.006920
3825662,2015-11-21,11,La Liga,27,2015/2016,Regular Season,219,RC Deportivo La Coruña,209,Celta Vigo,2,0,2022-02-28T17:03:56.226992
3825663,2015-11-21,11,La Liga,27,2015/2016,Regular Season,214,Espanyol,223,Málaga,2,0,2022-02-28T17:01:28.119702
3825664,2015-11-21,11,La Liga,27,2015/2016,Regular Season,210,Real Sociedad,213,Sevilla,2,0,2022-02-28T17:05:06.697034
3825665,2015-11-22,11,La Liga,27,2015/2016,Regular Season,1049,Granada,215,Athletic Club,2,0,2022-02-28T17:07:17.500352
3825666,2015-11-22,11,La Liga,27,2015/2016,Regular Season,218,Real Betis,212,Atlético Madrid,0,1,2022-02-28T17:08:34.539131
3825667,2015-11-22,11,La Liga,27,2015/2016,Regular Season,222,Villarreal,322,Eibar,1,1,2022-02-28T17:06:16.539475
3825668,2015-11-22,11,La Liga,27,2015/2016,Regular Season,1041,Sporting Gijón,221,Levante UD,0,3,2022-02-28T17:09:40.472922
3825669,2015-11-23,11,La Liga,27,2015/2016,Regular Season,216,Getafe,360,Rayo Vallecano,1,1,2022-02-28T17:10:46.330060
3825670,2015-11-27,11,La Liga,27,2015/2016,Regular Season,221,Levante UD,218,Real Betis,0,1,2022-02-28T17:11:56.627004
3825671,2015-11-28,11,La Liga,27,2015/2016,Regular Season,209,Celta Vigo,1041,Sporting Gijón,2,1,2022-02-28T17:13:55.408623
3825672,2015-11-28,11,La Liga,27,2015/2016,Regular Season,223,Málaga,1049,Granada,2,2,2022-02-28T17:12:47.356538
3825673,2015-11-28,11,La Liga,27,2015/2016,Regular Season,208,Las Palmas,219,RC Deportivo La Coruña,0,2,2022-02-28T17:15:07.296136
3825674,2015-11-28,11,La Liga,27,2015/2016,Regular Season,212,Atlético Madrid,214,Espanyol,1,0,2024-08-21T09:45:51.396148
3825675,2015-11-29,11,La Liga,27,2015/2016,Regular Season,360,Rayo Vallecano,215,Athletic Club,0,3,2022-02-28T17:18:26.103612
3825676,2015-11-29,11,La Liga,27,2015/2016,Regular Season,216,Getafe,222,Villarreal,2,0,2022-02-28T17:17:18.068746
3825677,2015-11-29,11,La Liga,27,2015/2016,Regular Season,213,Sevilla,207,Valencia,1,0,2022-02-28T17:19:27.933100
3825678,2015-11-29,11,La Liga,27,2015/2016,Regular Season,322,Eibar,220,Real Madrid,0,2,2022-03-20T21:39:48.103890
3825679,2015-12-05,11,La Liga,27,2015/2016,Regular Season,218,Real Betis,209,Celta Vigo,1,1,2022-02-28T17:21:43.398357
3825680,2015-12-05,11,La Liga,27,2015/2016,Regular Season,219,RC Deportivo La Coruña,213,Sevilla,1,1,2022-02-28T17:22:48.163839
3825681,2015-12-05,11,La Liga,27,2015/2016,Regular Season,220,Real Madrid,216,Getafe,4,1,2022-02-28T17:25:20.917523
3825682,2015-12-05,11,La Liga,27,2015/2016,Regular Season,1049,Granada,212,Atlético Madrid,0,2,2022-02-28T17:24:03.398879
3825683,2015-12-06,11,La Liga,27,2015/2016,Regular Season,210,Real Sociedad,322,Eibar,2,1,2022-02-28T17:28:30.972309
3825684,2015-12-06,11,La Liga,27,2015/2016,Regular Season,222,Villarreal,360,Rayo Vallecano,2,1,2022-02-28T17:26:28.341665
3825685,2015-12-06,11,La Liga,27,2015/2016,Regular Season,1041,Sporting Gijón,208,Las Palmas,3,1,2022-03-20T21:47:23.357431
3825686,2015-12-06,11,La Liga,27,2015/2016,Regular Season,215,Athletic Club,223,Málaga,0,0,2022-02-28T17:27:29.078878
3825687,2015-12-07,11,La Liga,27,2015/2016,Regular Season,214,Espanyol,221,Levante UD,1,1,2022-02-28T17:30:44.504835
3825688,2015-12-11,11,La Liga,27,2015/2016,Regular Season,216,Getafe,210,Real Sociedad,1,1,2022-02-28T17:31:56.131944
3825689,2015-12-12,11,La Liga,27,2015/2016,Regular Season,209,Celta Vigo,214,Espanyol,1,0,2022-02-28T17:36:29.188879
3825690,2015-12-12,11,La Liga,27,2015/2016,Regular Season,208,Las Palmas,218,Real Betis,1,0,2022-02-28T17:35:26.222828
3825691,2015-12-12,11,La Liga,27,2015/2016,Regular Season,221,Levante UD,1049,Granada,1,2,2022-02-28T17:33:07.335256
3825692,2015-12-12,11,La Liga,27,2015/2016,Regular Season,213,Sevilla,1041,Sporting Gijón,2,0,2022-02-28T17:34:14.983222
3825693,2015-12-13,11,La Liga,27,2015/2016,Regular Season,212,Atlético Madrid,215,Athletic Club,2,1,2022-02-28T17:39:58.434264
3825694,2015-12-13,11,La Liga,27,2015/2016,Regular Season,322,Eibar,207,Valencia,1,1,2022-02-28T17:41:00.596595
3825695,2015-12-13,11,La Liga,27,2015/2016,Regular Season,222,Villarreal,220,Real Madrid,1,0,2022-02-28T17:37:40.599914
3825696,2015-12-13,11,La Liga,27,2015/2016,Regular Season,360,Rayo Vallecano,223,Málaga,1,2,2022-02-28T17:38:42.303151
3825697,2015-12-19,11,La Liga,27,2015/2016,Regular Season,207,Valencia,216,Getafe,2,2,2022-02-28T17:43:23.410634
3825698,2015-12-19,11,La Liga,27,2015/2016,Regular Season,219,RC Deportivo La Coruña,322,Eibar,2,0,2022-02-28T17:42:11.184533
3825699,2015-12-19,11,La Liga,27,2015/2016,Regular Season,218,Real Betis,213,Sevilla,0,0,2022-02-28T17:44:21.020208
3825700,2015-12-20,11,La Liga,27,2015/2016,Regular Season,220,Real Madrid,360,Rayo Vallecano,10,2,2022-02-28T17:50:11.660523
3825701,2015-12-20,11,La Liga,27,2015/2016,Regular Season,223,Málaga,212,Atlético Madrid,1,0,2022-02-28T17:49:03.311589
3825702,2015-12-20,11,La Liga,27,2015/2016,Regular Season,210,Real Sociedad,222,Villarreal,0,2,2022-02-28T17:47:48.973489
3825703,2015-12-20,11,La Liga,27,2015/2016,Regular Season,215,Athletic Club,221,Levante UD,2,0,2022-02-28T17:51:22.306678
3825704,2015-12-20,11,La Liga,27,2015/2016,Regular Season,1049,Granada,209,Celta Vigo,0,2,2022-02-28T17:46:35.809644
3825705,2015-12-30,11,La Liga,27,2015/2016,Regular Season,322,Eibar,1041,Sporting Gijón,2,0,2022-02-28T17:53:24.947314
3825706,2015-12-30,11,La Liga,27,2015/2016,Regular Season,209,Celta Vigo,215,Athletic Club,0,1,2022-02-28T17:57:44.019471
3825707,2015-12-30,11,La Liga,27,2015/2016,Regular Season,208,Las Palmas,1049,Granada,4,1,2022-02-28T17:54:29.612701
3825708,2015-12-30,11,La Liga,27,2015/2016,Regular Season,221,Levante UD,223,Málaga,0,1,2022-02-28T17:55:27.093610
3825709,2015-12-30,11,La Liga,27,2015/2016,Regular Season,213,Sevilla,214,Espanyol,2,0,2022-02-28T17:58:58.300770
3825710,2015-12-30,11,La Liga,27,2015/2016,Regular Season,220,Real Madrid,210,Real Sociedad,3,1,2022-02-28T18:00:13.457657
3825711,2015-12-30,11,La Liga,27,2015/2016,Regular Season,360,Rayo Vallecano,212,Atlético Madrid,0,2,2022-02-28T17:52:23.528107
3825712,2015-12-30,11,La Liga,27,2015/2016,Regular Season,216,Getafe,219,RC Deportivo La Coruña,0,0,2022-02-28T17:56:31.505588
3825713,2015-12-31,11,La Liga,27,2015/2016,Regular Season,222,Villarreal,207,Valencia,1,0,2022-02-28T18:01:19.434436
3825714,2016-01-02,11,La Liga,27,2015/2016,Regular Season,212,Atlético Madrid,221,Levante UD,1,0,2022-02-28T18:02:27.234176
3825715,2016-01-02,11,La Liga,27,2015/2016,Regular Season,223,Málaga,209,Celta Vigo,2,0,2022-02-28T18:03:31.876574
3825716,2016-01-03,11,La Liga,27,2015/2016,Regular Season,360,Rayo Vallecano,210,Real Sociedad,2,2,2022-02-28T18:10:06.506074
3825717,2016-01-03,11,La Liga,27,2015/2016,Regular Season,1049,Granada,213,Sevilla,2,1,2022-02-28T18:06:47.145038
3825718,2016-01-03,11,La Liga,27,2015/2016,Regular Season,207,Valencia,220,Real Madrid,2,2,2022-02-28T18:04:40.115783
3825719,2016-01-03,11,La Liga,27,2015/2016,Regular Season,215,Athletic Club,208,Las Palmas,2,2,2022-02-28T18:09:09.807232
3825720,2016-01-03,11,La Liga,27,2015/2016,Regular Season,218,Real Betis,322,Eibar,0,4,2022-02-28T18:07:52.107657
3825721,2016-01-03,11,La Liga,27,2015/2016,Regular Season,219,RC Deportivo La Coruña,222,Villarreal,1,2,2022-02-28T18:05:50.080770
3825722,2016-01-04,11,La Liga,27,2015/2016,Regular Season,1041,Sporting Gijón,216,Getafe,1,2,2022-02-28T18:11:07.992507
3825723,2016-01-09,11,La Liga,27,2015/2016,Regular Season,221,Levante UD,360,Rayo Vallecano,2,1,2022-02-28T18:15:58.192484
3825724,2016-01-09,11,La Liga,27,2015/2016,Regular Season,220,Real Madrid,219,RC Deportivo La Coruña,5,0,2022-02-28T18:12:30.644759
3825725,2016-01-09,11,La Liga,27,2015/2016,Regular Season,216,Getafe,218,Real Betis,1,0,2022-02-28T18:13:39.243774
3825726,2016-01-09,11,La Liga,27,2015/2016,Regular Season,213,Sevilla,215,Athletic Club,2,0,2022-02-28T18:14:49.411129
3825727,2016-01-10,11,La Liga,27,2015/2016,Regular Season,322,Eibar,214,Espanyol,2,1,2022-02-28T18:18:18.798052
3825728,2016-01-10,11,La Liga,27,2015/2016,Regular Season,209,Celta Vigo,212,Atlético Madrid,0,2,2022-02-28T18:20:47.466624
3825729,2016-01-10,11,La Liga,27,2015/2016,Regular Season,222,Villarreal,1041,Sporting Gijón,2,0,2022-02-28T18:22:01.925612
3825730,2016-01-10,11,La Liga,27,2015/2016,Regular Season,210,Real Sociedad,207,Valencia,2,0,2022-02-28T18:19:30.400613
3825731,2016-01-10,11,La Liga,27,2015/2016,Regular Season,208,Las Palmas,223,Málaga,1,1,2022-04-06T21:39:52.202808
3825732,2016-01-16,11,La Liga,27,2015/2016,Regular Season,209,Celta Vigo,221,Levante UD,4,3,2022-05-08T20:42:44.967990
3825733,2016-01-16,11,La Liga,27,2015/2016,Regular Season,213,Sevilla,223,Málaga,2,1,2022-02-28T18:25:32.283331
3825734,2016-01-16,11,La Liga,27,2015/2016,Regular Season,210,Real Sociedad,219,RC Deportivo La Coruña,1,1,2022-02-28T18:26:50.496585
3825735,2016-01-16,11,La Liga,27,2015/2016,Regular Season,222,Villarreal,218,Real Betis,0,0,2022-02-28T18:23:20.109540
3825736,2016-01-17,11,La Liga,27,2015/2016,Regular Season,207,Valencia,360,Rayo Vallecano,2,2,2022-03-20T22:01:43.819435
3825737,2016-01-17,11,La Liga,27,2015/2016,Regular Season,216,Getafe,214,Espanyol,3,1,2022-02-28T18:27:58.219899
3825738,2016-01-17,11,La Liga,27,2015/2016,Regular Season,208,Las Palmas,212,Atlético Madrid,0,3,2022-02-28T18:29:21.257420
3825739,2016-01-17,11,La Liga,27,2015/2016,Regular Season,220,Real Madrid,1041,Sporting Gijón,5,1,2024-05-16T14:06:52.149840
3825740,2016-01-18,11,La Liga,27,2015/2016,Regular Season,322,Eibar,1049,Granada,5,1,2022-03-26T14:32:05.054723
3825741,2016-01-22,11,La Liga,27,2015/2016,Regular Season,1041,Sporting Gijón,210,Real Sociedad,5,1,2022-02-28T18:33:57.816258
3825742,2016-01-23,11,La Liga,27,2015/2016,Regular Season,1049,Granada,216,Getafe,3,2,2022-02-28T18:35:06.328180
3825743,2016-01-23,11,La Liga,27,2015/2016,Regular Season,360,Rayo Vallecano,209,Celta Vigo,3,0,2022-02-28T18:37:14.079034
3825744,2016-01-23,11,La Liga,27,2015/2016,Regular Season,214,Espanyol,222,Villarreal,2,2,2022-02-28T18:36:14.797391
3825745,2016-01-24,11,La Liga,27,2015/2016,Regular Season,219,RC Deportivo La Coruña,207,Valencia,1,1,2022-02-28T18:39:31.037066
3825746,2016-01-24,11,La Liga,27,2015/2016,Regular Season,218,Real Betis,220,Real Madrid,1,1,2022-02-28T18:38:24.780479
3825747,2016-01-24,11,La Liga,27,2015/2016,Regular Season,215,Athletic Club,322,Eibar,5,2,2022-02-28T18:41:37.465753
3825748,2016-01-24,11,La Liga,27,2015/2016,Regular Season,212,Atlético Madrid,213,Sevilla,0,0,2022-02-28T18:40:33.381710
3825749,2016-01-25,11,La Liga,27,2015/2016,Regular Season,221,Levante UD,208,Las Palmas,3,2,2022-02-28T18:42:46.286891
3825750,2016-01-30,11,La Liga,27,2015/2016,Regular Season,210,Real Sociedad,218,Real Betis,2,1,2022-02-28T18:47:05.861876
3825751,2016-01-30,11,La Liga,27,2015/2016,Regular Season,216,Getafe,215,Athletic Club,0,1,2022-02-28T18:44:58.196144
3825752,2016-01-30,11,La Liga,27,2015/2016,Regular Season,322,Eibar,223,Málaga,1,2,2022-02-28T18:45:58.418818
3825753,2016-01-30,11,La Liga,27,2015/2016,Regular Season,222,Villarreal,1049,Granada,1,0,2022-02-28T18:43:51.491479
3825754,2016-01-31,11,La Liga,27,2015/2016,Regular Season,208,Las Palmas,209,Celta Vigo,2,1,2022-02-28T18:48:10.474676
3825755,2016-01-31,11,La Liga,27,2015/2016,Regular Season,207,Valencia,1041,Sporting Gijón,0,1,2022-02-28T18:49:18.358817
3825756,2016-01-31,11,La Liga,27,2015/2016,Regular Season,213,Sevilla,221,Levante UD,3,1,2022-02-28T18:50:22.292471
3825757,2016-01-31,11,La Liga,27,2015/2016,Regular Season,220,Real Madrid,214,Espanyol,6,0,2022-03-22T16:26:16.085756
3825758,2016-02-01,11,La Liga,27,2015/2016,Regular Season,219,RC Deportivo La Coruña,360,Rayo Vallecano,2,2,2022-02-28T18:52:34.257922
3825759,2016-02-05,11,La Liga,27,2015/2016,Regular Season,223,Málaga,216,Getafe,3,0,2022-02-28T18:53:42.658485
3825760,2016-02-06,11,La Liga,27,2015/2016,Regular Season,212,Atlético Madrid,322,Eibar,3,1,2022-02-28T18:57:59.248450
3825761,2016-02-06,11,La Liga,27,2015/2016,Regular Season,215,Athletic Club,222,Villarreal,0,0,2022-02-28T18:55:49.734711
3825762,2016-02-06,11,La Liga,27,2015/2016,Regular Season,1041,Sporting Gijón,219,RC Deportivo La Coruña,1,1,2022-02-28T18:54:44.325868
3825763,2016-02-06,11,La Liga,27,2015/2016,Regular Season,360,Rayo Vallecano,208,Las Palmas,2,0,2022-02-28T18:56:58.570083
3825764,2016-02-07,11,La Liga,27,2015/2016,Regular Season,1049,Granada,220,Real Madrid,1,2,2022-02-28T18:59:10.083580
3825765,2016-02-07,11,La Liga,27,2015/2016,Regular Season,209,Celta Vigo,213,Sevilla,1,1,2022-02-28T19:01:12.282464
3825766,2016-02-07,11,La Liga,27,2015/2016,Regular Season,218,Real Betis,207,Valencia,1,0,2022-02-28T19:00:05.673135
3825767,2016-02-08,11,La Liga,27,2015/2016,Regular Season,214,Espanyol,210,Real Sociedad,0,5,2022-05-08T20:48:55.541224
3825768,2016-02-12,11,La Liga,27,2015/2016,Regular Season,1041,Sporting Gijón,360,Rayo Vallecano,2,2,2022-03-20T22:22:33.720131
3825769,2016-02-13,11,La Liga,27,2015/2016,Regular Season,222,Villarreal,223,Málaga,1,0,2022-08-30T11:39:10.532969
3825770,2016-02-13,11,La Liga,27,2015/2016,Regular Season,220,Real Madrid,215,Athletic Club,4,2,2022-03-20T22:30:43.857614
3825771,2016-02-13,11,La Liga,27,2015/2016,Regular Season,219,RC Deportivo La Coruña,218,Real Betis,2,2,2022-02-28T19:05:37.645934
3825772,2016-02-13,11,La Liga,27,2015/2016,Regular Season,207,Valencia,214,Espanyol,2,1,2022-02-28T19:07:47.540348
3825773,2016-02-14,11,La Liga,27,2015/2016,Regular Season,322,Eibar,221,Levante UD,2,0,2022-03-20T22:47:16.517880
3825774,2016-02-14,11,La Liga,27,2015/2016,Regular Season,216,Getafe,212,Atlético Madrid,0,1,2022-02-28T19:09:08.311380
3825775,2016-02-14,11,La Liga,27,2015/2016,Regular Season,210,Real Sociedad,1049,Granada,3,0,2022-03-20T22:38:47.919808
3825776,2016-02-14,11,La Liga,27,2015/2016,Regular Season,213,Sevilla,208,Las Palmas,2,0,2022-03-20T22:40:25.193922
3825777,2016-02-19,11,La Liga,27,2015/2016,Regular Season,221,Levante UD,216,Getafe,3,0,2022-05-08T21:01:17.716495
3825778,2016-02-20,11,La Liga,27,2015/2016,Regular Season,218,Real Betis,1041,Sporting Gijón,1,1,2022-03-26T14:39:54.280421
3825779,2016-02-20,11,La Liga,27,2015/2016,Regular Season,209,Celta Vigo,322,Eibar,3,2,2022-03-20T22:48:39.722011
3825780,2016-02-20,11,La Liga,27,2015/2016,Regular Season,214,Espanyol,219,RC Deportivo La Coruña,1,0,2022-03-20T22:49:57.244994
3825781,2016-02-21,11,La Liga,27,2015/2016,Regular Season,360,Rayo Vallecano,213,Sevilla,2,2,2022-08-30T11:46:06.868587
3825782,2016-02-21,11,La Liga,27,2015/2016,Regular Season,1049,Granada,207,Valencia,1,2,2022-03-22T16:33:31.321413
3825783,2016-02-21,11,La Liga,27,2015/2016,Regular Season,215,Athletic Club,210,Real Sociedad,0,1,2022-03-20T22:55:26.873111
3825784,2016-02-21,11,La Liga,27,2015/2016,Regular Season,212,Atlético Madrid,222,Villarreal,0,0,2022-03-22T16:40:17.213585
3825785,2016-02-21,11,La Liga,27,2015/2016,Regular Season,223,Málaga,220,Real Madrid,1,1,2022-03-20T22:56:38.976506
3825786,2016-02-26,11,La Liga,27,2015/2016,Regular Season,322,Eibar,208,Las Palmas,0,1,2022-03-20T22:58:57.255017
3825787,2016-02-27,11,La Liga,27,2015/2016,Regular Season,220,Real Madrid,212,Atlético Madrid,0,1,2022-03-20T23:01:59.136205
3825788,2016-02-27,11,La Liga,27,2015/2016,Regular Season,216,Getafe,209,Celta Vigo,0,1,2022-03-20T23:05:52.388356
3825789,2016-02-27,11,La Liga,27,2015/2016,Regular Season,210,Real Sociedad,223,Málaga,1,1,2022-03-20T23:00:39.067096
3825790,2016-02-27,11,La Liga,27,2015/2016,Regular Season,1041,Sporting Gijón,214,Espanyol,2,4,2022-03-20T23:03:17.325025
3825791,2016-02-27,11,La Liga,27,2015/2016,Regular Season,218,Real Betis,360,Rayo Vallecano,2,2,2022-03-20T23:04:30.938137
3825792,2016-02-28,11,La Liga,27,2015/2016,Regular Season,219,RC Deportivo La Coruña,1049,Granada,0,1,2022-03-20T23:08:56.478570
3825793,2016-02-28,11,La Liga,27,2015/2016,Regular Season,207,Valencia,215,Athletic Club,0,3,2022-05-08T21:14:18.615165
3825794,2016-02-28,11,La Liga,27,2015/2016,Regular Season,222,Villarreal,221,Levante UD,3,0,2022-03-20T23:07:09.857505
3825795,2016-03-01,11,La Liga,27,2015/2016,Regular Season,212,Atlético Madrid,210,Real Sociedad,3,0,2022-03-20T23:12:33.698472
3825796,2016-03-01,11,La Liga,27,2015/2016,Regular Season,208,Las Palmas,216,Getafe,4,0,2022-03-20T23:14:00.630362
3825797,2016-03-02,11,La Liga,27,2015/2016,Regular Season,215,Athletic Club,219,RC Deportivo La Coruña,4,1,2022-03-20T23:17:53.338826
3825798,2016-03-02,11,La Liga,27,2015/2016,Regular Season,221,Levante UD,220,Real Madrid,1,3,2022-03-20T23:15:50.875072
3825799,2016-03-02,11,La Liga,27,2015/2016,Regular Season,223,Málaga,207,Valencia,1,2,2022-03-20T23:19:31.191812
3825800,2016-03-02,11,La Liga,27,2015/2016,Regular Season,209,Celta Vigo,222,Villarreal,0,0,2022-05-08T21:20:20.588050
3825801,2016-03-02,11,La Liga,27,2015/2016,Regular Season,213,Sevilla,322,Eibar,1,0,2022-03-20T23:21:00.814849
3825802,2016-03-03,11,La Liga,27,2015/2016,Regular Season,214,Espanyol,218,Real Betis,0,3,2023-02-21T15:55:07.071365
3825803,2016-03-03,11,La Liga,27,2015/2016,Regular Season,1049,Granada,1041,Sporting Gijón,2,0,2022-03-20T23:24:05.688151
3825804,2016-03-05,11,La Liga,27,2015/2016,Regular Season,219,RC Deportivo La Coruña,223,Málaga,3,3,2022-03-22T16:44:51.542935
3825805,2016-03-05,11,La Liga,27,2015/2016,Regular Season,222,Villarreal,208,Las Palmas,0,1,2022-03-22T16:42:03.628651
3825806,2016-03-05,11,La Liga,27,2015/2016,Regular Season,220,Real Madrid,209,Celta Vigo,7,1,2022-08-30T11:55:14.910628
3825807,2016-03-06,11,La Liga,27,2015/2016,Regular Season,207,Valencia,212,Atlético Madrid,1,3,2022-03-22T16:50:11.284992
3825808,2016-03-06,11,La Liga,27,2015/2016,Regular Season,1041,Sporting Gijón,215,Athletic Club,0,2,2022-03-22T16:46:15.368481
3825809,2016-03-06,11,La Liga,27,2015/2016,Regular Season,218,Real Betis,1049,Granada,2,0,2022-03-22T16:48:47.870366
3825810,2016-03-06,11,La Liga,27,2015/2016,Regular Season,210,Real Sociedad,221,Levante UD,1,1,2022-03-22T16:47:42.421176
3825811,2016-03-07,11,La Liga,27,2015/2016,Regular Season,214,Espanyol,360,Rayo Vallecano,2,1,2022-03-22T16:51:24.215184
3825812,2016-03-11,11,La Liga,27,2015/2016,Regular Season,223,Málaga,1041,Sporting Gijón,1,0,2022-03-22T16:52:42.108254
3825813,2016-03-12,11,La Liga,27,2015/2016,Regular Season,212,Atlético Madrid,219,RC Deportivo La Coruña,3,0,2022-03-22T16:55:17.566471
3825814,2016-03-12,11,La Liga,27,2015/2016,Regular Season,209,Celta Vigo,210,Real Sociedad,1,0,2022-03-22T16:53:56.477499
3825815,2016-03-13,11,La Liga,27,2015/2016,Regular Season,221,Levante UD,207,Valencia,1,0,2022-03-22T16:57:47.894385
3825816,2016-03-13,11,La Liga,27,2015/2016,Regular Season,213,Sevilla,222,Villarreal,4,2,2022-03-22T16:59:03.433435
3825817,2016-03-18,11,La Liga,27,2015/2016,Regular Season,216,Getafe,322,Eibar,1,1,2022-05-08T21:31:56.027635
3825818,2016-03-19,11,La Liga,27,2015/2016,Regular Season,210,Real Sociedad,208,Las Palmas,0,1,2022-03-22T17:05:56.792358
3825819,2016-03-20,11,La Liga,27,2015/2016,Regular Season,207,Valencia,209,Celta Vigo,0,2,2022-03-22T17:07:25.756352
3825820,2016-03-20,11,La Liga,27,2015/2016,Regular Season,220,Real Madrid,213,Sevilla,4,0,2022-03-22T17:08:47.863803
3825821,2016-03-20,11,La Liga,27,2015/2016,Regular Season,214,Espanyol,215,Athletic Club,2,1,2022-03-22T17:10:01.328863
3825822,2016-04-02,11,La Liga,27,2015/2016,Regular Season,208,Las Palmas,207,Valencia,2,1,2022-03-22T17:11:25.624467
3825823,2016-04-03,11,La Liga,27,2015/2016,Regular Season,213,Sevilla,210,Real Sociedad,1,2,2022-03-22T17:14:04.781326
3825824,2016-04-03,11,La Liga,27,2015/2016,Regular Season,322,Eibar,222,Villarreal,1,2,2022-03-22T17:15:37.021825
3825825,2016-04-04,11,La Liga,27,2015/2016,Regular Season,221,Levante UD,1041,Sporting Gijón,0,0,2022-03-22T17:16:51.506800
3825826,2016-04-08,11,La Liga,27,2015/2016,Regular Season,1049,Granada,223,Málaga,0,0,2022-03-22T17:18:01.599109
3825827,2016-04-09,11,La Liga,27,2015/2016,Regular Season,218,Real Betis,221,Levante UD,1,0,2022-03-22T17:19:14.333406
3825828,2016-04-09,11,La Liga,27,2015/2016,Regular Season,214,Espanyol,212,Atlético Madrid,1,3,2022-03-22T17:20:29.813180
3825829,2016-04-10,11,La Liga,27,2015/2016,Regular Season,215,Athletic Club,360,Rayo Vallecano,1,0,2022-05-08T21:45:19.855549
3825830,2016-04-10,11,La Liga,27,2015/2016,Regular Season,222,Villarreal,216,Getafe,2,0,2022-08-30T12:14:00.244163
3825831,2016-04-10,11,La Liga,27,2015/2016,Regular Season,207,Valencia,213,Sevilla,2,1,2022-05-08T21:38:24.735332
3825832,2016-04-10,11,La Liga,27,2015/2016,Regular Season,1041,Sporting Gijón,209,Celta Vigo,0,1,2022-08-30T12:21:41.743947
3825833,2016-04-16,11,La Liga,27,2015/2016,Regular Season,216,Getafe,220,Real Madrid,1,5,2022-05-08T21:59:10.171579
3825834,2016-04-17,11,La Liga,27,2015/2016,Regular Season,212,Atlético Madrid,1049,Granada,3,0,2022-03-22T17:34:29.478585
3825835,2016-04-17,11,La Liga,27,2015/2016,Regular Season,223,Málaga,215,Athletic Club,0,1,2022-03-22T17:35:40.878770
3825836,2016-04-17,11,La Liga,27,2015/2016,Regular Season,360,Rayo Vallecano,222,Villarreal,2,1,2022-03-22T17:36:54.949472
3825837,2016-04-19,11,La Liga,27,2015/2016,Regular Season,218,Real Betis,208,Las Palmas,1,0,2022-03-22T17:38:08.234909
3825838,2016-04-20,11,La Liga,27,2015/2016,Regular Season,215,Athletic Club,212,Atlético Madrid,0,1,2022-11-17T12:34:59.497858
3825839,2016-04-20,11,La Liga,27,2015/2016,Regular Season,1041,Sporting Gijón,213,Sevilla,2,1,2022-03-22T17:42:18.002144
3825840,2016-04-20,11,La Liga,27,2015/2016,Regular Season,207,Valencia,322,Eibar,4,0,2022-08-30T12:37:08.653307
3825841,2016-04-21,11,La Liga,27,2015/2016,Regular Season,210,Real Sociedad,216,Getafe,1,2,2022-03-22T17:44:50.976880
3825842,2016-04-24,11,La Liga,27,2015/2016,Regular Season,221,Levante UD,215,Athletic Club,2,2,2022-03-22T17:50:55.877622
3825843,2016-04-20,11,La Liga,27,2015/2016,Regular Season,223,Málaga,360,Rayo Vallecano,1,1,2022-03-22T17:43:29.416234
3825844,2016-03-13,11,La Liga,27,2015/2016,Regular Season,215,Athletic Club,218,Real Betis,3,1,2022-04-06T21:46:27.892421
3825845,2016-05-01,11,La Liga,27,2015/2016,Regular Season,214,Espanyol,213,Sevilla,1,0,2022-04-06T22:15:36.950932
3825846,2016-05-14,11,La Liga,27,2015/2016,Regular Season,219,RC Deportivo La Coruña,220,Real Madrid,0,2,2022-04-06T22:33:41.582817
3825847,2016-04-23,11,La Liga,27,2015/2016,Regular Season,322,Eibar,219,RC Deportivo La Coruña,1,1,2022-03-26T14:52:57.605118
3825848,2015-09-23,11,La Liga,27,2015/2016,Regular Season,221,Levante UD,322,Eibar,2,2,2024-08-23T09:35:15.821559
3825849,2016-05-13,11,La Liga,27,2015/2016,Regular Season,207,Valencia,210,Real Sociedad,0,1,2022-04-06T22:29:38.434065
3825850,2016-05-08,11,La Liga,27,2015/2016,Regular Season,209,Celta Vigo,223,Málaga,1,0,2022-05-25T13:53:32.247303
3825851,2016-05-08,11,La Liga,27,2015/2016,Regular Season,222,Villarreal,219,RC Deportivo La Coruña,0,2,2022-04-06T22:20:48.916919
3825852,2016-04-16,11,La Liga,27,2015/2016,Regular Season,208,Las Palmas,1041,Sporting Gijón,1,1,2022-05-25T13:46:10.459042
3825853,2016-05-08,11,La Liga,27,2015/2016,Regular Season,213,Sevilla,1049,Granada,1,4,2022-04-06T22:18:12.863622
3825854,2016-04-29,11,La Liga,27,2015/2016,Regular Season,1041,Sporting Gijón,322,Eibar,2,0,2022-04-06T22:09:59.737573
3825855,2016-05-02,11,La Liga,27,2015/2016,Regular Season,223,Málaga,221,Levante UD,3,1,2022-08-30T12:53:53.790835
3825856,2016-04-09,11,La Liga,27,2015/2016,Regular Season,220,Real Madrid,322,Eibar,4,0,2022-04-06T21:50:47.488206
3825857,2016-04-15,11,La Liga,27,2015/2016,Regular Season,221,Levante UD,214,Espanyol,2,1,2022-03-22T17:28:01.958657
3825858,2016-03-12,11,La Liga,27,2015/2016,Regular Season,360,Rayo Vallecano,322,Eibar,1,1,2022-04-06T21:45:07.462493
3825859,2016-04-30,11,La Liga,27,2015/2016,Regular Season,1049,Granada,208,Las Palmas,3,2,2022-04-06T22:13:17.026984
3825860,2016-05-08,11,La Liga,27,2015/2016,Regular Season,221,Levante UD,212,Atlético Madrid,2,1,2022-04-06T22:28:03.762635
3825861,2016-05-08,11,La Liga,27,2015/2016,Regular Season,210,Real Sociedad,360,Rayo Vallecano,2,1,2022-04-06T22:19:36.200070
3825862,2016-04-19,11,La Liga,27,2015/2016,Regular Season,214,Espanyol,209,Celta Vigo,1,1,2022-05-08T22:05:19.872448
3825863,2016-04-11,11,La Liga,27,2015/2016,Regular Season,219,RC Deportivo La Coruña,208,Las Palmas,1,3,2022-03-22T17:26:46.410346
3825864,2016-04-30,11,La Liga,27,2015/2016,Regular Season,210,Real Sociedad,220,Real Madrid,0,1,2022-04-06T22:12:12.933442
3825865,2016-05-08,11,La Liga,27,2015/2016,Regular Season,216,Getafe,1041,Sporting Gijón,1,1,2022-04-06T22:25:38.174446
3825866,2016-05-08,11,La Liga,27,2015/2016,Regular Season,208,Las Palmas,215,Athletic Club,0,0,2022-04-06T22:22:05.828413
3825867,2016-03-05,11,La Liga,27,2015/2016,Regular Season,216,Getafe,213,Sevilla,1,1,2022-03-22T16:43:27.588846
3825868,2016-04-25,11,La Liga,27,2015/2016,Regular Season,209,Celta Vigo,1049,Granada,2,1,2022-04-06T22:09:00.248692
3825869,2016-05-14,11,La Liga,27,2015/2016,Regular Season,215,Athletic Club,213,Sevilla,3,1,2022-08-30T13:07:58.378542
3825870,2016-05-01,11,La Liga,27,2015/2016,Regular Season,215,Athletic Club,209,Celta Vigo,2,1,2022-04-06T22:14:25.306942
3825871,2016-04-22,11,La Liga,27,2015/2016,Regular Season,208,Las Palmas,214,Espanyol,4,0,2022-03-22T17:47:15.901669
3825872,2016-04-02,11,La Liga,27,2015/2016,Regular Season,212,Atlético Madrid,218,Real Betis,5,1,2022-04-06T21:49:38.137760
3825873,2016-05-01,11,La Liga,27,2015/2016,Regular Season,207,Valencia,222,Villarreal,0,2,2022-05-08T22:18:35.593034
3825874,2015-10-24,11,La Liga,27,2015/2016,Regular Season,213,Sevilla,216,Getafe,5,0,2022-08-30T10:45:09.259948
3825875,2016-04-24,11,La Liga,27,2015/2016,Regular Season,222,Villarreal,210,Real Sociedad,0,0,2024-07-31T16:42:34.108536
3825876,2016-05-15,11,La Liga,27,2015/2016,Regular Season,218,Real Betis,216,Getafe,2,1,2022-04-06T22:34:43.462936
3825877,2016-04-03,11,La Liga,27,2015/2016,Regular Season,215,Athletic Club,1049,Granada,1,1,2022-08-30T12:00:01.034113
3825878,2016-04-30,11,La Liga,27,2015/2016,Regular Season,212,Atlético Madrid,360,Rayo Vallecano,1,0,2022-04-06T22:11:02.367741
3825879,2016-03-13,11,La Liga,27,2015/2016,Regular Season,208,Las Palmas,220,Real Madrid,1,2,2022-08-30T11:57:52.148978
3825880,2016-03-19,11,La Liga,27,2015/2016,Regular Season,219,RC Deportivo La Coruña,221,Levante UD,2,1,2022-04-06T21:48:30.272948
3825881,2016-03-14,11,La Liga,27,2015/2016,Regular Season,1049,Granada,214,Espanyol,1,1,2022-05-08T21:25:36.815049
3825882,2016-05-14,11,La Liga,27,2015/2016,Regular Season,212,Atlético Madrid,209,Celta Vigo,2,0,2022-04-06T22:30:58.085822
3825883,2016-05-15,11,La Liga,27,2015/2016,Regular Season,223,Málaga,208,Las Palmas,4,1,2022-08-30T13:15:37.855155
3825884,2016-04-24,11,La Liga,27,2015/2016,Regular Season,213,Sevilla,218,Real Betis,2,0,2022-03-22T17:52:05.246223
3825885,2016-04-01,11,La Liga,27,2015/2016,Regular Season,360,Rayo Vallecano,216,Getafe,2,0,2022-08-30T11:58:36.465906
3825886,2016-04-23,11,La Liga,27,2015/2016,Regular Season,360,Rayo Vallecano,220,Real Madrid,2,3,2022-05-08T22:12:08.084025
3825887,2016-03-19,11,La Liga,27,2015/2016,Regular Season,1049,Granada,360,Rayo Vallecano,2,2,2022-03-22T17:04:35.662805
3825888,2015-11-21,11,La Liga,27,2015/2016,Regular Season,207,Valencia,208,Las Palmas,1,1,2022-02-28T17:02:49.848884
3825889,2016-04-16,11,La Liga,27,2015/2016,Regular Season,209,Celta Vigo,218,Real Betis,1,1,2022-03-22T17:30:41.825416
3825890,2016-04-23,11,La Liga,27,2015/2016,Regular Season,212,Atlético Madrid,223,Málaga,1,0,2022-08-30T12:44:42.308506
3825891,2015-12-19,11,La Liga,27,2015/2016,Regular Season,214,Espanyol,208,Las Palmas,1,0,2022-02-28T17:45:31.174367
3825892,2015-09-22,11,La Liga,27,2015/2016,Regular Season,1049,Granada,210,Real Sociedad,0,3,2022-11-17T12:34:03.613551
3825893,2016-04-20,11,La Liga,27,2015/2016,Regular Season,220,Real Madrid,222,Villarreal,3,0,2022-04-06T22:06:38.190016
3825894,2016-05-01,11,La Liga,27,2015/2016,Regular Season,219,RC Deportivo La Coruña,216,Getafe,0,2,2022-08-30T12:53:16.828350
3825895,2015-09-23,11,La Liga,27,2015/2016,Regular Season,208,Las Palmas,213,Sevilla,2,0,2023-02-21T15:19:07.927548
3825896,2016-04-21,11,La Liga,27,2015/2016,Regular Season,1049,Granada,221,Levante UD,5,1,2022-03-22T17:45:55.967812
3825897,2016-04-16,11,La Liga,27,2015/2016,Regular Season,322,Eibar,210,Real Sociedad,2,1,2022-03-22T17:31:54.504158
3825898,2016-04-02,11,La Liga,27,2015/2016,Regular Season,209,Celta Vigo,219,RC Deportivo La Coruña,1,1,2022-08-30T11:59:18.225779
3825899,2016-04-24,11,La Liga,27,2015/2016,Regular Season,216,Getafe,207,Valencia,2,2,2022-08-30T12:45:23.767392
3825900,2016-05-15,11,La Liga,27,2015/2016,Regular Season,1041,Sporting Gijón,222,Villarreal,2,0,2022-04-06T22:37:12.121807
3825901,2016-05-08,11,La Liga,27,2015/2016,Regular Season,220,Real Madrid,207,Valencia,3,2,2022-05-08T22:34:19.136404
3825902,2016-05-15,11,La Liga,27,2015/2016,Regular Season,360,Rayo Vallecano,221,Levante UD,3,1,2022-04-06T22:35:46.511745
3825903,2016-03-19,11,La Liga,27,2015/2016,Regular Season,218,Real Betis,223,Málaga,0,1,2022-03-22T17:02:01.807518
3825904,2016-05-08,11,La Liga,27,2015/2016,Regular Season,322,Eibar,218,Real Betis,1,1,2022-04-06T22:24:27.098717
3825905,2016-04-03,11,La Liga,27,2015/2016,Regular Season,223,Málaga,214,Espanyol,1,1,2022-03-22T17:12:42.421115
3825906,2016-04-17,11,La Liga,27,2015/2016,Regular Season,213,Sevilla,219,RC Deportivo La Coruña,1,1,2022-03-22T17:33:09.286220
3825907,2016-03-19,11,La Liga,27,2015/2016,Regular Season,1041,Sporting Gijón,212,Atlético Madrid,2,1,2022-03-22T17:03:22.167334
3825908,2016-05-15,11,La Liga,27,2015/2016,Regular Season,214,Espanyol,322,Eibar,4,2,2022-04-06T22:39:49.425989
68313,2004-10-24,11,La Liga,37,2004/2005,Regular Season,217,Barcelona,422,Osasuna,3,0,2025-06-24T13:46:47.167625
68314,2004-12-04,11,La Liga,37,2004/2005,Regular Season,217,Barcelona,223,Málaga,4,0,2025-06-24T13:47:42.695522
68315,2004-12-21,11,La Liga,37,2004/2005,Regular Season,217,Barcelona,221,Levante UD,2,1,2025-06-24T13:48:43.998096
68316,2005-05-01,11,La Liga,37,2004/2005,Regular Season,217,Barcelona,608,Albacete,2,0,2023-11-29T10:56:10.031508
68352,2005-04-17,11,La Liga,37,2004/2005,Regular Season,217,Barcelona,216,Getafe,2,0,2023-11-29T10:55:19.219954
68353,2004-10-16,11,La Liga,37,2004/2005,Regular Season,214,Espanyol,217,Barcelona,0,1,2025-06-23T12:37:06.353769
69153,2004-12-11,11,La Liga,37,2004/2005,Regular Season,608,Albacete,217,Barcelona,1,2,2025-06-24T13:34:29.999262
68317,2005-10-01,11,La Liga,38,2005/2006,Regular Season,217,Barcelona,395,Real Zaragoza,2,2,2020-07-29T05:00
68318,2005-10-22,11,La Liga,38,2005/2006,Regular Season,217,Barcelona,422,Osasuna,3,0,2025-06-24T13:49:41.330560
68319,2005-11-19,11,La Liga,38,2005/2006,Regular Season,220,Real Madrid,217,Barcelona,0,3,2020-07-29T05:00
68320,2005-12-04,11,La Liga,38,2005/2006,Regular Season,222,Villarreal,217,Barcelona,0,2,2020-07-29T05:00
68321,2005-12-11,11,La Liga,38,2005/2006,Regular Season,217,Barcelona,213,Sevilla,2,1,2025-06-24T09:41:16.144770
68322,2005-12-17,11,La Liga,38,2005/2006,Regular Season,552,Cádiz,217,Barcelona,1,3,2025-06-24T13:47:13.311501
68323,2005-12-20,11,La Liga,38,2005/2006,Regular Season,217,Barcelona,209,Celta Vigo,2,0,2025-06-24T14:05:07.849675
68324,2006-01-22,11,La Liga,38,2005/2006,Regular Season,217,Barcelona,206,Deportivo Alavés,2,0,2025-06-24T13:48:05.304026
68325,2006-01-29,11,La Liga,38,2005/2006,Regular Season,1043,Mallorca,217,Barcelona,0,3,2025-06-24T13:44:12.516030
68339,2005-11-06,11,La Liga,38,2005/2006,Regular Season,216,Getafe,217,Barcelona,1,3,2025-06-24T13:45:19.035108
68342,2006-01-15,11,La Liga,38,2005/2006,Regular Season,217,Barcelona,215,Athletic Club,2,1,2021-11-28T23:00:27.747396
68348,2006-01-07,11,La Liga,38,2005/2006,Regular Season,214,Espanyol,217,Barcelona,1,2,2020-07-29T05:00
68350,2006-02-05,11,La Liga,38,2005/2006,Regular Season,217,Barcelona,212,Atlético Madrid,1,3,2025-06-24T13:46:17.554348
68351,2006-02-25,11,La Liga,38,2005/2006,Regular Season,395,Real Zaragoza,217,Barcelona,0,2,2020-07-29T05:00
68354,2005-11-27,11,La Liga,38,2005/2006,Regular Season,217,Barcelona,1217,Racing Santander,4,1,2025-06-24T13:39:53.306415
69164,2005-10-26,11,La Liga,38,2005/2006,Regular Season,217,Barcelona,223,Málaga,2,0,2022-07-03T12:34:31.749038
69172,2006-02-18,11,La Liga,38,2005/2006,Regular Season,217,Barcelona,218,Real Betis,5,1,2025-06-24T13:48:54.461240
68326,2006-08-28,11,La Liga,39,2006/2007,Regular Season,209,Celta Vigo,217,Barcelona,2,3,2025-04-23T14:29:31.733103
68327,2006-09-09,11,La Liga,39,2006/2007,Regular Season,217,Barcelona,422,Osasuna,3,0,2025-06-24T13:49:52.019475
68328,2006-09-24,11,La Liga,39,2006/2007,Regular Season,217,Barcelona,207,Valencia,1,1,2025-06-24T13:50:54.891989
68329,2006-10-15,11,La Liga,39,2006/2007,Regular Season,217,Barcelona,213,Sevilla,3,1,2020-07-29T05:00
68330,2006-10-22,11,La Liga,39,2006/2007,Regular Season,220,Real Madrid,217,Barcelona,2,0,2020-07-29T05:00
68331,2006-11-12,11,La Liga,39,2006/2007,Regular Season,217,Barcelona,395,Real Zaragoza,3,1,2020-07-29T05:00
68332,2007-02-18,11,La Liga,39,2006/2007,Regular Season,207,Valencia,217,Barcelona,2,1,2025-06-24T09:44:51.601579
68333,2007-02-25,11,La Liga,39,2006/2007,Regular Season,217,Barcelona,215,Athletic Club,3,0,2025-06-24T13:51:53.621831
68334,2007-03-03,11,La Liga,39,2006/2007,Regular Season,213,Sevilla,217,Barcelona,2,1,2025-06-24T13:52:50.824119
68335,2007-03-10,11,La Liga,39,2006/2007,Regular Season,217,Barcelona,220,Real Madrid,3,3,2020-07-29T05:00
68336,2007-06-17,11,La Liga,39,2006/2007,Regular Season,1036,Gimnàstic Tarragona,217,Barcelona,1,5,2025-06-24T13:44:39.144483
68340,2006-09-17,11,La Liga,39,2006/2007,Regular Season,1217,Racing Santander,217,Barcelona,0,3,2023-03-26T23:19:39.125951
68341,2007-03-17,11,La Liga,39,2006/2007,Regular Season,1220,Recreativo Huelva,217,Barcelona,0,4,2022-11-24T21:22:50.350065
68347,2006-09-30,11,La Liga,39,2006/2007,Regular Season,215,Athletic Club,217,Barcelona,1,3,2020-07-29T05:00
69154,2007-02-11,11,La Liga,39,2006/2007,Regular Season,217,Barcelona,1217,Racing Santander,2,0,2020-07-29T05:00
69155,2007-04-22,11,La Liga,39,2006/2007,Regular Season,222,Villarreal,217,Barcelona,2,0,2022-11-15T17:14:12.987983
69156,2007-04-29,11,La Liga,39,2006/2007,Regular Season,217,Barcelona,221,Levante UD,1,0,2022-11-15T17:15:04.774759
69157,2007-05-26,11,La Liga,39,2006/2007,Regular Season,217,Barcelona,216,Getafe,1,0,2025-06-24T13:35:29.714023
69159,2007-04-15,11,La Liga,39,2006/2007,Regular Season,217,Barcelona,1043,Mallorca,1,0,2020-07-29T05:00
69160,2007-05-05,11,La Liga,39,2006/2007,Regular Season,210,Real Sociedad,217,Barcelona,0,2,2025-06-23T12:38:17.118392
69162,2007-05-13,11,La Liga,39,2006/2007,Regular Season,217,Barcelona,218,Real Betis,1,1,2020-07-29T05:00
69165,2007-06-09,11,La Liga,39,2006/2007,Regular Season,217,Barcelona,214,Espanyol,2,2,2025-06-24T13:36:50.035043
69174,2006-11-04,11,La Liga,39,2006/2007,Regular Season,219,RC Deportivo La Coruña,217,Barcelona,1,1,2020-07-29T05:00
69175,2007-03-31,11,La Liga,39,2006/2007,Regular Season,217,Barcelona,219,RC Deportivo La Coruña,2,1,2020-07-29T05:00
69176,2007-05-20,11,La Liga,39,2006/2007,Regular Season,212,Atlético Madrid,217,Barcelona,0,6,2020-07-29T05:00
69179,2007-04-07,11,La Liga,39,2006/2007,Regular Season,395,Real Zaragoza,217,Barcelona,1,0,2020-07-29T05:00
68356,2007-12-01,11,La Liga,40,2007/2008,Regular Season,214,Espanyol,217,Barcelona,1,1,2020-07-29T05:00
68358,2008-04-12,11,La Liga,40,2007/2008,Regular Season,1220,Recreativo Huelva,217,Barcelona,2,2,2023-04-19T10:38:27.207180
68359,2008-04-19,11,La Liga,40,2007/2008,Regular Season,217,Barcelona,214,Espanyol,0,0,2020-07-29T05:00
68360,2008-02-24,11,La Liga,40,2007/2008,Regular Season,217,Barcelona,221,Levante UD,5,1,2023-04-19T10:39:13.739317
68361,2008-05-07,11,La Liga,40,2007/2008,Regular Season,220,Real Madrid,217,Barcelona,4,1,2020-07-29T05:00
68363,2007-11-01,11,La Liga,40,2007/2008,Regular Season,901,Real Valladolid,217,Barcelona,1,1,2020-07-29T05:00
68364,2007-10-20,11,La Liga,40,2007/2008,Regular Season,222,Villarreal,217,Barcelona,3,1,2020-07-29T05:00
68365,2008-03-01,11,La Liga,40,2007/2008,Regular Season,212,Atlético Madrid,217,Barcelona,4,2,2020-07-29T05:00
68366,2008-05-11,11,La Liga,40,2007/2008,Regular Season,217,Barcelona,1043,Mallorca,2,3,2020-07-29T05:00
69141,2008-05-04,11,La Liga,40,2007/2008,Regular Season,217,Barcelona,207,Valencia,6,0,2020-07-29T05:00
69144,2007-10-07,11,La Liga,40,2007/2008,Regular Season,217,Barcelona,212,Atlético Madrid,3,0,2021-10-26T13:13:56.180589
69145,2007-12-15,11,La Liga,40,2007/2008,Regular Season,207,Valencia,217,Barcelona,0,3,2020-07-29T05:00
69146,2008-02-09,11,La Liga,40,2007/2008,Regular Season,213,Sevilla,217,Barcelona,1,1,2025-06-24T13:46:01.564005
69148,2007-09-22,11,La Liga,40,2007/2008,Regular Season,217,Barcelona,213,Sevilla,2,1,2020-07-29T05:00
69151,2007-09-29,11,La Liga,40,2007/2008,Regular Season,221,Levante UD,217,Barcelona,1,4,2021-10-26T13:06:13.517786
69158,2007-10-28,11,La Liga,40,2007/2008,Regular Season,217,Barcelona,403,Almería,2,0,2020-07-29T05:00
69166,2007-11-04,11,La Liga,40,2007/2008,Regular Season,217,Barcelona,218,Real Betis,3,0,2023-04-19T10:39:58.900299
69169,2007-09-02,11,La Liga,40,2007/2008,Regular Season,217,Barcelona,215,Athletic Club,3,1,2020-07-29T05:00
69170,2007-12-09,11,La Liga,40,2007/2008,Regular Season,217,Barcelona,219,RC Deportivo La Coruña,2,1,2023-04-19T10:40:50.146810
69173,2008-01-20,11,La Liga,40,2007/2008,Regular Season,217,Barcelona,1217,Racing Santander,1,0,2025-06-24T13:47:07.137835
69178,2007-11-10,11,La Liga,40,2007/2008,Regular Season,216,Getafe,217,Barcelona,2,0,2020-07-29T05:00
69180,2007-08-26,11,La Liga,40,2007/2008,Regular Season,1217,Racing Santander,217,Barcelona,0,0,2020-07-29T05:00
69181,2008-01-27,11,La Liga,40,2007/2008,Regular Season,215,Athletic Club,217,Barcelona,1,1,2020-07-29T05:00
69182,2008-02-16,11,La Liga,40,2007/2008,Regular Season,395,Real Zaragoza,217,Barcelona,1,2,2025-08-15T14:05:12.751913
69184,2007-11-24,11,La Liga,40,2007/2008,Regular Season,217,Barcelona,1220,Recreativo Huelva,3,0,2023-04-19T10:41:44.229549
69186,2008-05-17,11,La Liga,40,2007/2008,Regular Season,1230,Real Murcia CF,217,Barcelona,3,5,2023-04-19T10:42:35.284291
69187,2008-02-03,11,La Liga,40,2007/2008,Regular Season,217,Barcelona,422,Osasuna,1,0,2025-06-24T13:37:57.103066
69138,2008-09-21,11,La Liga,41,2008/2009,Regular Season,1041,Sporting Gijón,217,Barcelona,1,6,2025-06-24T09:45:51.965731
69139,2009-02-21,11,La Liga,41,2008/2009,Regular Season,217,Barcelona,214,Espanyol,1,2,2025-06-24T13:40:45.475591
69142,2009-03-22,11,La Liga,41,2008/2009,Regular Season,217,Barcelona,223,Málaga,6,0,2023-04-19T10:43:23.794420
69147,2008-08-31,11,La Liga,41,2008/2009,Regular Season,444,CD Numancia de Soria,217,Barcelona,1,0,2020-07-29T05:00
69149,2008-12-06,11,La Liga,41,2008/2009,Regular Season,217,Barcelona,207,Valencia,4,0,2020-07-29T05:00
69171,2008-11-29,11,La Liga,41,2008/2009,Regular Season,213,Sevilla,217,Barcelona,0,3,2020-07-29T05:00
69177,2009-03-15,11,La Liga,41,2008/2009,Regular Season,403,Almería,217,Barcelona,0,2,2020-07-29T05:00
69183,2009-01-17,11,La Liga,41,2008/2009,Regular Season,217,Barcelona,219,RC Deportivo La Coruña,5,0,2020-07-29T05:00
69185,2009-03-01,11,La Liga,41,2008/2009,Regular Season,212,Atlético Madrid,217,Barcelona,4,3,2020-07-29T05:00
69189,2009-01-24,11,La Liga,41,2008/2009,Regular Season,217,Barcelona,444,CD Numancia de Soria,4,1,2025-06-24T13:48:27.411998
69195,2009-02-14,11,La Liga,41,2008/2009,Regular Season,218,Real Betis,217,Barcelona,2,2,2023-04-19T10:44:09.332962
69207,2008-09-24,11,La Liga,41,2008/2009,Regular Season,217,Barcelona,218,Real Betis,3,2,2023-04-19T10:44:55.907154
69209,2009-02-01,11,La Liga,41,2008/2009,Regular Season,1217,Racing Santander,217,Barcelona,1,2,2023-04-19T10:45:41.486531
69211,2008-09-27,11,La Liga,41,2008/2009,Regular Season,214,Espanyol,217,Barcelona,1,2,2025-06-24T13:41:35.803243
69212,2008-10-04,11,La Liga,41,2008/2009,Regular Season,217,Barcelona,212,Atlético Madrid,6,1,2025-06-24T13:49:34.102738
69215,2008-09-13,11,La Liga,41,2008/2009,Regular Season,217,Barcelona,1217,Racing Santander,1,1,2020-07-29T05:00
69216,2009-03-07,11,La Liga,41,2008/2009,Regular Season,217,Barcelona,215,Athletic Club,2,0,2020-07-29T05:00
69217,2009-05-10,11,La Liga,41,2008/2009,Regular Season,217,Barcelona,222,Villarreal,3,3,2020-07-29T05:00
69222,2009-04-11,11,La Liga,41,2008/2009,Regular Season,217,Barcelona,1220,Recreativo Huelva,2,0,2025-09-08T13:42:24.627088
69223,2009-04-18,11,La Liga,41,2008/2009,Regular Season,216,Getafe,217,Barcelona,0,1,2020-07-29T05:00
69225,2008-12-13,11,La Liga,41,2008/2009,Regular Season,217,Barcelona,220,Real Madrid,2,0,2025-06-24T13:50:46.466916
69228,2008-12-21,11,La Liga,41,2008/2009,Regular Season,222,Villarreal,217,Barcelona,1,2,2020-07-29T05:00
69230,2009-01-11,11,La Liga,41,2008/2009,Regular Season,422,Osasuna,217,Barcelona,2,3,2020-07-29T05:00
69231,2009-02-08,11,La Liga,41,2008/2009,Regular Season,217,Barcelona,1041,Sporting Gijón,3,1,2020-07-29T05:00
69232,2008-10-25,11,La Liga,41,2008/2009,Regular Season,217,Barcelona,403,Almería,5,0,2020-07-29T05:00
69235,2008-11-01,11,La Liga,41,2008/2009,Regular Season,223,Málaga,217,Barcelona,1,4,2020-07-29T05:00
69249,2009-05-02,11,La Liga,41,2008/2009,Regular Season,220,Real Madrid,217,Barcelona,2,6,2025-06-24T13:52:04.679206
69251,2009-04-25,11,La Liga,41,2008/2009,Regular Season,207,Valencia,217,Barcelona,2,2,2020-07-29T05:00
69273,2009-04-04,11,La Liga,41,2008/2009,Regular Season,901,Real Valladolid,217,Barcelona,0,1,2020-07-29T05:00
69279,2008-11-08,11,La Liga,41,2008/2009,Regular Season,217,Barcelona,901,Real Valladolid,6,0,2020-07-29T05:00
69285,2008-11-16,11,La Liga,41,2008/2009,Regular Season,1220,Recreativo Huelva,217,Barcelona,0,2,2023-04-19T10:46:29.203565
303377,2020-02-15,11,La Liga,42,2019/2020,Regular Season,217,Barcelona,216,Getafe,2,1,2022-11-12T01:08:03.360091
303400,2020-01-25,11,La Liga,42,2019/2020,Regular Season,207,Valencia,217,Barcelona,2,0,2020-07-29T05:00
303421,2020-07-19,11,La Liga,42,2019/2020,Regular Season,206,Deportivo Alavés,217,Barcelona,0,5,2022-12-01T11:29:05.649590
303430,2019-09-24,11,La Liga,42,2019/2020,Regular Season,217,Barcelona,222,Villarreal,2,1,2020-07-29T05:00
303451,2019-12-07,11,La Liga,42,2019/2020,Regular Season,217,Barcelona,1043,Mallorca,5,2,2020-07-29T05:00
303470,2020-03-01,11,La Liga,42,2019/2020,Regular Season,220,Real Madrid,217,Barcelona,2,0,2022-12-01T10:40:43.605436
303473,2019-10-06,11,La Liga,42,2019/2020,Regular Season,217,Barcelona,213,Sevilla,4,0,2021-06-11T19:47:11.274
303479,2020-03-07,11,La Liga,42,2019/2020,Regular Season,217,Barcelona,210,Real Sociedad,1,0,2020-07-29T05:00
303487,2019-11-09,11,La Liga,42,2019/2020,Regular Season,217,Barcelona,209,Celta Vigo,4,1,2022-07-15T23:21:08.621548
303493,2020-06-23,11,La Liga,42,2019/2020,Regular Season,217,Barcelona,215,Athletic Club,1,0,2020-07-29T05:00
303504,2019-11-02,11,La Liga,42,2019/2020,Regular Season,221,Levante UD,217,Barcelona,3,1,2020-07-29T05:00
303516,2020-06-27,11,La Liga,42,2019/2020,Regular Season,209,Celta Vigo,217,Barcelona,2,2,2022-12-01T11:01:34.955134
303517,2019-12-21,11,La Liga,42,2019/2020,Regular Season,217,Barcelona,206,Deportivo Alavés,4,1,2020-07-29T05:00
303524,2019-12-01,11,La Liga,42,2019/2020,Regular Season,212,Atlético Madrid,217,Barcelona,0,1,2020-07-29T05:00
303532,2020-06-16,11,La Liga,42,2019/2020,Regular Season,217,Barcelona,205,Leganés,2,0,2022-12-01T10:49:24.173853
303548,2020-06-13,11,La Liga,42,2019/2020,Regular Season,1043,Mallorca,217,Barcelona,0,4,2020-07-29T05:00
303596,2019-12-18,11,La Liga,42,2019/2020,Regular Season,217,Barcelona,220,Real Madrid,0,0,2020-07-29T05:00
303600,2019-10-29,11,La Liga,42,2019/2020,Regular Season,217,Barcelona,901,Real Valladolid,5,1,2022-07-15T22:48:51.522655
303610,2020-01-19,11,La Liga,42,2019/2020,Regular Season,217,Barcelona,1049,Granada,1,0,2023-07-25T00:11:42.596169
303615,2020-07-08,11,La Liga,42,2019/2020,Regular Season,217,Barcelona,214,Espanyol,1,0,2020-09-11T23:12:41.238499
303634,2020-07-16,11,La Liga,42,2019/2020,Regular Season,217,Barcelona,422,Osasuna,1,2,2020-09-18T13:16:12.825671
303652,2020-01-04,11,La Liga,42,2019/2020,Regular Season,214,Espanyol,217,Barcelona,2,2,2020-07-29T05:00
303664,2019-12-14,11,La Liga,42,2019/2020,Regular Season,210,Real Sociedad,217,Barcelona,2,2,2020-07-29T05:00
303666,2019-09-21,11,La Liga,42,2019/2020,Regular Season,1049,Granada,217,Barcelona,2,0,2023-02-25T06:54:44.669897
303674,2020-06-19,11,La Liga,42,2019/2020,Regular Season,213,Sevilla,217,Barcelona,0,0,2022-12-01T10:51:57.948924
303680,2020-07-11,11,La Liga,42,2019/2020,Regular Season,901,Real Valladolid,217,Barcelona,0,1,2020-12-18T12:10:38.985394
303682,2020-02-02,11,La Liga,42,2019/2020,Regular Season,217,Barcelona,221,Levante UD,2,1,2022-11-12T01:17:24.133378
303696,2020-06-30,11,La Liga,42,2019/2020,Regular Season,217,Barcelona,212,Atlético Madrid,2,2,2023-04-19T10:52:22.240135
303700,2019-10-19,11,La Liga,42,2019/2020,Regular Season,322,Eibar,217,Barcelona,0,3,2020-07-29T05:00
303707,2020-02-09,11,La Liga,42,2019/2020,Regular Season,218,Real Betis,217,Barcelona,2,3,2022-11-12T01:19:12.101889
303715,2019-11-23,11,La Liga,42,2019/2020,Regular Season,205,Leganés,217,Barcelona,1,2,2023-07-25T00:15:08.494924
303725,2020-07-05,11,La Liga,42,2019/2020,Regular Season,222,Villarreal,217,Barcelona,1,4,2020-07-29T05:00
303731,2020-02-22,11,La Liga,42,2019/2020,Regular Season,217,Barcelona,322,Eibar,5,0,2020-07-29T05:00
3764440,2021-02-24,11,La Liga,90,2020/2021,Regular Season,217,Barcelona,1042,Elche,3,0,2023-07-25T03:06:46.373172
3764661,2021-01-06,11,La Liga,90,2020/2021,Regular Season,215,Athletic Club,217,Barcelona,2,3,2021-05-07T04:07:28.081860
3773369,2021-03-15,11,La Liga,90,2020/2021,Regular Season,217,Barcelona,902,Huesca,4,1,2022-12-02T08:56:56.809012
3773372,2021-05-08,11,La Liga,90,2020/2021,Regular Season,217,Barcelona,212,Atlético Madrid,0,0,2021-05-10T04:24:10.396826
3773377,2020-12-19,11,La Liga,90,2020/2021,Regular Season,217,Barcelona,207,Valencia,2,2,2023-07-25T03:50:34.381454
3773386,2020-10-31,11,La Liga,90,2020/2021,Regular Season,206,Deportivo Alavés,217,Barcelona,1,1,2023-07-25T03:54:59.280826
3773387,2021-05-11,11,La Liga,90,2020/2021,Regular Season,221,Levante UD,217,Barcelona,3,3,2021-05-13T00:20:44.739341
3773403,2021-01-31,11,La Liga,90,2020/2021,Regular Season,217,Barcelona,215,Athletic Club,2,1,2022-12-02T08:36:08.592852
3773415,2021-02-21,11,La Liga,90,2020/2021,Regular Season,217,Barcelona,552,Cádiz,1,1,2023-07-25T03:10:18.051218
3773428,2020-12-05,11,La Liga,90,2020/2021,Regular Season,552,Cádiz,217,Barcelona,2,1,2023-07-25T03:50:55.226757
3773457,2021-05-16,11,La Liga,90,2020/2021,Regular Season,217,Barcelona,209,Celta Vigo,1,2,2022-12-02T09:26:39.496362
3773466,2020-10-01,11,La Liga,90,2020/2021,Regular Season,209,Celta Vigo,217,Barcelona,0,3,2023-07-25T03:55:25.794505
3773474,2021-04-05,11,La Liga,90,2020/2021,Regular Season,217,Barcelona,901,Real Valladolid,1,0,2021-04-12T07:10:50.227712
3773477,2020-11-07,11,La Liga,90,2020/2021,Regular Season,217,Barcelona,218,Real Betis,5,2,2023-07-25T03:59:53.393191
3773497,2021-04-10,11,La Liga,90,2020/2021,Regular Season,220,Real Madrid,217,Barcelona,2,1,2022-12-02T09:04:21.859831
3773523,2020-12-16,11,La Liga,90,2020/2021,Regular Season,217,Barcelona,210,Real Sociedad,2,1,2023-07-25T03:54:28.731114
3773526,2021-02-13,11,La Liga,90,2020/2021,Regular Season,217,Barcelona,206,Deportivo Alavés,5,1,2023-07-25T03:50:51.336686
3773547,2020-11-29,11,La Liga,90,2020/2021,Regular Season,217,Barcelona,422,Osasuna,4,0,2020-11-30T09:14:36.663981
3773552,2021-01-03,11,La Liga,90,2020/2021,Regular Season,902,Huesca,217,Barcelona,0,1,2021-05-09T12:03:31.185940
3773565,2021-01-09,11,La Liga,90,2020/2021,Regular Season,1049,Granada,217,Barcelona,0,4,2023-07-25T03:51:37.437064
3773571,2020-12-22,11,La Liga,90,2020/2021,Regular Season,901,Real Valladolid,217,Barcelona,0,3,2022-12-01T14:54:17.777866
3773585,2020-10-24,11,La Liga,90,2020/2021,Regular Season,217,Barcelona,220,Real Madrid,1,3,2023-07-25T03:53:35.185506
3773586,2021-04-29,11,La Liga,90,2020/2021,Regular Season,217,Barcelona,1049,Granada,1,2,2021-07-06T16:43:21.218
3773587,2020-10-17,11,La Liga,90,2020/2021,Regular Season,216,Getafe,217,Barcelona,1,0,2023-07-25T04:01:45.160583
3773593,2020-09-27,11,La Liga,90,2020/2021,Regular Season,217,Barcelona,222,Villarreal,4,0,2023-07-25T04:01:57.790373
3773597,2021-03-21,11,La Liga,90,2020/2021,Regular Season,210,Real Sociedad,217,Barcelona,1,6,2021-03-22T21:28:32.452567
3773625,2021-02-27,11,La Liga,90,2020/2021,Regular Season,213,Sevilla,217,Barcelona,0,2,2021-11-28T09:47:02.505122
3773631,2021-02-07,11,La Liga,90,2020/2021,Regular Season,218,Real Betis,217,Barcelona,2,3,2023-07-25T03:47:44.278651
3773656,2020-11-21,11,La Liga,90,2020/2021,Regular Season,212,Atlético Madrid,217,Barcelona,1,0,2020-11-24T06:29:13.401420
3773660,2020-12-13,11,La Liga,90,2020/2021,Regular Season,217,Barcelona,221,Levante UD,1,0,2022-12-01T14:49:02.748131
3773661,2021-04-22,11,La Liga,90,2020/2021,Regular Season,217,Barcelona,216,Getafe,5,2,2021-04-23T20:17:32.331635
3773665,2021-03-06,11,La Liga,90,2020/2021,Regular Season,422,Osasuna,217,Barcelona,0,2,2022-12-02T08:46:42.897589
3773672,2020-10-04,11,La Liga,90,2020/2021,Regular Season,217,Barcelona,213,Sevilla,1,1,2023-07-25T03:58:44.264327
3773689,2021-04-25,11,La Liga,90,2020/2021,Regular Season,222,Villarreal,217,Barcelona,1,2,2022-12-02T09:12:52.250855
3773695,2021-05-02,11,La Liga,90,2020/2021,Regular Season,207,Valencia,217,Barcelona,2,3,2021-05-07T13:24:24.423335
3888713,1974-02-17,11,La Liga,278,1973/1974,Regular Season,220,Real Madrid,217,Barcelona,0,5,2023-07-06T12:50:48.807820
3878540,2015-08-22,12,Serie A,27,2015/2016,Regular Season,236,Lazio,240,Bologna,2,1,2023-03-11T19:47:07.564321
3878541,2015-08-22,12,Serie A,27,2015/2016,Regular Season,226,Hellas Verona,229,AS Roma,1,1,2024-03-10T16:12:05.867037
3878542,2015-08-23,12,Serie A,27,2015/2016,Regular Season,239,Fiorentina,243,AC Milan,2,0,2023-03-23T12:20:07.722828
3878543,2015-08-23,12,Serie A,27,2015/2016,Regular Season,238,Inter Milan,228,Atalanta,1,0,2023-03-18T11:20:09.803164
3878544,2015-08-23,12,Serie A,27,2015/2016,Regular Season,2256,Palermo,233,Genoa,1,0,2023-03-20T15:00:53.979113
3878545,2015-08-23,12,Serie A,27,2015/2016,Regular Season,234,Sampdoria,1683,Carpi,5,2,2023-05-29T17:47:45.111571
3878546,2015-08-23,12,Serie A,27,2015/2016,Regular Season,232,Sassuolo,227,Napoli,2,1,2023-05-26T21:37:16.448127
3878547,2015-08-23,12,Serie A,27,2015/2016,Regular Season,291,Frosinone,241,Torino,1,2,2023-03-10T12:45:43.070117
3878548,2015-08-23,12,Serie A,27,2015/2016,Regular Season,224,Juventus,230,Udinese,0,1,2023-07-16T21:03:34.265793
3878549,2015-08-23,12,Serie A,27,2015/2016,Regular Season,290,Empoli,231,Chievo,1,3,2023-03-10T14:58:07.512359
3878550,2015-08-29,12,Serie A,27,2015/2016,Regular Season,240,Bologna,232,Sassuolo,0,1,2023-03-16T07:32:07.042867
3878551,2015-08-29,12,Serie A,27,2015/2016,Regular Season,243,AC Milan,290,Empoli,2,1,2023-03-16T12:13:23.476262
3878552,2015-08-30,12,Serie A,27,2015/2016,Regular Season,1683,Carpi,238,Inter Milan,1,2,2023-03-17T01:40:46.367917
3878553,2015-08-30,12,Serie A,27,2015/2016,Regular Season,231,Chievo,236,Lazio,4,0,2023-03-18T00:58:20.173244
3878554,2015-08-30,12,Serie A,27,2015/2016,Regular Season,233,Genoa,226,Hellas Verona,2,0,2023-07-29T09:25:33.811366
3878555,2015-08-30,12,Serie A,27,2015/2016,Regular Season,229,AS Roma,224,Juventus,2,1,2023-03-17T20:16:12.869818
3878556,2015-08-30,12,Serie A,27,2015/2016,Regular Season,241,Torino,239,Fiorentina,3,1,2023-04-09T09:52:17.492002
3878557,2015-08-30,12,Serie A,27,2015/2016,Regular Season,230,Udinese,2256,Palermo,0,1,2023-03-16T14:31:42.570104
3878558,2015-08-30,12,Serie A,27,2015/2016,Regular Season,227,Napoli,234,Sampdoria,2,2,2023-03-16T10:19:11.373859
3878559,2015-08-30,12,Serie A,27,2015/2016,Regular Season,228,Atalanta,291,Frosinone,2,0,2023-03-20T15:02:08.687125
3878592,2015-09-12,12,Serie A,27,2015/2016,Regular Season,239,Fiorentina,233,Genoa,1,0,2023-07-25T07:59:52.418973
3878593,2015-09-12,12,Serie A,27,2015/2016,Regular Season,291,Frosinone,229,AS Roma,0,2,2023-08-10T15:16:29.937231
3878594,2015-09-12,12,Serie A,27,2015/2016,Regular Season,224,Juventus,231,Chievo,1,1,2023-06-05T20:10:48.238919
3878595,2015-09-13,12,Serie A,27,2015/2016,Regular Season,236,Lazio,230,Udinese,2,0,2023-05-06T20:16:23.399360
3878596,2015-09-13,12,Serie A,27,2015/2016,Regular Season,226,Hellas Verona,241,Torino,2,2,2023-06-01T21:39:20.374667
3878597,2015-09-13,12,Serie A,27,2015/2016,Regular Season,290,Empoli,227,Napoli,2,2,2023-03-19T18:58:08.474624
3878598,2015-09-13,12,Serie A,27,2015/2016,Regular Season,2256,Palermo,1683,Carpi,2,2,2023-03-20T11:12:44.077676
3878599,2015-09-13,12,Serie A,27,2015/2016,Regular Season,232,Sassuolo,228,Atalanta,2,2,2023-03-18T20:10:14.983126
3878600,2015-09-13,12,Serie A,27,2015/2016,Regular Season,238,Inter Milan,243,AC Milan,1,0,2023-04-06T12:10:09.751753
3878601,2015-09-14,12,Serie A,27,2015/2016,Regular Season,234,Sampdoria,240,Bologna,2,0,2023-03-17T19:15:07.989170
3878602,2015-09-19,12,Serie A,27,2015/2016,Regular Season,243,AC Milan,2256,Palermo,3,2,2023-03-24T05:38:09.641310
3878603,2015-09-19,12,Serie A,27,2015/2016,Regular Season,230,Udinese,290,Empoli,1,2,2023-03-26T02:30:00.946089
3878604,2015-09-20,12,Serie A,27,2015/2016,Regular Season,227,Napoli,236,Lazio,5,0,2023-03-25T21:05:15.158798
3878605,2015-09-20,12,Serie A,27,2015/2016,Regular Season,1683,Carpi,239,Fiorentina,0,1,2023-03-25T06:37:58.946602
3878606,2015-09-20,12,Serie A,27,2015/2016,Regular Season,241,Torino,234,Sampdoria,2,0,2024-01-07T14:12:25.529719
3878607,2015-09-20,12,Serie A,27,2015/2016,Regular Season,229,AS Roma,232,Sassuolo,2,2,2023-03-24T07:23:06.575117
3878608,2015-09-20,12,Serie A,27,2015/2016,Regular Season,240,Bologna,291,Frosinone,1,0,2023-03-24T20:43:09.894126
3878609,2015-09-20,12,Serie A,27,2015/2016,Regular Season,233,Genoa,224,Juventus,0,2,2023-05-30T15:11:39.416127
3878610,2015-09-20,12,Serie A,27,2015/2016,Regular Season,228,Atalanta,226,Hellas Verona,1,1,2023-06-22T04:58:43.011194
3878611,2015-09-20,12,Serie A,27,2015/2016,Regular Season,231,Chievo,238,Inter Milan,0,1,2023-03-25T14:03:16.750724
3879537,2015-09-22,12,Serie A,27,2015/2016,Regular Season,230,Udinese,243,AC Milan,2,3,2023-12-13T17:32:46.423081
3879538,2015-09-23,12,Serie A,27,2015/2016,Regular Season,236,Lazio,233,Genoa,2,0,2023-03-28T16:23:28.577659
3879539,2015-09-23,12,Serie A,27,2015/2016,Regular Season,1683,Carpi,227,Napoli,0,0,2023-03-26T12:36:29.399501
3879540,2015-09-23,12,Serie A,27,2015/2016,Regular Season,231,Chievo,241,Torino,1,0,2023-04-10T09:22:34.005243
3879541,2015-09-23,12,Serie A,27,2015/2016,Regular Season,239,Fiorentina,240,Bologna,2,0,2023-03-24T01:53:07.500715
3879542,2015-09-23,12,Serie A,27,2015/2016,Regular Season,238,Inter Milan,226,Hellas Verona,1,0,2025-08-15T14:10:03.727003
3879543,2015-09-23,12,Serie A,27,2015/2016,Regular Season,224,Juventus,291,Frosinone,1,1,2023-03-28T18:27:18.967022
3879544,2015-09-23,12,Serie A,27,2015/2016,Regular Season,2256,Palermo,232,Sassuolo,0,1,2023-03-29T12:46:47.725710
3879545,2015-09-23,12,Serie A,27,2015/2016,Regular Season,234,Sampdoria,229,AS Roma,2,1,2023-03-29T20:04:17.201245
3879546,2015-09-24,12,Serie A,27,2015/2016,Regular Season,290,Empoli,228,Atalanta,0,1,2023-12-13T17:11:23.472244
3879547,2015-09-26,12,Serie A,27,2015/2016,Regular Season,229,AS Roma,1683,Carpi,5,1,2023-06-24T17:21:49.629250
3879548,2015-09-26,12,Serie A,27,2015/2016,Regular Season,227,Napoli,224,Juventus,2,1,2023-06-19T09:04:10.819240
3879549,2015-09-27,12,Serie A,27,2015/2016,Regular Season,233,Genoa,243,AC Milan,1,0,2023-12-27T01:38:20.214093
3879550,2015-09-27,12,Serie A,27,2015/2016,Regular Season,238,Inter Milan,239,Fiorentina,1,4,2023-06-19T10:51:28.955823
3879551,2015-09-27,12,Serie A,27,2015/2016,Regular Season,226,Hellas Verona,236,Lazio,1,2,2025-08-15T14:07:54.221225
3879552,2015-09-27,12,Serie A,27,2015/2016,Regular Season,240,Bologna,230,Udinese,1,2,2023-06-17T15:29:42.555186
3879553,2015-09-27,12,Serie A,27,2015/2016,Regular Season,232,Sassuolo,231,Chievo,1,1,2023-06-17T15:00:10.891421
3879554,2015-09-27,12,Serie A,27,2015/2016,Regular Season,241,Torino,2256,Palermo,2,1,2023-06-16T16:59:44.795639
3879555,2015-09-28,12,Serie A,27,2015/2016,Regular Season,228,Atalanta,234,Sampdoria,2,1,2023-06-19T12:49:22.120873
3879556,2015-09-28,12,Serie A,27,2015/2016,Regular Season,291,Frosinone,290,Empoli,2,0,2023-06-19T11:47:10.273107
3879557,2015-10-03,12,Serie A,27,2015/2016,Regular Season,231,Chievo,226,Hellas Verona,1,1,2025-08-15T13:58:20.453354
3879558,2015-10-03,12,Serie A,27,2015/2016,Regular Season,1683,Carpi,241,Torino,2,1,2023-06-16T16:04:09.547427
3879559,2015-10-04,12,Serie A,27,2015/2016,Regular Season,224,Juventus,240,Bologna,3,1,2023-06-26T14:06:27.958526
3879560,2015-10-04,12,Serie A,27,2015/2016,Regular Season,236,Lazio,291,Frosinone,2,0,2023-08-11T09:36:23.339788
3879561,2015-10-04,12,Serie A,27,2015/2016,Regular Season,239,Fiorentina,228,Atalanta,3,0,2023-06-16T17:19:08.387666
3879562,2015-10-04,12,Serie A,27,2015/2016,Regular Season,243,AC Milan,227,Napoli,0,4,2023-06-15T15:54:23.440348
3879563,2015-10-04,12,Serie A,27,2015/2016,Regular Season,290,Empoli,232,Sassuolo,1,0,2023-06-18T13:10:41.698720
3879564,2015-10-04,12,Serie A,27,2015/2016,Regular Season,2256,Palermo,229,AS Roma,2,4,2023-06-17T11:54:54.329674
3879565,2015-10-04,12,Serie A,27,2015/2016,Regular Season,234,Sampdoria,238,Inter Milan,1,1,2023-06-17T13:10:42.001448
3879566,2015-10-04,12,Serie A,27,2015/2016,Regular Season,230,Udinese,233,Genoa,1,1,2023-06-19T19:32:35.048625
3879567,2015-10-17,12,Serie A,27,2015/2016,Regular Season,229,AS Roma,290,Empoli,3,1,2024-06-25T09:29:47.193602
3879568,2015-10-17,12,Serie A,27,2015/2016,Regular Season,241,Torino,243,AC Milan,1,1,2023-12-27T00:53:39.969607
3879569,2015-10-18,12,Serie A,27,2015/2016,Regular Season,240,Bologna,2256,Palermo,0,1,2023-12-26T23:27:28.200206
3879570,2015-10-18,12,Serie A,27,2015/2016,Regular Season,233,Genoa,231,Chievo,3,2,2023-07-07T17:06:50.142022
3879571,2015-10-18,12,Serie A,27,2015/2016,Regular Season,228,Atalanta,1683,Carpi,3,0,2023-06-19T17:32:13.686730
3879572,2015-10-18,12,Serie A,27,2015/2016,Regular Season,227,Napoli,239,Fiorentina,2,1,2023-06-18T18:31:06.240111
3879573,2015-10-18,12,Serie A,27,2015/2016,Regular Season,232,Sassuolo,236,Lazio,2,1,2023-06-28T14:41:03.827670
3879574,2015-10-18,12,Serie A,27,2015/2016,Regular Season,238,Inter Milan,224,Juventus,0,0,2023-06-19T16:29:18.167614
3879575,2015-10-18,12,Serie A,27,2015/2016,Regular Season,226,Hellas Verona,230,Udinese,1,1,2025-08-15T14:11:13.695281
3879576,2015-10-18,12,Serie A,27,2015/2016,Regular Season,291,Frosinone,234,Sampdoria,2,0,2023-09-20T17:23:18.190330
3879577,2015-10-24,12,Serie A,27,2015/2016,Regular Season,290,Empoli,233,Genoa,2,0,2023-06-19T14:32:28.926447
3879578,2015-10-24,12,Serie A,27,2015/2016,Regular Season,1683,Carpi,240,Bologna,1,2,2023-08-02T11:24:34.020743
3879579,2015-10-24,12,Serie A,27,2015/2016,Regular Season,2256,Palermo,238,Inter Milan,1,1,2023-06-19T15:50:44.902012
3879580,2015-10-25,12,Serie A,27,2015/2016,Regular Season,224,Juventus,228,Atalanta,2,0,2023-06-19T19:33:21.671487
3879581,2015-10-25,12,Serie A,27,2015/2016,Regular Season,231,Chievo,227,Napoli,0,1,2023-06-19T14:48:05.213695
3879582,2015-10-25,12,Serie A,27,2015/2016,Regular Season,236,Lazio,241,Torino,3,0,2023-06-18T19:59:38.541727
3879583,2015-10-25,12,Serie A,27,2015/2016,Regular Season,239,Fiorentina,229,AS Roma,1,2,2023-06-19T13:49:39.642512
3879584,2015-10-25,12,Serie A,27,2015/2016,Regular Season,230,Udinese,291,Frosinone,1,0,2023-06-19T21:55:17.282048
3879585,2015-10-25,12,Serie A,27,2015/2016,Regular Season,243,AC Milan,232,Sassuolo,2,1,2023-06-18T20:36:31.515608
3879586,2015-10-25,12,Serie A,27,2015/2016,Regular Season,234,Sampdoria,226,Hellas Verona,4,1,2025-08-15T14:09:00.734233
3879587,2015-10-27,12,Serie A,27,2015/2016,Regular Season,240,Bologna,238,Inter Milan,0,1,2023-06-19T16:10:02.541437
3879588,2015-10-28,12,Serie A,27,2015/2016,Regular Season,228,Atalanta,236,Lazio,2,1,2023-06-19T04:23:02.291740
3879589,2015-10-28,12,Serie A,27,2015/2016,Regular Season,291,Frosinone,1683,Carpi,2,1,2023-06-19T11:11:42.317730
3879590,2015-10-28,12,Serie A,27,2015/2016,Regular Season,241,Torino,233,Genoa,3,3,2023-06-20T08:32:04.195858
3879591,2015-10-28,12,Serie A,27,2015/2016,Regular Season,232,Sassuolo,224,Juventus,1,0,2023-06-19T21:56:00.845621
3879592,2015-10-28,12,Serie A,27,2015/2016,Regular Season,229,AS Roma,230,Udinese,3,1,2023-06-19T17:16:42.669518
3879593,2015-10-28,12,Serie A,27,2015/2016,Regular Season,227,Napoli,2256,Palermo,2,0,2023-06-20T19:55:57.698054
3879594,2015-10-28,12,Serie A,27,2015/2016,Regular Season,243,AC Milan,231,Chievo,1,0,2023-06-19T19:34:09.480267
3879595,2015-10-28,12,Serie A,27,2015/2016,Regular Season,226,Hellas Verona,239,Fiorentina,0,2,2025-08-15T14:24:11.035221
3879596,2015-10-29,12,Serie A,27,2015/2016,Regular Season,234,Sampdoria,290,Empoli,1,1,2023-08-05T11:51:30.942653
3879597,2015-10-31,12,Serie A,27,2015/2016,Regular Season,224,Juventus,241,Torino,2,1,2023-06-20T09:36:06.109684
3879598,2015-10-31,12,Serie A,27,2015/2016,Regular Season,238,Inter Milan,229,AS Roma,1,0,2023-06-20T11:14:33.196789
3879599,2015-11-01,12,Serie A,27,2015/2016,Regular Season,236,Lazio,243,AC Milan,1,3,2023-06-20T17:05:48.188815
3879600,2015-11-01,12,Serie A,27,2015/2016,Regular Season,1683,Carpi,226,Hellas Verona,0,0,2025-08-15T14:28:50.169562
3879601,2015-11-01,12,Serie A,27,2015/2016,Regular Season,240,Bologna,228,Atalanta,3,0,2023-06-19T15:53:27.200234
3879602,2015-11-01,12,Serie A,27,2015/2016,Regular Season,239,Fiorentina,291,Frosinone,4,1,2023-06-20T13:37:30.924146
3879603,2015-11-01,12,Serie A,27,2015/2016,Regular Season,230,Udinese,232,Sassuolo,0,0,2023-09-20T17:24:07.218549
3879604,2015-11-01,12,Serie A,27,2015/2016,Regular Season,233,Genoa,227,Napoli,0,0,2023-06-20T00:18:14.256943
3879605,2015-11-02,12,Serie A,27,2015/2016,Regular Season,2256,Palermo,290,Empoli,0,1,2023-06-20T17:44:07.140355
3879606,2015-11-02,12,Serie A,27,2015/2016,Regular Season,231,Chievo,234,Sampdoria,1,1,2023-06-20T17:42:07.350825
3879607,2015-11-07,12,Serie A,27,2015/2016,Regular Season,243,AC Milan,228,Atalanta,0,0,2023-08-04T02:54:59.101535
3879608,2015-11-07,12,Serie A,27,2015/2016,Regular Season,226,Hellas Verona,240,Bologna,0,2,2025-08-15T14:12:51.209333
3879609,2015-11-08,12,Serie A,27,2015/2016,Regular Season,227,Napoli,230,Udinese,1,0,2023-06-20T18:33:47.501580
3879610,2015-11-08,12,Serie A,27,2015/2016,Regular Season,229,AS Roma,236,Lazio,2,0,2023-07-09T14:41:58.814538
3879611,2015-11-08,12,Serie A,27,2015/2016,Regular Season,2256,Palermo,231,Chievo,1,0,2023-06-21T10:33:54.571996
3879612,2015-11-08,12,Serie A,27,2015/2016,Regular Season,291,Frosinone,233,Genoa,2,2,2023-07-11T10:45:35.124128
3879613,2015-11-08,12,Serie A,27,2015/2016,Regular Season,290,Empoli,224,Juventus,1,3,2023-06-20T13:48:17.163959
3879614,2015-11-08,12,Serie A,27,2015/2016,Regular Season,241,Torino,238,Inter Milan,0,1,2023-06-20T10:37:27.158096
3879615,2015-11-08,12,Serie A,27,2015/2016,Regular Season,232,Sassuolo,1683,Carpi,1,0,2023-09-20T17:25:01.652277
3879616,2015-11-08,12,Serie A,27,2015/2016,Regular Season,234,Sampdoria,239,Fiorentina,0,2,2023-06-20T17:04:41.657746
3879617,2015-11-21,12,Serie A,27,2015/2016,Regular Season,240,Bologna,229,AS Roma,2,2,2023-06-21T02:01:17.509762
3879618,2015-11-21,12,Serie A,27,2015/2016,Regular Season,224,Juventus,243,AC Milan,1,0,2023-06-20T17:07:51.922428
3879619,2015-11-22,12,Serie A,27,2015/2016,Regular Season,233,Genoa,232,Sassuolo,2,1,2023-07-09T00:23:56.259261
3879620,2015-11-22,12,Serie A,27,2015/2016,Regular Season,226,Hellas Verona,227,Napoli,0,2,2023-06-21T02:02:22.812974
3879621,2015-11-22,12,Serie A,27,2015/2016,Regular Season,228,Atalanta,241,Torino,0,1,2023-06-21T02:54:20.030753
3879622,2015-11-22,12,Serie A,27,2015/2016,Regular Season,1683,Carpi,231,Chievo,1,2,2023-08-02T19:30:29.275905
3879623,2015-11-22,12,Serie A,27,2015/2016,Regular Season,239,Fiorentina,290,Empoli,2,2,2023-07-06T18:06:39.564331
3879624,2015-11-22,12,Serie A,27,2015/2016,Regular Season,236,Lazio,2256,Palermo,1,1,2023-06-20T17:06:40.275200
3879625,2015-11-22,12,Serie A,27,2015/2016,Regular Season,230,Udinese,234,Sampdoria,1,0,2023-06-22T05:19:17.525875
3879626,2015-11-22,12,Serie A,27,2015/2016,Regular Season,238,Inter Milan,291,Frosinone,4,0,2023-07-09T07:08:36.991704
3879627,2015-11-28,12,Serie A,27,2015/2016,Regular Season,241,Torino,240,Bologna,2,0,2023-06-20T17:43:03.087816
3879628,2015-11-28,12,Serie A,27,2015/2016,Regular Season,243,AC Milan,234,Sampdoria,4,1,2023-07-08T21:59:54.659124
3879629,2015-11-29,12,Serie A,27,2015/2016,Regular Season,291,Frosinone,226,Hellas Verona,3,2,2023-06-20T19:56:43.452914
3879630,2015-11-29,12,Serie A,27,2015/2016,Regular Season,2256,Palermo,224,Juventus,0,3,2023-08-02T13:12:18.262878
3879631,2015-11-29,12,Serie A,27,2015/2016,Regular Season,231,Chievo,230,Udinese,2,3,2023-07-08T21:23:40.427409
3879632,2015-11-29,12,Serie A,27,2015/2016,Regular Season,229,AS Roma,228,Atalanta,0,2,2023-06-20T22:32:06.474968
3879633,2015-11-29,12,Serie A,27,2015/2016,Regular Season,290,Empoli,236,Lazio,1,0,2023-08-02T17:53:57.109881
3879634,2015-11-29,12,Serie A,27,2015/2016,Regular Season,233,Genoa,1683,Carpi,1,2,2023-07-09T08:56:08.567920
3879635,2015-11-30,12,Serie A,27,2015/2016,Regular Season,227,Napoli,238,Inter Milan,2,1,2023-08-18T19:37:53.599961
3879636,2015-11-30,12,Serie A,27,2015/2016,Regular Season,232,Sassuolo,239,Fiorentina,1,1,2023-08-02T14:16:57.187506
3879637,2015-12-04,12,Serie A,27,2015/2016,Regular Season,236,Lazio,224,Juventus,0,2,2023-06-19T22:45:42.092797
3879638,2015-12-05,12,Serie A,27,2015/2016,Regular Season,238,Inter Milan,233,Genoa,1,0,2023-08-02T17:55:45.900887
3879639,2015-12-05,12,Serie A,27,2015/2016,Regular Season,241,Torino,229,AS Roma,1,1,2023-08-02T17:54:51.166269
3879640,2015-12-06,12,Serie A,27,2015/2016,Regular Season,291,Frosinone,231,Chievo,0,2,2023-08-03T23:49:12.551771
3879641,2015-12-06,12,Serie A,27,2015/2016,Regular Season,226,Hellas Verona,290,Empoli,0,1,2023-08-03T12:22:28.069421
3879642,2015-12-06,12,Serie A,27,2015/2016,Regular Season,1683,Carpi,243,AC Milan,0,0,2023-08-10T13:06:25.301865
3879643,2015-12-06,12,Serie A,27,2015/2016,Regular Season,234,Sampdoria,232,Sassuolo,1,3,2023-08-10T09:32:01.306387
3879644,2015-12-06,12,Serie A,27,2015/2016,Regular Season,228,Atalanta,2256,Palermo,3,0,2023-08-02T14:40:26.818737
3879645,2015-12-06,12,Serie A,27,2015/2016,Regular Season,240,Bologna,227,Napoli,3,2,2023-08-02T21:35:51.457566
3879646,2015-12-06,12,Serie A,27,2015/2016,Regular Season,239,Fiorentina,230,Udinese,3,0,2023-08-02T16:43:11.295486
3879647,2015-12-12,12,Serie A,27,2015/2016,Regular Season,233,Genoa,240,Bologna,0,1,2023-06-20T11:55:51.730474
3879648,2015-12-12,12,Serie A,27,2015/2016,Regular Season,230,Udinese,238,Inter Milan,0,4,2023-06-20T20:13:15.365739
3879649,2015-12-12,12,Serie A,27,2015/2016,Regular Season,2256,Palermo,291,Frosinone,4,1,2023-06-20T15:18:56.888083
3879650,2015-12-13,12,Serie A,27,2015/2016,Regular Season,290,Empoli,1683,Carpi,3,0,2023-11-17T02:28:36.033450
3879651,2015-12-13,12,Serie A,27,2015/2016,Regular Season,227,Napoli,229,AS Roma,0,0,2023-06-21T13:45:25.361456
3879652,2015-12-13,12,Serie A,27,2015/2016,Regular Season,243,AC Milan,226,Hellas Verona,1,1,2023-09-20T17:25:53.469595
3879653,2015-12-13,12,Serie A,27,2015/2016,Regular Season,224,Juventus,239,Fiorentina,3,1,2023-12-16T09:14:09.112569
3879654,2015-12-13,12,Serie A,27,2015/2016,Regular Season,231,Chievo,228,Atalanta,1,0,2023-06-21T17:39:17.307862
3879655,2015-12-14,12,Serie A,27,2015/2016,Regular Season,236,Lazio,234,Sampdoria,1,1,2023-06-20T19:03:20.457465
3879656,2015-12-19,12,Serie A,27,2015/2016,Regular Season,240,Bologna,290,Empoli,2,3,2023-06-20T19:36:35.364895
3879657,2015-12-20,12,Serie A,27,2015/2016,Regular Season,229,AS Roma,233,Genoa,2,0,2023-06-20T21:57:34.506602
3879658,2015-12-20,12,Serie A,27,2015/2016,Regular Season,241,Torino,230,Udinese,0,1,2023-06-22T22:45:21.668396
3879659,2015-12-20,12,Serie A,27,2015/2016,Regular Season,238,Inter Milan,236,Lazio,1,2,2023-06-21T10:14:58.650071
3879660,2015-12-20,12,Serie A,27,2015/2016,Regular Season,1683,Carpi,224,Juventus,2,3,2024-06-25T23:56:11.910924
3879661,2015-12-20,12,Serie A,27,2015/2016,Regular Season,228,Atalanta,227,Napoli,1,3,2023-06-20T18:36:16.334626
3879662,2015-12-20,12,Serie A,27,2015/2016,Regular Season,239,Fiorentina,231,Chievo,2,0,2023-07-12T14:22:49.196706
3879663,2015-12-20,12,Serie A,27,2015/2016,Regular Season,226,Hellas Verona,232,Sassuolo,1,1,2025-08-15T14:13:57.513912
3879664,2015-12-20,12,Serie A,27,2015/2016,Regular Season,234,Sampdoria,2256,Palermo,2,0,2024-01-02T14:05:59.244514
3879665,2015-12-20,12,Serie A,27,2015/2016,Regular Season,291,Frosinone,243,AC Milan,2,4,2023-06-21T13:46:12.485342
3879666,2016-01-05,12,Serie A,27,2015/2016,Regular Season,233,Genoa,234,Sampdoria,2,3,2023-06-21T12:33:07.318017
3879667,2016-01-06,12,Serie A,27,2015/2016,Regular Season,232,Sassuolo,291,Frosinone,2,2,2023-06-20T21:04:51.676138
3879668,2016-01-06,12,Serie A,27,2015/2016,Regular Season,290,Empoli,238,Inter Milan,0,1,2023-07-31T18:17:56.663094
3879669,2016-01-06,12,Serie A,27,2015/2016,Regular Season,227,Napoli,241,Torino,2,1,2023-06-21T16:35:13.402274
3879670,2016-01-06,12,Serie A,27,2015/2016,Regular Season,224,Juventus,226,Hellas Verona,3,0,2023-06-20T15:01:50.959413
3879671,2016-01-06,12,Serie A,27,2015/2016,Regular Season,2256,Palermo,239,Fiorentina,1,3,2023-06-19T15:18:17.793021
3879672,2016-01-06,12,Serie A,27,2015/2016,Regular Season,231,Chievo,229,AS Roma,3,3,2023-06-21T11:53:34.796158
3879673,2016-01-06,12,Serie A,27,2015/2016,Regular Season,230,Udinese,228,Atalanta,2,1,2023-06-21T09:17:10.425550
3879674,2016-01-06,12,Serie A,27,2015/2016,Regular Season,243,AC Milan,240,Bologna,0,1,2023-07-10T13:37:26.818222
3879675,2016-01-06,12,Serie A,27,2015/2016,Regular Season,236,Lazio,1683,Carpi,0,0,2023-08-07T06:21:50.149535
3879676,2016-01-09,12,Serie A,27,2015/2016,Regular Season,229,AS Roma,243,AC Milan,1,1,2023-06-22T07:09:24.124808
3879677,2016-01-09,12,Serie A,27,2015/2016,Regular Season,239,Fiorentina,236,Lazio,1,3,2023-07-09T02:32:05.313609
3879678,2016-01-09,12,Serie A,27,2015/2016,Regular Season,1683,Carpi,230,Udinese,2,1,2023-06-22T04:39:52.733227
3879679,2016-01-10,12,Serie A,27,2015/2016,Regular Season,291,Frosinone,227,Napoli,1,5,2023-08-05T08:55:06.331857
3879680,2016-01-10,12,Serie A,27,2015/2016,Regular Season,240,Bologna,231,Chievo,0,1,2023-06-22T00:56:36.929103
3879681,2016-01-10,12,Serie A,27,2015/2016,Regular Season,238,Inter Milan,232,Sassuolo,0,1,2023-06-22T07:27:33.865669
3879682,2016-01-10,12,Serie A,27,2015/2016,Regular Season,241,Torino,290,Empoli,0,1,2023-06-22T01:17:26.909788
3879683,2016-01-10,12,Serie A,27,2015/2016,Regular Season,226,Hellas Verona,2256,Palermo,0,1,2023-06-22T13:55:48.467607
3879684,2016-01-10,12,Serie A,27,2015/2016,Regular Season,234,Sampdoria,224,Juventus,1,2,2023-06-21T23:47:02.519536
3879685,2016-01-10,12,Serie A,27,2015/2016,Regular Season,228,Atalanta,233,Genoa,0,2,2023-06-22T07:45:44.839784
3879686,2016-01-16,12,Serie A,27,2015/2016,Regular Season,227,Napoli,232,Sassuolo,3,1,2023-06-23T00:56:07.339692
3879687,2016-01-16,12,Serie A,27,2015/2016,Regular Season,241,Torino,291,Frosinone,4,2,2023-09-20T17:26:39.853343
3879688,2016-01-16,12,Serie A,27,2015/2016,Regular Season,228,Atalanta,238,Inter Milan,1,1,2023-06-22T11:01:17.219239
3879689,2016-01-17,12,Serie A,27,2015/2016,Regular Season,1683,Carpi,234,Sampdoria,2,1,2023-06-21T12:48:58.618248
3879690,2016-01-17,12,Serie A,27,2015/2016,Regular Season,243,AC Milan,239,Fiorentina,2,0,2023-06-21T10:52:23.796717
3879691,2016-01-17,12,Serie A,27,2015/2016,Regular Season,229,AS Roma,226,Hellas Verona,1,1,2024-03-10T16:13:56.345859
3879692,2016-01-17,12,Serie A,27,2015/2016,Regular Season,231,Chievo,290,Empoli,1,1,2023-08-03T17:39:26.682002
3879693,2016-01-17,12,Serie A,27,2015/2016,Regular Season,230,Udinese,224,Juventus,0,4,2023-08-03T16:24:25.029971
3879694,2016-01-17,12,Serie A,27,2015/2016,Regular Season,240,Bologna,236,Lazio,2,2,2023-06-20T13:30:59.153229
3879695,2016-01-17,12,Serie A,27,2015/2016,Regular Season,233,Genoa,2256,Palermo,4,0,2024-03-10T16:14:00.166197
3879696,2016-01-20,12,Serie A,27,2015/2016,Regular Season,232,Sassuolo,241,Torino,1,1,2023-08-03T19:01:55.442057
3879697,2016-01-23,12,Serie A,27,2015/2016,Regular Season,291,Frosinone,228,Atalanta,0,0,2023-08-05T19:46:23.343913
3879698,2016-01-23,12,Serie A,27,2015/2016,Regular Season,290,Empoli,243,AC Milan,2,2,2023-08-03T19:44:11.473908
3879699,2016-01-24,12,Serie A,27,2015/2016,Regular Season,234,Sampdoria,227,Napoli,2,4,2023-06-21T16:15:53.864191
3879700,2016-01-24,12,Serie A,27,2015/2016,Regular Season,2256,Palermo,230,Udinese,4,1,2023-06-22T17:53:08.536120
3879701,2016-01-24,12,Serie A,27,2015/2016,Regular Season,224,Juventus,229,AS Roma,1,0,2023-08-14T16:59:56.008714
3879702,2016-01-24,12,Serie A,27,2015/2016,Regular Season,226,Hellas Verona,233,Genoa,1,1,2023-08-03T15:50:18.534842
3879703,2016-01-24,12,Serie A,27,2015/2016,Regular Season,236,Lazio,231,Chievo,4,1,2023-07-09T05:54:20.572994
3879704,2016-01-24,12,Serie A,27,2015/2016,Regular Season,238,Inter Milan,1683,Carpi,1,1,2023-06-22T07:28:24.220660
3879705,2016-01-24,12,Serie A,27,2015/2016,Regular Season,232,Sassuolo,240,Bologna,0,2,2023-12-02T11:13:45.370951
3879706,2016-01-24,12,Serie A,27,2015/2016,Regular Season,239,Fiorentina,241,Torino,2,0,2023-08-05T17:20:38.372168
3879707,2016-01-30,12,Serie A,27,2015/2016,Regular Season,229,AS Roma,291,Frosinone,3,1,2023-07-18T04:11:41.234752
3879708,2016-01-30,12,Serie A,27,2015/2016,Regular Season,228,Atalanta,232,Sassuolo,1,1,2023-06-21T15:40:48.656692
3879709,2016-01-30,12,Serie A,27,2015/2016,Regular Season,1683,Carpi,2256,Palermo,1,1,2023-06-21T19:54:46.668864
3879710,2016-01-31,12,Serie A,27,2015/2016,Regular Season,240,Bologna,234,Sampdoria,3,2,2023-06-22T11:01:57.206682
3879711,2016-01-31,12,Serie A,27,2015/2016,Regular Season,230,Udinese,236,Lazio,0,0,2023-06-21T14:04:25.011555
3879712,2016-01-31,12,Serie A,27,2015/2016,Regular Season,243,AC Milan,238,Inter Milan,3,0,2023-06-21T17:40:06.887752
3879713,2016-01-31,12,Serie A,27,2015/2016,Regular Season,231,Chievo,224,Juventus,0,4,2023-08-11T14:12:16.573696
3879714,2016-01-31,12,Serie A,27,2015/2016,Regular Season,227,Napoli,290,Empoli,5,1,2023-06-22T10:23:36.749624
3879715,2016-01-31,12,Serie A,27,2015/2016,Regular Season,241,Torino,226,Hellas Verona,0,0,2023-06-22T11:39:39.200003
3879716,2016-01-31,12,Serie A,27,2015/2016,Regular Season,233,Genoa,239,Fiorentina,0,0,2023-06-22T09:20:47.149760
3879717,2016-02-02,12,Serie A,27,2015/2016,Regular Season,232,Sassuolo,229,AS Roma,0,2,2023-06-21T15:06:38.143491
3879718,2016-02-03,12,Serie A,27,2015/2016,Regular Season,290,Empoli,230,Udinese,1,1,2023-06-23T10:35:32.832747
3879719,2016-02-03,12,Serie A,27,2015/2016,Regular Season,234,Sampdoria,241,Torino,2,2,2023-06-22T08:43:14.191938
3879720,2016-02-03,12,Serie A,27,2015/2016,Regular Season,236,Lazio,227,Napoli,0,2,2023-06-22T07:47:15.216493
3879721,2016-02-03,12,Serie A,27,2015/2016,Regular Season,2256,Palermo,243,AC Milan,0,2,2023-06-18T16:10:33.351225
3879722,2016-02-03,12,Serie A,27,2015/2016,Regular Season,226,Hellas Verona,228,Atalanta,2,1,2023-06-22T09:59:46.810481
3879723,2016-02-03,12,Serie A,27,2015/2016,Regular Season,238,Inter Milan,231,Chievo,1,0,2023-06-24T11:58:15.540664
3879724,2016-02-03,12,Serie A,27,2015/2016,Regular Season,239,Fiorentina,1683,Carpi,2,1,2023-06-23T09:56:24.739275
3879725,2016-02-03,12,Serie A,27,2015/2016,Regular Season,291,Frosinone,240,Bologna,1,0,2023-06-22T11:59:52.679310
3879726,2016-02-03,12,Serie A,27,2015/2016,Regular Season,224,Juventus,233,Genoa,1,0,2023-06-24T16:31:45.906798
3879727,2016-02-06,12,Serie A,27,2015/2016,Regular Season,233,Genoa,236,Lazio,0,0,2023-06-24T13:22:27.659795
3879728,2016-02-06,12,Serie A,27,2015/2016,Regular Season,240,Bologna,239,Fiorentina,1,1,2023-06-22T09:44:13.774591
3879729,2016-02-07,12,Serie A,27,2015/2016,Regular Season,232,Sassuolo,2256,Palermo,2,2,2024-03-10T16:11:49.575481
3879730,2016-02-07,12,Serie A,27,2015/2016,Regular Season,226,Hellas Verona,238,Inter Milan,3,3,2023-06-22T17:23:16.092865
3879731,2016-02-07,12,Serie A,27,2015/2016,Regular Season,227,Napoli,1683,Carpi,1,0,2023-07-25T07:57:55.035961
3879732,2016-02-07,12,Serie A,27,2015/2016,Regular Season,241,Torino,231,Chievo,1,2,2023-06-23T11:14:17.704463
3879733,2016-02-07,12,Serie A,27,2015/2016,Regular Season,291,Frosinone,224,Juventus,0,2,2023-09-02T05:14:42.584131
3879734,2016-02-07,12,Serie A,27,2015/2016,Regular Season,243,AC Milan,230,Udinese,1,1,2024-08-23T10:32:37.501638
3879735,2016-02-07,12,Serie A,27,2015/2016,Regular Season,228,Atalanta,290,Empoli,0,0,2023-06-22T13:00:11.835344
3879736,2016-02-07,12,Serie A,27,2015/2016,Regular Season,229,AS Roma,234,Sampdoria,2,1,2023-06-22T13:37:23.816580
3879737,2016-02-11,12,Serie A,27,2015/2016,Regular Season,236,Lazio,226,Hellas Verona,5,2,2023-07-05T17:09:20.016603
3879738,2016-02-12,12,Serie A,27,2015/2016,Regular Season,1683,Carpi,229,AS Roma,1,3,2023-06-20T14:42:07.758617
3879739,2016-02-13,12,Serie A,27,2015/2016,Regular Season,224,Juventus,227,Napoli,1,0,2023-06-21T14:38:30.486464
3879740,2016-02-13,12,Serie A,27,2015/2016,Regular Season,290,Empoli,291,Frosinone,1,2,2023-06-20T09:54:36.230121
3879741,2016-02-13,12,Serie A,27,2015/2016,Regular Season,231,Chievo,232,Sassuolo,1,1,2023-06-21T15:58:05.396061
3879742,2016-02-14,12,Serie A,27,2015/2016,Regular Season,243,AC Milan,233,Genoa,2,1,2023-06-21T10:55:34.813968
3879743,2016-02-14,12,Serie A,27,2015/2016,Regular Season,230,Udinese,240,Bologna,0,1,2023-06-21T14:02:47.957091
3879744,2016-02-14,12,Serie A,27,2015/2016,Regular Season,234,Sampdoria,228,Atalanta,0,0,2023-08-06T14:42:36.721633
3879745,2016-02-14,12,Serie A,27,2015/2016,Regular Season,2256,Palermo,241,Torino,1,3,2023-06-21T12:33:46.569937
3879746,2016-02-14,12,Serie A,27,2015/2016,Regular Season,239,Fiorentina,238,Inter Milan,2,1,2023-06-18T01:39:59.579820
3879747,2016-02-19,12,Serie A,27,2015/2016,Regular Season,240,Bologna,224,Juventus,0,0,2023-09-20T17:27:29.913439
3879748,2016-02-20,12,Serie A,27,2015/2016,Regular Season,226,Hellas Verona,231,Chievo,3,1,2023-06-23T08:15:19.614647
3879749,2016-02-20,12,Serie A,27,2015/2016,Regular Season,238,Inter Milan,234,Sampdoria,3,1,2023-07-11T09:45:48.781369
3879750,2016-02-21,12,Serie A,27,2015/2016,Regular Season,228,Atalanta,239,Fiorentina,2,3,2023-07-30T11:58:04.304243
3879751,2016-02-21,12,Serie A,27,2015/2016,Regular Season,229,AS Roma,2256,Palermo,5,0,2023-07-05T16:05:46.152462
3879752,2016-02-21,12,Serie A,27,2015/2016,Regular Season,233,Genoa,230,Udinese,2,1,2023-12-23T04:18:33.909640
3879753,2016-02-21,12,Serie A,27,2015/2016,Regular Season,232,Sassuolo,290,Empoli,3,2,2023-06-22T09:00:21.077350
3879754,2016-02-21,12,Serie A,27,2015/2016,Regular Season,241,Torino,1683,Carpi,0,0,2023-06-22T07:29:47.216761
3879755,2016-02-21,12,Serie A,27,2015/2016,Regular Season,291,Frosinone,236,Lazio,0,0,2023-07-06T20:28:33.006210
3879756,2016-02-22,12,Serie A,27,2015/2016,Regular Season,227,Napoli,243,AC Milan,1,1,2023-06-24T10:51:52.602738
3879757,2016-02-27,12,Serie A,27,2015/2016,Regular Season,290,Empoli,229,AS Roma,1,3,2023-10-28T23:30:14.464051
3879758,2016-02-27,12,Serie A,27,2015/2016,Regular Season,243,AC Milan,241,Torino,1,0,2023-06-26T14:50:54.386992
3879759,2016-02-28,12,Serie A,27,2015/2016,Regular Season,224,Juventus,238,Inter Milan,2,0,2023-06-22T15:48:08.272735
3879760,2016-02-28,12,Serie A,27,2015/2016,Regular Season,2256,Palermo,240,Bologna,0,0,2023-06-24T19:43:18.740921
3879761,2016-02-28,12,Serie A,27,2015/2016,Regular Season,1683,Carpi,228,Atalanta,1,1,2023-12-16T05:33:04.715367
3879762,2016-02-28,12,Serie A,27,2015/2016,Regular Season,230,Udinese,226,Hellas Verona,2,0,2023-08-03T15:47:28.498054
3879763,2016-02-28,12,Serie A,27,2015/2016,Regular Season,234,Sampdoria,291,Frosinone,2,0,2023-06-21T17:49:50.818538
3879764,2016-02-28,12,Serie A,27,2015/2016,Regular Season,231,Chievo,233,Genoa,1,0,2023-07-05T17:10:10.325936
3879765,2016-02-29,12,Serie A,27,2015/2016,Regular Season,239,Fiorentina,227,Napoli,1,1,2023-11-24T07:54:10.908368
3879766,2016-02-29,12,Serie A,27,2015/2016,Regular Season,236,Lazio,232,Sassuolo,0,2,2023-09-08T11:50:30.195901
3879767,2016-03-04,12,Serie A,27,2015/2016,Regular Season,229,AS Roma,239,Fiorentina,4,1,2023-06-22T17:41:54.500663
3879768,2016-03-05,12,Serie A,27,2015/2016,Regular Season,226,Hellas Verona,234,Sampdoria,0,3,2023-06-24T22:01:55.071741
3879769,2016-03-05,12,Serie A,27,2015/2016,Regular Season,227,Napoli,231,Chievo,3,1,2023-06-21T15:07:25.104216
3879770,2016-03-06,12,Serie A,27,2015/2016,Regular Season,228,Atalanta,224,Juventus,0,2,2023-06-23T20:12:18.973787
3879771,2016-03-06,12,Serie A,27,2015/2016,Regular Season,232,Sassuolo,243,AC Milan,2,0,2023-06-24T14:32:53.111744
3879772,2016-03-06,12,Serie A,27,2015/2016,Regular Season,241,Torino,236,Lazio,1,1,2023-06-22T18:31:02.908553
3879773,2016-03-06,12,Serie A,27,2015/2016,Regular Season,291,Frosinone,230,Udinese,2,0,2023-07-09T16:50:19.349248
3879774,2016-03-06,12,Serie A,27,2015/2016,Regular Season,238,Inter Milan,2256,Palermo,3,1,2023-06-25T15:27:11.598344
3879775,2016-03-06,12,Serie A,27,2015/2016,Regular Season,233,Genoa,290,Empoli,1,0,2023-07-10T10:54:31.176229
3879776,2016-03-06,12,Serie A,27,2015/2016,Regular Season,240,Bologna,1683,Carpi,0,0,2023-06-21T15:41:34.770122
3879777,2016-03-11,12,Serie A,27,2015/2016,Regular Season,224,Juventus,232,Sassuolo,1,0,2023-08-10T00:28:05.694300
3879778,2016-03-12,12,Serie A,27,2015/2016,Regular Season,290,Empoli,234,Sampdoria,1,1,2023-06-18T01:40:43.763780
3879779,2016-03-12,12,Serie A,27,2015/2016,Regular Season,238,Inter Milan,240,Bologna,2,1,2023-06-22T13:00:54.203363
3879780,2016-03-13,12,Serie A,27,2015/2016,Regular Season,239,Fiorentina,226,Hellas Verona,1,1,2023-06-26T18:01:51.893970
3879781,2016-03-13,12,Serie A,27,2015/2016,Regular Season,231,Chievo,243,AC Milan,0,0,2023-12-02T16:00:47.490984
3879782,2016-03-13,12,Serie A,27,2015/2016,Regular Season,1683,Carpi,291,Frosinone,2,1,2023-06-27T15:26:06.950891
3879783,2016-03-13,12,Serie A,27,2015/2016,Regular Season,230,Udinese,229,AS Roma,1,2,2023-08-05T11:03:31.590281
3879784,2016-03-13,12,Serie A,27,2015/2016,Regular Season,233,Genoa,241,Torino,3,2,2023-12-02T15:15:26.051272
3879785,2016-03-13,12,Serie A,27,2015/2016,Regular Season,236,Lazio,228,Atalanta,2,0,2023-06-26T16:47:15.761843
3879786,2016-03-13,12,Serie A,27,2015/2016,Regular Season,2256,Palermo,227,Napoli,0,1,2023-07-06T13:52:12.032534
3879787,2016-03-19,12,Serie A,27,2015/2016,Regular Season,229,AS Roma,238,Inter Milan,1,1,2023-12-27T21:07:56.398939
3879788,2016-03-19,12,Serie A,27,2015/2016,Regular Season,290,Empoli,2256,Palermo,0,0,2023-08-05T10:41:59.565252
3879789,2016-03-20,12,Serie A,27,2015/2016,Regular Season,291,Frosinone,239,Fiorentina,0,0,2023-11-12T06:26:15.347952
3879790,2016-03-20,12,Serie A,27,2015/2016,Regular Season,241,Torino,224,Juventus,1,4,2023-07-06T19:37:33.798507
3879791,2016-03-20,12,Serie A,27,2015/2016,Regular Season,243,AC Milan,236,Lazio,1,1,2023-06-26T17:06:37.006881
3879792,2016-03-20,12,Serie A,27,2015/2016,Regular Season,234,Sampdoria,231,Chievo,0,1,2023-07-15T20:58:34.309741
3879793,2016-03-20,12,Serie A,27,2015/2016,Regular Season,232,Sassuolo,230,Udinese,1,1,2023-08-07T04:56:19.142562
3879794,2016-03-20,12,Serie A,27,2015/2016,Regular Season,228,Atalanta,240,Bologna,2,0,2023-08-05T10:22:19.035221
3879795,2016-03-20,12,Serie A,27,2015/2016,Regular Season,226,Hellas Verona,1683,Carpi,1,2,2023-07-05T12:34:30.514420
3879796,2016-03-20,12,Serie A,27,2015/2016,Regular Season,227,Napoli,233,Genoa,3,1,2023-07-05T23:07:08.100075
3879797,2016-04-02,12,Serie A,27,2015/2016,Regular Season,1683,Carpi,232,Sassuolo,1,3,2023-08-01T06:50:41.595489
3879798,2016-04-02,12,Serie A,27,2015/2016,Regular Season,224,Juventus,290,Empoli,1,0,2023-07-15T19:57:49.341385
3879799,2016-04-03,12,Serie A,27,2015/2016,Regular Season,236,Lazio,229,AS Roma,1,4,2023-07-06T05:25:17.492148
3879800,2016-04-03,12,Serie A,27,2015/2016,Regular Season,239,Fiorentina,234,Sampdoria,1,1,2023-08-01T17:24:49.041294
3879801,2016-04-03,12,Serie A,27,2015/2016,Regular Season,238,Inter Milan,241,Torino,1,2,2023-08-05T23:35:37.083077
3879802,2016-04-03,12,Serie A,27,2015/2016,Regular Season,231,Chievo,2256,Palermo,3,1,2023-07-12T05:39:02.297435
3879803,2016-04-03,12,Serie A,27,2015/2016,Regular Season,230,Udinese,227,Napoli,3,1,2023-08-06T11:30:56.193839
3879804,2016-04-03,12,Serie A,27,2015/2016,Regular Season,233,Genoa,291,Frosinone,4,0,2023-07-08T09:55:10.100381
3879805,2016-04-03,12,Serie A,27,2015/2016,Regular Season,228,Atalanta,243,AC Milan,2,1,2023-07-06T22:16:40.034080
3879806,2016-04-04,12,Serie A,27,2015/2016,Regular Season,240,Bologna,226,Hellas Verona,0,1,2023-07-11T14:56:58.964789
3879807,2016-04-09,12,Serie A,27,2015/2016,Regular Season,231,Chievo,1683,Carpi,1,0,2023-07-06T02:24:58.842613
3879808,2016-04-09,12,Serie A,27,2015/2016,Regular Season,291,Frosinone,238,Inter Milan,0,1,2023-07-06T02:05:40.397865
3879809,2016-04-09,12,Serie A,27,2015/2016,Regular Season,232,Sassuolo,233,Genoa,0,1,2023-07-17T22:02:45.863857
3879810,2016-04-09,12,Serie A,27,2015/2016,Regular Season,243,AC Milan,224,Juventus,1,2,2023-06-28T20:32:19.838397
3879811,2016-04-10,12,Serie A,27,2015/2016,Regular Season,227,Napoli,226,Hellas Verona,3,0,2023-08-05T12:24:19.827473
3879812,2016-04-10,12,Serie A,27,2015/2016,Regular Season,2256,Palermo,236,Lazio,0,3,2023-07-06T11:21:19.618586
3879813,2016-04-10,12,Serie A,27,2015/2016,Regular Season,234,Sampdoria,230,Udinese,2,0,2023-07-06T07:56:59.257431
3879814,2016-04-10,12,Serie A,27,2015/2016,Regular Season,290,Empoli,239,Fiorentina,2,0,2023-07-05T17:38:26.082414
3879815,2016-04-10,12,Serie A,27,2015/2016,Regular Season,241,Torino,228,Atalanta,2,1,2023-07-07T12:09:39.021100
3879816,2016-04-11,12,Serie A,27,2015/2016,Regular Season,229,AS Roma,240,Bologna,1,1,2023-07-12T04:38:59.321371
3879817,2016-04-16,12,Serie A,27,2015/2016,Regular Season,238,Inter Milan,227,Napoli,2,0,2023-08-01T14:29:19.944772
3879818,2016-04-16,12,Serie A,27,2015/2016,Regular Season,240,Bologna,241,Torino,0,1,2023-07-07T15:51:55.943717
3879819,2016-04-16,12,Serie A,27,2015/2016,Regular Season,1683,Carpi,233,Genoa,4,1,2025-07-21T05:01:00.434081
3879820,2016-04-17,12,Serie A,27,2015/2016,Regular Season,224,Juventus,2256,Palermo,4,0,2023-07-16T23:43:12.681224
3879821,2016-04-17,12,Serie A,27,2015/2016,Regular Season,239,Fiorentina,232,Sassuolo,3,1,2023-07-17T23:23:57.426558
3879822,2016-04-17,12,Serie A,27,2015/2016,Regular Season,230,Udinese,231,Chievo,0,0,2023-09-20T17:28:12.818665
3879823,2016-04-17,12,Serie A,27,2015/2016,Regular Season,228,Atalanta,229,AS Roma,3,3,2023-07-04T20:55:00.428773
3879824,2016-04-17,12,Serie A,27,2015/2016,Regular Season,234,Sampdoria,243,AC Milan,0,1,2023-07-06T18:40:50.239416
3879825,2016-04-17,12,Serie A,27,2015/2016,Regular Season,236,Lazio,290,Empoli,2,0,2023-07-05T15:03:48.770807
3879826,2016-04-17,12,Serie A,27,2015/2016,Regular Season,226,Hellas Verona,291,Frosinone,1,2,2023-07-06T15:49:25.630619
3879827,2016-04-19,12,Serie A,27,2015/2016,Regular Season,227,Napoli,240,Bologna,6,0,2023-11-03T11:44:43.357930
3879828,2016-04-20,12,Serie A,27,2015/2016,Regular Season,229,AS Roma,241,Torino,3,2,2023-07-09T13:58:26.318501
3879829,2016-04-20,12,Serie A,27,2015/2016,Regular Season,290,Empoli,226,Hellas Verona,1,0,2023-07-06T16:18:21.969454
3879830,2016-04-20,12,Serie A,27,2015/2016,Regular Season,233,Genoa,238,Inter Milan,1,0,2023-07-08T07:51:26.135890
3879831,2016-04-20,12,Serie A,27,2015/2016,Regular Season,232,Sassuolo,234,Sampdoria,0,0,2023-07-07T15:52:36.180845
3879832,2016-04-20,12,Serie A,27,2015/2016,Regular Season,2256,Palermo,228,Atalanta,2,2,2023-07-05T00:39:04.229126
3879833,2016-04-20,12,Serie A,27,2015/2016,Regular Season,224,Juventus,236,Lazio,3,0,2023-07-08T12:44:52.225599
3879834,2016-04-20,12,Serie A,27,2015/2016,Regular Season,230,Udinese,239,Fiorentina,2,1,2023-08-03T16:36:27.248497
3879835,2016-04-20,12,Serie A,27,2015/2016,Regular Season,231,Chievo,291,Frosinone,5,1,2023-07-28T20:38:53.725607
3879836,2016-04-21,12,Serie A,27,2015/2016,Regular Season,243,AC Milan,1683,Carpi,0,0,2023-07-10T11:40:18.435621
3879837,2016-04-23,12,Serie A,27,2015/2016,Regular Season,238,Inter Milan,230,Udinese,3,1,2023-07-24T08:24:02.984126
3879838,2016-04-24,12,Serie A,27,2015/2016,Regular Season,234,Sampdoria,236,Lazio,2,1,2023-07-07T13:30:28.658304
3879839,2016-04-24,12,Serie A,27,2015/2016,Regular Season,239,Fiorentina,224,Juventus,1,2,2023-07-09T08:57:01.962307
3879840,2016-04-24,12,Serie A,27,2015/2016,Regular Season,240,Bologna,233,Genoa,2,0,2023-07-07T14:26:34.346494
3879841,2016-04-24,12,Serie A,27,2015/2016,Regular Season,291,Frosinone,2256,Palermo,0,2,2023-08-03T12:23:15.330166
3879842,2016-04-24,12,Serie A,27,2015/2016,Regular Season,228,Atalanta,231,Chievo,1,0,2023-07-07T12:29:49.138790
3879843,2016-04-24,12,Serie A,27,2015/2016,Regular Season,241,Torino,232,Sassuolo,1,3,2023-07-07T14:27:17.756136
3879844,2016-04-25,12,Serie A,27,2015/2016,Regular Season,1683,Carpi,290,Empoli,1,0,2023-07-06T01:48:12.213627
3879845,2016-04-25,12,Serie A,27,2015/2016,Regular Season,229,AS Roma,227,Napoli,1,0,2023-08-06T06:11:38.678653
3879846,2016-04-25,12,Serie A,27,2015/2016,Regular Season,226,Hellas Verona,243,AC Milan,2,1,2023-07-11T13:56:44.694753
3879847,2016-04-30,12,Serie A,27,2015/2016,Regular Season,230,Udinese,241,Torino,1,5,2023-11-10T20:34:11.122378
3879848,2016-04-30,12,Serie A,27,2015/2016,Regular Season,231,Chievo,239,Fiorentina,0,0,2023-07-07T14:28:06.430228
3879849,2016-05-01,12,Serie A,27,2015/2016,Regular Season,290,Empoli,240,Bologna,0,0,2023-08-03T12:24:13.133068
3879850,2016-05-01,12,Serie A,27,2015/2016,Regular Season,224,Juventus,1683,Carpi,2,0,2023-08-03T12:45:37.557239
3879851,2016-05-01,12,Serie A,27,2015/2016,Regular Season,243,AC Milan,291,Frosinone,3,3,2023-07-24T08:26:18.054422
3879852,2016-05-01,12,Serie A,27,2015/2016,Regular Season,2256,Palermo,234,Sampdoria,2,0,2023-08-03T12:46:30.641003
3879853,2016-05-01,12,Serie A,27,2015/2016,Regular Season,236,Lazio,238,Inter Milan,2,0,2023-08-06T14:19:41.281369
3879854,2016-05-01,12,Serie A,27,2015/2016,Regular Season,232,Sassuolo,226,Hellas Verona,1,0,2023-08-03T12:48:16.346600
3879855,2016-05-02,12,Serie A,27,2015/2016,Regular Season,227,Napoli,228,Atalanta,2,1,2023-07-24T06:49:18.192138
3879856,2016-05-02,12,Serie A,27,2015/2016,Regular Season,233,Genoa,229,AS Roma,2,3,2023-07-24T06:50:10.156507
3879857,2016-05-07,12,Serie A,27,2015/2016,Regular Season,238,Inter Milan,290,Empoli,2,1,2023-07-24T06:55:17.124284
3879858,2016-05-07,12,Serie A,27,2015/2016,Regular Season,240,Bologna,243,AC Milan,0,1,2023-08-06T09:42:42.413453
3879859,2016-05-08,12,Serie A,27,2015/2016,Regular Season,1683,Carpi,236,Lazio,1,3,2023-08-11T09:37:23.167399
3879860,2016-05-08,12,Serie A,27,2015/2016,Regular Season,239,Fiorentina,2256,Palermo,0,0,2023-09-03T03:32:46.516780
3879861,2016-05-08,12,Serie A,27,2015/2016,Regular Season,291,Frosinone,232,Sassuolo,0,1,2023-08-03T12:50:38.577097
3879862,2016-05-08,12,Serie A,27,2015/2016,Regular Season,241,Torino,227,Napoli,1,2,2023-07-24T07:01:17.104064
3879863,2016-05-08,12,Serie A,27,2015/2016,Regular Season,228,Atalanta,230,Udinese,1,1,2023-07-24T07:00:20.863653
3879864,2016-05-08,12,Serie A,27,2015/2016,Regular Season,226,Hellas Verona,224,Juventus,2,1,2023-07-24T06:57:45.755307
3879865,2016-05-08,12,Serie A,27,2015/2016,Regular Season,234,Sampdoria,233,Genoa,0,3,2023-09-20T17:29:02.343263
3879866,2016-05-08,12,Serie A,27,2015/2016,Regular Season,229,AS Roma,231,Chievo,3,0,2023-08-03T12:52:23.051150
3879867,2016-05-14,12,Serie A,27,2015/2016,Regular Season,227,Napoli,291,Frosinone,4,0,2023-08-03T12:53:14.720894
3879868,2016-05-14,12,Serie A,27,2015/2016,Regular Season,232,Sassuolo,238,Inter Milan,3,1,2023-08-05T13:48:36.494795
3879869,2016-05-14,12,Serie A,27,2015/2016,Regular Season,243,AC Milan,229,AS Roma,1,3,2023-08-05T17:41:03.540409
3879870,2016-05-14,12,Serie A,27,2015/2016,Regular Season,224,Juventus,234,Sampdoria,5,0,2023-09-20T17:30:31.810474
3879871,2016-05-15,12,Serie A,27,2015/2016,Regular Season,230,Udinese,1683,Carpi,1,2,2023-07-24T07:09:37.752202
3879872,2016-05-15,12,Serie A,27,2015/2016,Regular Season,231,Chievo,240,Bologna,0,0,2024-01-04T22:38:02.548749
3879873,2016-05-15,12,Serie A,27,2015/2016,Regular Season,290,Empoli,241,Torino,2,1,2023-07-24T07:10:29.766224
3879874,2016-05-15,12,Serie A,27,2015/2016,Regular Season,236,Lazio,239,Fiorentina,2,4,2023-07-24T07:11:24.794433
3879875,2016-05-15,12,Serie A,27,2015/2016,Regular Season,2256,Palermo,226,Hellas Verona,3,2,2023-07-24T07:07:52.840243
3879876,2016-05-15,12,Serie A,27,2015/2016,Regular Season,233,Genoa,228,Atalanta,1,2,2023-07-24T07:07:04.149872
3889182,1986-11-09,12,Serie A,86,1986/1987,Regular Season,224,Juventus,227,Napoli,1,3,2025-11-23T11:00:00.442491
18245,2018-05-26,16,Champions League,1,2017/2018,Final,220,Real Madrid,24,Liverpool,3,1,2024-02-13T02:35:28.134882
18244,2017-06-03,16,Champions League,2,2016/2017,Final,224,Juventus,220,Real Madrid,1,4,2024-02-13T02:37:32.205154
22912,2019-06-01,16,Champions League,4,2018/2019,Final,38,Tottenham Hotspur,24,Liverpool,0,2,2024-02-12T12:58:06.654567
18235,2010-05-22,16,Champions League,21,2009/2010,Final,169,Bayern Munich,238,Inter Milan,0,2,2024-02-12T12:49:25.017694
18236,2011-05-28,16,Champions League,22,2010/2011,Final,217,Barcelona,39,Manchester United,3,1,2024-02-12T12:53:03.944320
18237,2012-05-19,16,Champions League,23,2011/2012,Final,169,Bayern Munich,33,Chelsea,1,1,2024-02-13T02:36:35.698340
18240,2013-05-25,16,Champions League,24,2012/2013,Final,180,Borussia Dortmund,169,Bayern Munich,1,2,2024-02-12T12:47:34.340413
18241,2014-05-24,16,Champions League,25,2013/2014,Final,220,Real Madrid,212,Atlético Madrid,4,1,2024-02-12T12:48:48.479157
18242,2015-06-06,16,Champions League,26,2014/2015,Final,224,Juventus,217,Barcelona,1,3,2024-02-12T12:49:54.914228
18243,2016-05-28,16,Champions League,27,2015/2016,Final,220,Real Madrid,212,Atlético Madrid,1,1,2024-06-12T07:45:38.786894
2302764,2005-05-25,16,Champions League,37,2004/2005,Final,243,AC Milan,24,Liverpool,3,3,2025-06-24T09:44:09.039471
3750200,2007-05-23,16,Champions League,39,2006/2007,Final,243,AC Milan,24,Liverpool,2,1,2024-02-12T13:48:23.967222
3750201,2009-05-27,16,Champions League,41,2008/2009,Final,217,Barcelona,39,Manchester United,2,0,2024-02-13T07:02:54.657056
3752619,2004-05-26,16,Champions League,44,2003/2004,Final,129,AS Monaco,256,FC Porto,0,3,2025-06-24T13:57:37.321382
3750235,1972-05-31,16,Champions League,71,1971/1972,Final,806,Ajax,238,Inter Milan,2,0,2024-02-12T14:25:01.735880
3750240,1999-11-23,16,Champions League,76,1999/2000,1st Round,239,Fiorentina,39,Manchester United,2,0,2025-06-23T12:34:36.649637
3888711,1971-06-02,16,Champions League,276,1970/1971,Final,806,Ajax,952,Panathinaikos,2,0,2024-02-13T14:24:12.213582
3888706,1973-05-30,16,Champions League,277,1972/1973,Final,806,Ajax,224,Juventus,1,0,2024-02-13T14:25:16.532771
3750244,1989-04-05,35,UEFA Europa League,75,1988/1989,Semi-finals,227,Napoli,169,Bayern Munich,2,0,2020-07-29T05:00
3750245,1989-03-15,35,UEFA Europa League,75,1988/1989,Quarter-finals,227,Napoli,1076,Juventus W,3,0,2026-04-11T12:48:10.012987
3887188,1989-05-03,35,UEFA Europa League,75,1988/1989,Final,227,Napoli,174,VfB Stuttgart,2,1,2024-02-12T14:45:05.702250
19714,2018-09-09,37,FA Women's Super League,4,2018/2019,Regular Season,971,Chelsea FCW,746,Manchester City WFC,0,0,2023-07-24T19:34:58.232217
19715,2018-09-09,37,FA Women's Super League,4,2018/2019,Regular Season,965,Brighton & Hove Albion WFC,973,Bristol City WFC,0,1,2021-04-09T20:39:24.201269
19716,2018-09-09,37,FA Women's Super League,4,2018/2019,Regular Season,974,Reading WFC,970,Yeovil Town LFC,4,0,2023-07-24T19:38:19.955143
19717,2018-09-09,37,FA Women's Super League,4,2018/2019,Regular Season,968,Arsenal WFC,966,Liverpool WFC,5,0,2023-07-24T19:45:27.524947
19718,2018-09-09,37,FA Women's Super League,4,2018/2019,Regular Season,969,Birmingham City WFC,967,Everton LFC,1,0,2023-07-24T19:36:01.349396
19719,2018-09-19,37,FA Women's Super League,4,2018/2019,Regular Season,972,West Ham United LFC,974,Reading WFC,0,0,2022-09-12T20:38:36.029947
19720,2018-09-19,37,FA Women's Super League,4,2018/2019,Regular Season,973,Bristol City WFC,971,Chelsea FCW,0,0,2023-07-24T19:43:10.232697
19722,2018-09-19,37,FA Women's Super League,4,2018/2019,Regular Season,970,Yeovil Town LFC,968,Arsenal WFC,0,7,2023-07-24T19:37:34.860138
19723,2018-09-20,37,FA Women's Super League,4,2018/2019,Regular Season,967,Everton LFC,746,Manchester City WFC,0,4,2023-07-24T19:40:30.421964
19724,2018-09-23,37,FA Women's Super League,4,2018/2019,Regular Season,968,Arsenal WFC,972,West Ham United LFC,4,3,2020-07-29T05:00
19725,2018-09-23,37,FA Women's Super League,4,2018/2019,Regular Season,965,Brighton & Hove Albion WFC,966,Liverpool WFC,0,1,2023-07-24T19:46:36.219604
19726,2018-09-23,37,FA Women's Super League,4,2018/2019,Regular Season,967,Everton LFC,971,Chelsea FCW,0,0,2022-12-01T11:39:55.219781
19727,2018-09-23,37,FA Women's Super League,4,2018/2019,Regular Season,974,Reading WFC,969,Birmingham City WFC,0,1,2022-09-12T20:45:17.660829
19728,2018-09-23,37,FA Women's Super League,4,2018/2019,Regular Season,746,Manchester City WFC,973,Bristol City WFC,2,2,2023-07-24T19:39:08.694629
19729,2019-03-24,37,FA Women's Super League,4,2018/2019,Regular Season,973,Bristol City WFC,967,Everton LFC,1,0,2023-07-24T19:41:20.829494
19730,2018-09-30,37,FA Women's Super League,4,2018/2019,Regular Season,971,Chelsea FCW,965,Brighton & Hove Albion WFC,2,0,2023-07-24T19:45:45.933086
19731,2018-09-30,37,FA Women's Super League,4,2018/2019,Regular Season,972,West Ham United LFC,970,Yeovil Town LFC,2,1,2023-07-24T19:39:59.493139
19732,2018-09-30,37,FA Women's Super League,4,2018/2019,Regular Season,966,Liverpool WFC,974,Reading WFC,0,1,2023-07-24T19:39:04.259986
19733,2018-09-30,37,FA Women's Super League,4,2018/2019,Regular Season,969,Birmingham City WFC,746,Manchester City WFC,2,3,2021-04-28T19:48:01.153453
19734,2018-10-14,37,FA Women's Super League,4,2018/2019,Regular Season,967,Everton LFC,965,Brighton & Hove Albion WFC,3,3,2023-07-24T19:39:06.270757
19735,2018-10-14,37,FA Women's Super League,4,2018/2019,Regular Season,746,Manchester City WFC,972,West Ham United LFC,7,1,2023-07-24T19:46:33.165821
19736,2018-10-14,37,FA Women's Super League,4,2018/2019,Regular Season,971,Chelsea FCW,968,Arsenal WFC,0,5,2023-07-24T19:40:54.610273
19737,2018-10-14,37,FA Women's Super League,4,2018/2019,Regular Season,966,Liverpool WFC,970,Yeovil Town LFC,2,1,2023-07-24T19:38:09.441565
19738,2018-10-14,37,FA Women's Super League,4,2018/2019,Regular Season,973,Bristol City WFC,969,Birmingham City WFC,0,1,2021-04-28T19:48:01.163865
19739,2018-10-21,37,FA Women's Super League,4,2018/2019,Regular Season,965,Brighton & Hove Albion WFC,746,Manchester City WFC,0,6,2023-07-24T19:41:00.049959
19740,2018-10-21,37,FA Women's Super League,4,2018/2019,Regular Season,972,West Ham United LFC,966,Liverpool WFC,0,1,2023-07-24T19:36:46.501334
19741,2018-10-21,37,FA Women's Super League,4,2018/2019,Regular Season,968,Arsenal WFC,974,Reading WFC,6,0,2023-07-24T19:40:00.862452
19742,2018-10-21,37,FA Women's Super League,4,2018/2019,Regular Season,970,Yeovil Town LFC,973,Bristol City WFC,1,2,2023-07-24T19:38:09.022442
19743,2018-10-21,37,FA Women's Super League,4,2018/2019,Regular Season,969,Birmingham City WFC,971,Chelsea FCW,0,0,2021-04-28T07:08:31.946271
19744,2018-10-28,37,FA Women's Super League,4,2018/2019,Regular Season,973,Bristol City WFC,968,Arsenal WFC,0,4,2023-07-24T19:41:56.146912
19745,2018-10-28,37,FA Women's Super League,4,2018/2019,Regular Season,965,Brighton & Hove Albion WFC,970,Yeovil Town LFC,2,1,2023-07-24T19:50:20.881595
19746,2018-10-28,37,FA Women's Super League,4,2018/2019,Regular Season,967,Everton LFC,972,West Ham United LFC,1,2,2023-07-24T19:38:32.419898
19747,2018-10-26,37,FA Women's Super League,4,2018/2019,Regular Season,746,Manchester City WFC,974,Reading WFC,1,1,2023-07-24T19:44:28.338569
19748,2018-10-28,37,FA Women's Super League,4,2018/2019,Regular Season,971,Chelsea FCW,966,Liverpool WFC,1,0,2023-07-24T19:37:41.379784
19749,2018-11-04,37,FA Women's Super League,4,2018/2019,Regular Season,968,Arsenal WFC,969,Birmingham City WFC,3,1,2021-04-28T19:48:01.152793
19750,2018-11-04,37,FA Women's Super League,4,2018/2019,Regular Season,970,Yeovil Town LFC,967,Everton LFC,1,0,2023-07-24T19:45:30.297659
19751,2018-11-04,37,FA Women's Super League,4,2018/2019,Regular Season,972,West Ham United LFC,971,Chelsea FCW,0,2,2023-07-24T19:43:48.478411
19752,2018-11-04,37,FA Women's Super League,4,2018/2019,Regular Season,966,Liverpool WFC,746,Manchester City WFC,0,3,2023-07-24T19:42:57.449946
19753,2018-11-04,37,FA Women's Super League,4,2018/2019,Regular Season,974,Reading WFC,973,Bristol City WFC,3,0,2023-07-24T19:37:53.604317
19754,2019-03-24,37,FA Women's Super League,4,2018/2019,Regular Season,966,Liverpool WFC,968,Arsenal WFC,1,5,2023-07-24T19:41:51.195759
19755,2019-02-10,37,FA Women's Super League,4,2018/2019,Regular Season,746,Manchester City WFC,971,Chelsea FCW,2,2,2022-09-12T20:52:59.538692
19756,2019-04-17,37,FA Women's Super League,4,2018/2019,Regular Season,967,Everton LFC,969,Birmingham City WFC,1,3,2022-09-12T20:59:02.938054
19757,2019-02-10,37,FA Women's Super League,4,2018/2019,Regular Season,973,Bristol City WFC,965,Brighton & Hove Albion WFC,0,0,2023-07-24T19:47:48.143800
19758,2019-04-17,37,FA Women's Super League,4,2018/2019,Regular Season,970,Yeovil Town LFC,974,Reading WFC,0,5,2024-06-12T07:41:45.347457
19759,2018-11-18,37,FA Women's Super League,4,2018/2019,Regular Season,967,Everton LFC,968,Arsenal WFC,0,4,2023-07-24T19:39:24.864492
19760,2018-11-18,37,FA Women's Super League,4,2018/2019,Regular Season,971,Chelsea FCW,970,Yeovil Town LFC,5,0,2023-07-24T19:40:03.149733
19761,2018-11-17,37,FA Women's Super League,4,2018/2019,Regular Season,973,Bristol City WFC,966,Liverpool WFC,2,1,2023-07-24T19:40:51.636012
19762,2018-11-18,37,FA Women's Super League,4,2018/2019,Regular Season,965,Brighton & Hove Albion WFC,974,Reading WFC,1,4,2023-07-24T19:46:28.392231
19763,2018-11-18,37,FA Women's Super League,4,2018/2019,Regular Season,969,Birmingham City WFC,972,West Ham United LFC,3,0,2021-04-28T07:08:31.984352
19764,2018-11-25,37,FA Women's Super League,4,2018/2019,Regular Season,970,Yeovil Town LFC,746,Manchester City WFC,0,4,2022-12-01T11:40:48.109478
19765,2018-11-25,37,FA Women's Super League,4,2018/2019,Regular Season,966,Liverpool WFC,969,Birmingham City WFC,0,2,2021-04-28T19:48:01.153460
19766,2018-11-25,37,FA Women's Super League,4,2018/2019,Regular Season,968,Arsenal WFC,965,Brighton & Hove Albion WFC,4,1,2023-07-24T19:41:47.371344
19767,2018-11-25,37,FA Women's Super League,4,2018/2019,Regular Season,974,Reading WFC,967,Everton LFC,2,1,2023-07-24T19:38:21.734633
19768,2018-11-25,37,FA Women's Super League,4,2018/2019,Regular Season,972,West Ham United LFC,973,Bristol City WFC,2,0,2023-07-24T19:42:38.447558
19769,2018-12-02,37,FA Women's Super League,4,2018/2019,Regular Season,965,Brighton & Hove Albion WFC,972,West Ham United LFC,0,1,2024-08-07T17:22:40.334287
19770,2018-12-02,37,FA Women's Super League,4,2018/2019,Regular Season,746,Manchester City WFC,968,Arsenal WFC,2,0,2023-07-24T19:47:04.473942
19771,2018-12-02,37,FA Women's Super League,4,2018/2019,Regular Season,969,Birmingham City WFC,970,Yeovil Town LFC,2,1,2021-04-28T19:48:01.153469
19772,2018-12-02,37,FA Women's Super League,4,2018/2019,Regular Season,971,Chelsea FCW,974,Reading WFC,1,0,2023-07-24T19:39:11.179954
19773,2018-12-02,37,FA Women's Super League,4,2018/2019,Regular Season,967,Everton LFC,966,Liverpool WFC,2,1,2023-07-24T19:46:16.477530
19774,2018-12-09,37,FA Women's Super League,4,2018/2019,Regular Season,967,Everton LFC,973,Bristol City WFC,0,2,2023-07-24T19:36:23.483264
19775,2018-12-09,37,FA Women's Super League,4,2018/2019,Regular Season,974,Reading WFC,966,Liverpool WFC,2,2,2023-07-24T19:42:46.378833
19776,2018-12-09,37,FA Women's Super League,4,2018/2019,Regular Season,965,Brighton & Hove Albion WFC,971,Chelsea FCW,0,4,2023-07-24T19:35:26.640051
19777,2018-12-09,37,FA Women's Super League,4,2018/2019,Regular Season,970,Yeovil Town LFC,972,West Ham United LFC,0,5,2023-07-24T19:41:48.713246
19778,2018-12-09,37,FA Women's Super League,4,2018/2019,Regular Season,746,Manchester City WFC,969,Birmingham City WFC,1,0,2021-04-28T19:48:01.166031
19779,2019-01-06,37,FA Women's Super League,4,2018/2019,Regular Season,973,Bristol City WFC,746,Manchester City WFC,1,1,2023-07-24T19:39:52.676463
19780,2019-01-06,37,FA Women's Super League,4,2018/2019,Regular Season,966,Liverpool WFC,965,Brighton & Hove Albion WFC,0,2,2023-07-24T19:41:43.576593
19781,2019-01-06,37,FA Women's Super League,4,2018/2019,Regular Season,972,West Ham United LFC,968,Arsenal WFC,2,4,2023-07-24T19:40:51.629538
19782,2019-01-06,37,FA Women's Super League,4,2018/2019,Regular Season,969,Birmingham City WFC,974,Reading WFC,2,1,2021-04-28T07:08:31.988445
19783,2019-01-06,37,FA Women's Super League,4,2018/2019,Regular Season,971,Chelsea FCW,967,Everton LFC,3,0,2023-07-24T19:40:48.274456
19784,2019-01-13,37,FA Women's Super League,4,2018/2019,Regular Season,965,Brighton & Hove Albion WFC,967,Everton LFC,0,0,2023-07-24T19:43:40.819555
19785,2019-01-13,37,FA Women's Super League,4,2018/2019,Regular Season,968,Arsenal WFC,971,Chelsea FCW,1,2,2023-07-24T19:43:34.576176
19786,2019-01-13,37,FA Women's Super League,4,2018/2019,Regular Season,972,West Ham United LFC,746,Manchester City WFC,1,3,2022-12-01T11:41:40.025541
19787,2019-01-13,37,FA Women's Super League,4,2018/2019,Regular Season,969,Birmingham City WFC,973,Bristol City WFC,0,1,2021-04-28T07:08:31.976278
19788,2019-01-13,37,FA Women's Super League,4,2018/2019,Regular Season,970,Yeovil Town LFC,966,Liverpool WFC,1,2,2023-07-24T19:40:06.544351
19789,2019-01-27,37,FA Women's Super League,4,2018/2019,Regular Season,971,Chelsea FCW,969,Birmingham City WFC,2,3,2021-04-28T19:48:01.164467
19790,2019-01-27,37,FA Women's Super League,4,2018/2019,Regular Season,746,Manchester City WFC,965,Brighton & Hove Albion WFC,3,0,2023-07-24T19:43:04.198520
19791,2019-01-27,37,FA Women's Super League,4,2018/2019,Regular Season,974,Reading WFC,968,Arsenal WFC,0,3,2023-07-24T19:43:33.833859
19792,2019-01-27,37,FA Women's Super League,4,2018/2019,Regular Season,973,Bristol City WFC,970,Yeovil Town LFC,2,1,2023-07-24T19:37:20.691588
19793,2019-01-28,37,FA Women's Super League,4,2018/2019,Regular Season,966,Liverpool WFC,972,West Ham United LFC,1,0,2023-07-24T19:42:40.354792
19794,2019-02-20,37,FA Women's Super League,4,2018/2019,Regular Season,971,Chelsea FCW,973,Bristol City WFC,6,0,2023-07-24T19:41:31.309048
19795,2019-02-20,37,FA Women's Super League,4,2018/2019,Regular Season,974,Reading WFC,972,West Ham United LFC,1,2,2023-07-24T19:48:33.799947
19796,2019-02-20,37,FA Women's Super League,4,2018/2019,Regular Season,965,Brighton & Hove Albion WFC,969,Birmingham City WFC,2,1,2021-04-28T07:08:31.988370
19797,2019-02-20,37,FA Women's Super League,4,2018/2019,Regular Season,968,Arsenal WFC,970,Yeovil Town LFC,3,0,2023-07-24T19:40:56.579073
19798,2019-02-20,37,FA Women's Super League,4,2018/2019,Regular Season,746,Manchester City WFC,967,Everton LFC,3,1,2023-07-24T19:38:21.115353
19799,2019-03-13,37,FA Women's Super League,4,2018/2019,Regular Season,966,Liverpool WFC,971,Chelsea FCW,0,4,2023-07-24T19:40:27.032068
19800,2019-03-14,37,FA Women's Super League,4,2018/2019,Regular Season,968,Arsenal WFC,973,Bristol City WFC,4,0,2020-08-24T14:34:34.401523
19801,2019-03-13,37,FA Women's Super League,4,2018/2019,Regular Season,974,Reading WFC,746,Manchester City WFC,3,4,2023-07-24T19:39:19.637359
19802,2019-03-13,37,FA Women's Super League,4,2018/2019,Regular Season,970,Yeovil Town LFC,965,Brighton & Hove Albion WFC,1,1,2023-07-24T19:42:25.041721
19803,2019-03-13,37,FA Women's Super League,4,2018/2019,Regular Season,972,West Ham United LFC,967,Everton LFC,0,1,2023-07-24T19:41:41.465513
19804,2019-03-31,37,FA Women's Super League,4,2018/2019,Regular Season,969,Birmingham City WFC,968,Arsenal WFC,0,1,2021-04-28T19:48:01.165303
19805,2019-03-31,37,FA Women's Super League,4,2018/2019,Regular Season,971,Chelsea FCW,972,West Ham United LFC,1,1,2023-07-24T19:35:51.101710
19806,2019-03-31,37,FA Women's Super League,4,2018/2019,Regular Season,973,Bristol City WFC,974,Reading WFC,0,1,2023-07-24T19:43:36.328419
19807,2019-03-31,37,FA Women's Super League,4,2018/2019,Regular Season,746,Manchester City WFC,966,Liverpool WFC,2,1,2023-07-24T19:42:41.142088
19808,2019-03-31,37,FA Women's Super League,4,2018/2019,Regular Season,967,Everton LFC,970,Yeovil Town LFC,0,1,2023-07-24T19:37:45.511478
19809,2019-04-20,37,FA Women's Super League,4,2018/2019,Regular Season,974,Reading WFC,965,Brighton & Hove Albion WFC,1,0,2023-07-24T19:42:07.418328
19810,2019-04-21,37,FA Women's Super League,4,2018/2019,Regular Season,966,Liverpool WFC,973,Bristol City WFC,5,2,2023-07-24T19:45:35.519688
19811,2019-04-21,37,FA Women's Super League,4,2018/2019,Regular Season,968,Arsenal WFC,967,Everton LFC,2,1,2023-07-24T19:49:19.915788
19813,2019-04-21,37,FA Women's Super League,4,2018/2019,Regular Season,972,West Ham United LFC,969,Birmingham City WFC,1,2,2021-04-28T19:48:01.165557
19814,2019-04-28,37,FA Women's Super League,4,2018/2019,Regular Season,973,Bristol City WFC,972,West Ham United LFC,1,2,2020-07-29T05:00
19815,2019-04-28,37,FA Women's Super League,4,2018/2019,Regular Season,965,Brighton & Hove Albion WFC,968,Arsenal WFC,0,4,2022-09-12T21:06:25.061309
19816,2019-04-28,37,FA Women's Super League,4,2018/2019,Regular Season,969,Birmingham City WFC,966,Liverpool WFC,2,0,2026-03-28T18:13:53.368475
19817,2019-04-28,37,FA Women's Super League,4,2018/2019,Regular Season,967,Everton LFC,974,Reading WFC,3,2,2023-07-24T19:38:42.465421
19818,2019-04-28,37,FA Women's Super League,4,2018/2019,Regular Season,746,Manchester City WFC,970,Yeovil Town LFC,2,1,2023-07-24T19:44:00.944909
19819,2019-05-11,37,FA Women's Super League,4,2018/2019,Regular Season,972,West Ham United LFC,965,Brighton & Hove Albion WFC,0,4,2023-07-24T19:50:04.225826
19820,2019-05-11,37,FA Women's Super League,4,2018/2019,Regular Season,974,Reading WFC,971,Chelsea FCW,2,3,2023-07-24T19:39:36.370746
19821,2019-05-11,37,FA Women's Super League,4,2018/2019,Regular Season,968,Arsenal WFC,746,Manchester City WFC,1,0,2023-07-24T19:36:42.319838
19822,2019-05-11,37,FA Women's Super League,4,2018/2019,Regular Season,970,Yeovil Town LFC,969,Birmingham City WFC,0,2,2021-04-28T19:48:01.139592
2275026,2019-11-24,37,FA Women's Super League,42,2019/2020,Regular Season,973,Bristol City WFC,746,Manchester City WFC,0,5,2023-07-25T01:08:03.214566
2275027,2020-02-02,37,FA Women's Super League,42,2019/2020,Regular Season,965,Brighton & Hove Albion WFC,967,Everton LFC,1,0,2022-12-01T11:57:35.288336
2275028,2019-10-12,37,FA Women's Super League,42,2019/2020,Regular Season,746,Manchester City WFC,969,Birmingham City WFC,3,0,2021-04-27T06:27:03.575966
2275029,2020-01-19,37,FA Women's Super League,42,2019/2020,Regular Season,973,Bristol City WFC,966,Liverpool WFC,0,1,2022-12-01T11:54:45.694416
2275030,2020-02-23,37,FA Women's Super League,42,2019/2020,Regular Season,965,Brighton & Hove Albion WFC,749,Tottenham Hotspur Women,0,1,2023-07-25T01:01:27.824374
2275033,2019-10-27,37,FA Women's Super League,42,2019/2020,Regular Season,973,Bristol City WFC,749,Tottenham Hotspur Women,1,2,2020-07-29T05:00
2275034,2019-09-15,37,FA Women's Super League,42,2019/2020,Regular Season,749,Tottenham Hotspur Women,966,Liverpool WFC,1,0,2020-07-29T05:00
2275036,2020-01-19,37,FA Women's Super League,42,2019/2020,Regular Season,967,Everton LFC,974,Reading WFC,3,1,2020-08-17T00:16:15.196468
2275037,2020-02-02,37,FA Women's Super League,42,2019/2020,Regular Season,746,Manchester City WFC,968,Arsenal WFC,2,1,2023-07-25T01:03:20.303797
2275038,2020-02-12,37,FA Women's Super League,42,2019/2020,Regular Season,974,Reading WFC,972,West Ham United LFC,2,0,2023-07-24T19:45:27.035923
2275040,2019-10-13,37,FA Women's Super League,42,2019/2020,Regular Season,965,Brighton & Hove Albion WFC,972,West Ham United LFC,1,3,2020-07-29T05:00
2275041,2019-09-15,37,FA Women's Super League,42,2019/2020,Regular Season,967,Everton LFC,973,Bristol City WFC,2,0,2020-07-29T05:00
2275042,2019-11-17,37,FA Women's Super League,42,2019/2020,Regular Season,746,Manchester City WFC,972,West Ham United LFC,5,0,2020-07-29T05:00
2275044,2019-10-27,37,FA Women's Super League,42,2019/2020,Regular Season,968,Arsenal WFC,746,Manchester City WFC,1,0,2022-12-01T11:35:24.766192
2275045,2019-12-15,37,FA Women's Super League,42,2019/2020,Regular Season,966,Liverpool WFC,971,Chelsea FCW,1,1,2022-12-01T11:50:05.752952
2275048,2019-09-29,37,FA Women's Super League,42,2019/2020,Regular Season,972,West Ham United LFC,749,Tottenham Hotspur Women,0,2,2020-07-29T05:00
2275049,2019-11-24,37,FA Women's Super League,42,2019/2020,Regular Season,972,West Ham United LFC,974,Reading WFC,2,3,2022-12-01T11:40:45.642298
2275050,2020-01-12,37,FA Women's Super League,42,2019/2020,Regular Season,974,Reading WFC,969,Birmingham City WFC,1,0,2021-04-27T06:27:03.576931
2275051,2019-10-27,37,FA Women's Super League,42,2019/2020,Regular Season,967,Everton LFC,965,Brighton & Hove Albion WFC,2,0,2020-07-29T05:00
2275052,2019-09-15,37,FA Women's Super League,42,2019/2020,Regular Season,965,Brighton & Hove Albion WFC,971,Chelsea FCW,1,1,2020-07-29T05:00
2275054,2020-01-05,37,FA Women's Super League,42,2019/2020,Regular Season,965,Brighton & Hove Albion WFC,966,Liverpool WFC,1,0,2022-12-01T11:51:56.776462
2275056,2019-11-17,37,FA Women's Super League,42,2019/2020,Regular Season,966,Liverpool WFC,967,Everton LFC,0,1,2020-07-29T05:00
2275057,2020-02-02,37,FA Women's Super League,42,2019/2020,Regular Season,971,Chelsea FCW,972,West Ham United LFC,8,0,2023-07-25T01:02:18.304186
2275061,2019-09-07,37,FA Women's Super League,42,2019/2020,Regular Season,973,Bristol City WFC,965,Brighton & Hove Albion WFC,0,0,2022-12-01T11:26:27.063633
2275062,2020-02-13,37,FA Women's Super League,42,2019/2020,Regular Season,966,Liverpool WFC,968,Arsenal WFC,2,3,2023-01-04T18:26:33.731814
2275063,2019-10-13,37,FA Women's Super League,42,2019/2020,Regular Season,971,Chelsea FCW,968,Arsenal WFC,2,1,2022-12-01T11:33:37.216129
2275065,2019-11-17,37,FA Women's Super League,42,2019/2020,Regular Season,965,Brighton & Hove Albion WFC,969,Birmingham City WFC,3,0,2022-12-01T11:37:09.609287
2275070,2019-10-13,37,FA Women's Super League,42,2019/2020,Regular Season,966,Liverpool WFC,973,Bristol City WFC,1,1,2020-07-29T05:00
2275072,2020-01-05,37,FA Women's Super League,42,2019/2020,Regular Season,971,Chelsea FCW,974,Reading WFC,3,1,2023-07-25T01:05:09.405202
2275073,2020-02-12,37,FA Women's Super League,42,2019/2020,Regular Season,749,Tottenham Hotspur Women,967,Everton LFC,2,2,2020-07-29T05:00
2275074,2020-02-12,37,FA Women's Super League,42,2019/2020,Regular Season,971,Chelsea FCW,969,Birmingham City WFC,2,0,2021-04-28T19:48:01.172671
2275075,2019-12-15,37,FA Women's Super League,42,2019/2020,Regular Season,974,Reading WFC,749,Tottenham Hotspur Women,3,1,2022-12-01T11:48:13.533861
2275077,2020-01-12,37,FA Women's Super League,42,2019/2020,Regular Season,749,Tottenham Hotspur Women,972,West Ham United LFC,2,1,2020-07-29T05:00
2275078,2020-01-11,37,FA Women's Super League,42,2019/2020,Regular Season,746,Manchester City WFC,967,Everton LFC,3,1,2024-02-12T15:05:34.211400
2275079,2019-11-24,37,FA Women's Super League,42,2019/2020,Regular Season,968,Arsenal WFC,966,Liverpool WFC,1,0,2020-07-29T05:00
2275080,2020-01-12,37,FA Women's Super League,42,2019/2020,Regular Season,971,Chelsea FCW,973,Bristol City WFC,6,1,2023-07-25T01:04:17.482559
2275082,2019-11-17,37,FA Women's Super League,42,2019/2020,Regular Season,749,Tottenham Hotspur Women,968,Arsenal WFC,0,2,2020-07-29T05:00
2275083,2020-02-23,37,FA Women's Super League,42,2019/2020,Regular Season,969,Birmingham City WFC,973,Bristol City WFC,0,1,2021-04-27T06:27:03.582776
2275084,2019-10-27,37,FA Women's Super League,42,2019/2020,Regular Season,972,West Ham United LFC,971,Chelsea FCW,1,3,2022-12-01T11:36:16.376503
2275085,2020-01-05,37,FA Women's Super League,42,2019/2020,Regular Season,749,Tottenham Hotspur Women,746,Manchester City WFC,1,4,2020-07-29T05:00
2275086,2019-12-08,37,FA Women's Super League,42,2019/2020,Regular Season,974,Reading WFC,968,Arsenal WFC,0,3,2022-12-01T11:46:28.862601
2275088,2019-12-08,37,FA Women's Super League,42,2019/2020,Regular Season,973,Bristol City WFC,969,Birmingham City WFC,0,2,2021-04-27T06:27:03.579874
2275089,2020-01-05,37,FA Women's Super League,42,2019/2020,Regular Season,968,Arsenal WFC,969,Birmingham City WFC,2,0,2022-12-01T11:53:01.083010
2275090,2020-01-19,37,FA Women's Super League,42,2019/2020,Regular Season,968,Arsenal WFC,971,Chelsea FCW,1,4,2022-12-01T11:56:44.616409
2275091,2019-12-08,37,FA Women's Super League,42,2019/2020,Regular Season,749,Tottenham Hotspur Women,965,Brighton & Hove Albion WFC,1,0,2022-12-01T11:44:32.161869
2275092,2020-01-19,37,FA Women's Super League,42,2019/2020,Regular Season,969,Birmingham City WFC,746,Manchester City WFC,0,2,2022-12-01T11:55:49.905945
2275093,2019-11-24,37,FA Women's Super League,42,2019/2020,Regular Season,969,Birmingham City WFC,971,Chelsea FCW,0,6,2022-12-01T11:39:06.988770
2275094,2019-09-15,37,FA Women's Super League,42,2019/2020,Regular Season,972,West Ham United LFC,969,Birmingham City WFC,1,0,2022-12-01T11:30:02.216290
2275096,2019-09-08,37,FA Women's Super League,42,2019/2020,Regular Season,968,Arsenal WFC,972,West Ham United LFC,2,1,2020-07-29T05:00
2275097,2019-12-15,37,FA Women's Super League,42,2019/2020,Regular Season,746,Manchester City WFC,965,Brighton & Hove Albion WFC,5,0,2022-12-01T11:49:11.675645
2275098,2020-01-12,37,FA Women's Super League,42,2019/2020,Regular Season,965,Brighton & Hove Albion WFC,968,Arsenal WFC,0,4,2022-12-01T11:54:00.689327
2275099,2019-09-08,37,FA Women's Super League,42,2019/2020,Regular Season,966,Liverpool WFC,974,Reading WFC,0,1,2022-12-01T11:27:17.865687
2275102,2019-11-29,37,FA Women's Super League,42,2019/2020,Regular Season,965,Brighton & Hove Albion WFC,974,Reading WFC,2,2,2022-12-01T11:41:43.717024
2275103,2019-12-08,37,FA Women's Super League,42,2019/2020,Regular Season,966,Liverpool WFC,972,West Ham United LFC,1,1,2022-12-01T11:47:18.679773
2275104,2019-12-01,37,FA Women's Super League,42,2019/2020,Regular Season,968,Arsenal WFC,973,Bristol City WFC,11,1,2022-12-01T11:42:40.022764
2275105,2020-02-23,37,FA Women's Super League,42,2019/2020,Regular Season,746,Manchester City WFC,971,Chelsea FCW,3,3,2020-07-29T05:00
2275106,2020-02-12,37,FA Women's Super League,42,2019/2020,Regular Season,746,Manchester City WFC,973,Bristol City WFC,1,0,2020-07-29T05:00
2275107,2019-09-15,37,FA Women's Super League,42,2019/2020,Regular Season,974,Reading WFC,746,Manchester City WFC,0,2,2022-12-01T11:29:11.742051
2275108,2019-09-29,37,FA Women's Super League,42,2019/2020,Regular Season,973,Bristol City WFC,971,Chelsea FCW,0,4,2022-12-01T11:32:06.642051
2275109,2019-12-04,37,FA Women's Super League,42,2019/2020,Regular Season,969,Birmingham City WFC,749,Tottenham Hotspur Women,1,1,2022-12-01T11:43:34.540396
2275110,2019-10-27,37,FA Women's Super League,42,2019/2020,Regular Season,969,Birmingham City WFC,966,Liverpool WFC,2,0,2021-04-27T06:27:03.599355
2275113,2020-01-19,37,FA Women's Super League,42,2019/2020,Regular Season,972,West Ham United LFC,965,Brighton & Hove Albion WFC,2,1,2020-07-29T05:00
2275116,2019-12-01,37,FA Women's Super League,42,2019/2020,Regular Season,746,Manchester City WFC,966,Liverpool WFC,1,0,2020-07-29T05:00
2275117,2019-12-15,37,FA Women's Super League,42,2019/2020,Regular Season,967,Everton LFC,968,Arsenal WFC,1,3,2022-12-01T11:51:09.546316
2275120,2019-09-08,37,FA Women's Super League,42,2019/2020,Regular Season,969,Birmingham City WFC,967,Everton LFC,0,1,2021-04-27T06:27:03.575947
2275121,2019-09-29,37,FA Women's Super League,42,2019/2020,Regular Season,968,Arsenal WFC,965,Brighton & Hove Albion WFC,4,0,2020-07-29T05:00
2275122,2019-11-17,37,FA Women's Super League,42,2019/2020,Regular Season,974,Reading WFC,973,Bristol City WFC,3,3,2023-07-25T01:00:17.860861
2275126,2019-11-24,37,FA Women's Super League,42,2019/2020,Regular Season,967,Everton LFC,749,Tottenham Hotspur Women,3,1,2022-12-01T11:40:00.513417
2275127,2019-10-13,37,FA Women's Super League,42,2019/2020,Regular Season,974,Reading WFC,967,Everton LFC,3,2,2022-12-01T11:34:25.814154
2275130,2019-12-08,37,FA Women's Super League,42,2019/2020,Regular Season,971,Chelsea FCW,746,Manchester City WFC,2,1,2023-07-25T01:07:02.459492
2275131,2019-09-29,37,FA Women's Super League,42,2019/2020,Regular Season,967,Everton LFC,746,Manchester City WFC,0,1,2022-12-01T11:31:09.273462
2275132,2019-09-08,37,FA Women's Super League,42,2019/2020,Regular Season,971,Chelsea FCW,749,Tottenham Hotspur Women,1,0,2022-12-01T11:28:11.547939
2275133,2020-02-23,37,FA Women's Super League,42,2019/2020,Regular Season,972,West Ham United LFC,966,Liverpool WFC,4,2,2022-12-01T11:59:06.730155
2275136,2019-09-07,37,FA Women's Super League,42,2019/2020,Regular Season,746,Manchester City WFC,1475,Manchester United W,1,0,2021-05-29T16:47:06.782
2275137,2020-01-19,37,FA Women's Super League,42,2019/2020,Regular Season,1475,Manchester United W,749,Tottenham Hotspur Women,3,0,2021-06-01T12:51:21.680
2275138,2019-09-28,37,FA Women's Super League,42,2019/2020,Regular Season,1475,Manchester United W,966,Liverpool WFC,2,0,2021-05-29T16:51:29.690
2275139,2019-10-13,37,FA Women's Super League,42,2019/2020,Regular Season,749,Tottenham Hotspur Women,1475,Manchester United W,0,3,2021-05-29T16:55:52.524
2275140,2019-11-24,37,FA Women's Super League,42,2019/2020,Regular Season,1475,Manchester United W,965,Brighton & Hove Albion WFC,4,0,2026-04-12T07:46:17.172360
2275142,2020-01-05,37,FA Women's Super League,42,2019/2020,Regular Season,1475,Manchester United W,973,Bristol City WFC,0,1,2023-02-25T12:45:18.376026
2275144,2020-02-23,37,FA Women's Super League,42,2019/2020,Regular Season,967,Everton LFC,1475,Manchester United W,2,3,2021-06-01T13:01:18.188
2275146,2019-12-08,37,FA Women's Super League,42,2019/2020,Regular Season,1475,Manchester United W,967,Everton LFC,3,1,2022-12-01T11:45:30.604155
2275150,2019-12-01,37,FA Women's Super League,42,2019/2020,Regular Season,972,West Ham United LFC,1475,Manchester United W,3,2,2021-06-01T12:37:46.754
2275151,2020-02-12,37,FA Women's Super League,42,2019/2020,Regular Season,965,Brighton & Hove Albion WFC,1475,Manchester United W,1,1,2021-06-01T12:57:55.217
2275153,2020-02-02,37,FA Women's Super League,42,2019/2020,Regular Season,974,Reading WFC,1475,Manchester United W,1,1,2022-12-01T11:58:17.064244
2275154,2019-11-17,37,FA Women's Super League,42,2019/2020,Regular Season,971,Chelsea FCW,1475,Manchester United W,1,0,2021-05-29T17:02:28.194
2275156,2019-09-16,37,FA Women's Super League,42,2019/2020,Regular Season,1475,Manchester United W,968,Arsenal WFC,0,1,2026-04-12T16:06:58.541813
2275157,2019-10-27,37,FA Women's Super League,42,2019/2020,Regular Season,1475,Manchester United W,974,Reading WFC,2,0,2026-04-12T16:07:56.102610
3764230,2020-09-06,37,FA Women's Super League,90,2020/2021,Regular Season,749,Tottenham Hotspur Women,972,West Ham United LFC,1,1,2020-09-07T23:08:30.613690
3764231,2020-09-06,37,FA Women's Super League,90,2020/2021,Regular Season,965,Brighton & Hove Albion WFC,969,Birmingham City WFC,2,0,2021-07-01T17:59:02.410
3764232,2020-09-06,37,FA Women's Super League,90,2020/2021,Regular Season,1475,Manchester United W,971,Chelsea FCW,1,1,2026-04-12T16:30:46.516715
3764233,2020-09-06,37,FA Women's Super League,90,2020/2021,Regular Season,968,Arsenal WFC,974,Reading WFC,6,1,2022-08-15T23:28:49.530360
3764234,2020-09-05,37,FA Women's Super League,90,2020/2021,Regular Season,2647,Aston Villa W,746,Manchester City WFC,0,2,2022-08-15T23:21:21.885827
3764235,2020-09-13,37,FA Women's Super League,90,2020/2021,Regular Season,971,Chelsea FCW,973,Bristol City WFC,9,0,2020-09-15T02:15:49.891079
3764236,2020-09-13,37,FA Women's Super League,90,2020/2021,Regular Season,974,Reading WFC,2647,Aston Villa W,3,1,2020-10-17T22:10:12.529229
3764237,2020-09-13,37,FA Women's Super League,90,2020/2021,Regular Season,969,Birmingham City WFC,1475,Manchester United W,2,5,2022-08-16T00:07:19.932589
3764238,2020-09-12,37,FA Women's Super League,90,2020/2021,Regular Season,972,West Ham United LFC,968,Arsenal WFC,1,9,2022-08-15T23:50:06.388284
3764239,2020-09-13,37,FA Women's Super League,90,2020/2021,Regular Season,967,Everton LFC,749,Tottenham Hotspur Women,1,0,2020-09-15T06:26:42.458684
3764240,2020-09-06,37,FA Women's Super League,90,2020/2021,Regular Season,973,Bristol City WFC,967,Everton LFC,0,4,2020-09-25T17:26:20.389793
3764241,2020-09-13,37,FA Women's Super League,90,2020/2021,Regular Season,746,Manchester City WFC,965,Brighton & Hove Albion WFC,0,0,2022-08-15T23:57:31.283298
3775540,2021-04-24,37,FA Women's Super League,90,2020/2021,Regular Season,2647,Aston Villa W,973,Bristol City WFC,2,2,2021-05-10T00:45:11.356339
3775541,2021-03-07,37,FA Women's Super League,90,2020/2021,Regular Season,1475,Manchester United W,2647,Aston Villa W,3,0,2026-04-12T16:28:15.241528
3775542,2021-01-17,37,FA Women's Super League,90,2020/2021,Regular Season,967,Everton LFC,973,Bristol City WFC,4,0,2022-11-29T22:13:23.580826
3775543,2020-10-11,37,FA Women's Super League,90,2020/2021,Regular Season,965,Brighton & Hove Albion WFC,968,Arsenal WFC,0,5,2022-08-16T00:39:47.837991
3775544,2021-05-02,37,FA Women's Super League,90,2020/2021,Regular Season,2647,Aston Villa W,972,West Ham United LFC,0,0,2022-11-29T22:28:55.384124
3775545,2020-10-04,37,FA Women's Super League,90,2020/2021,Regular Season,746,Manchester City WFC,749,Tottenham Hotspur Women,4,1,2020-10-10T23:54:35.553376
3775546,2021-03-21,37,FA Women's Super League,90,2020/2021,Regular Season,749,Tottenham Hotspur Women,973,Bristol City WFC,1,1,2021-07-01T18:14:40.756
3775547,2021-02-28,37,FA Women's Super League,90,2020/2021,Regular Season,969,Birmingham City WFC,746,Manchester City WFC,0,4,2021-04-28T07:08:31.982187
3775548,2021-02-10,37,FA Women's Super League,90,2020/2021,Regular Season,971,Chelsea FCW,968,Arsenal WFC,3,0,2021-02-11T16:35:16.175725
3775549,2021-05-09,37,FA Women's Super League,90,2020/2021,Regular Season,969,Birmingham City WFC,749,Tottenham Hotspur Women,0,1,2021-05-12T15:03:59.630548
3775550,2021-03-17,37,FA Women's Super League,90,2020/2021,Regular Season,967,Everton LFC,971,Chelsea FCW,0,3,2021-05-16T15:29:48.074955
3775551,2020-11-08,37,FA Women's Super League,90,2020/2021,Regular Season,1475,Manchester United W,968,Arsenal WFC,1,0,2026-04-12T16:32:49.639748
3775552,2021-02-28,37,FA Women's Super League,90,2020/2021,Regular Season,749,Tottenham Hotspur Women,967,Everton LFC,2,3,2022-11-29T22:19:13.543799
3775553,2020-11-08,37,FA Women's Super League,90,2020/2021,Regular Season,969,Birmingham City WFC,972,West Ham United LFC,1,2,2021-04-28T07:08:31.972703
3775554,2020-11-14,37,FA Women's Super League,90,2020/2021,Regular Season,967,Everton LFC,974,Reading WFC,1,1,2020-11-28T18:39:26.339455
3775555,2021-05-05,37,FA Women's Super League,90,2020/2021,Regular Season,749,Tottenham Hotspur Women,971,Chelsea FCW,0,2,2022-11-29T22:30:33.773384
3775556,2020-11-08,37,FA Women's Super League,90,2020/2021,Regular Season,965,Brighton & Hove Albion WFC,2647,Aston Villa W,0,2,2020-11-10T17:08:13.947809
3775557,2021-04-25,37,FA Women's Super League,90,2020/2021,Regular Season,968,Arsenal WFC,965,Brighton & Hove Albion WFC,2,0,2022-11-29T22:28:09.566521
3775558,2020-12-13,37,FA Women's Super League,90,2020/2021,Regular Season,974,Reading WFC,1475,Manchester United W,1,2,2022-11-29T22:05:39.700555
3775559,2020-12-20,37,FA Women's Super League,90,2020/2021,Regular Season,968,Arsenal WFC,967,Everton LFC,4,0,2022-11-29T22:10:07.476392
3775560,2021-05-09,37,FA Women's Super League,90,2020/2021,Regular Season,968,Arsenal WFC,2647,Aston Villa W,0,0,2022-11-29T22:31:27.257279
3775561,2020-10-18,37,FA Women's Super League,90,2020/2021,Regular Season,972,West Ham United LFC,1475,Manchester United W,2,4,2022-08-16T01:00:32.348260
3775562,2020-10-04,37,FA Women's Super League,90,2020/2021,Regular Season,1475,Manchester United W,965,Brighton & Hove Albion WFC,3,0,2026-04-12T16:31:44.715595
3775563,2021-05-09,37,FA Women's Super League,90,2020/2021,Regular Season,1475,Manchester United W,967,Everton LFC,2,0,2026-04-12T16:31:06.423778
3775564,2021-03-27,37,FA Women's Super League,90,2020/2021,Regular Season,746,Manchester City WFC,974,Reading WFC,1,0,2022-11-29T22:23:25.688150
3775565,2021-04-04,37,FA Women's Super League,90,2020/2021,Regular Season,971,Chelsea FCW,969,Birmingham City WFC,6,0,2021-04-28T07:08:31.978132
3775566,2020-12-05,37,FA Women's Super League,90,2020/2021,Regular Season,2647,Aston Villa W,1475,Manchester United W,0,2,2020-12-08T23:14:45.934158
3775567,2021-01-17,37,FA Women's Super League,90,2020/2021,Regular Season,971,Chelsea FCW,1475,Manchester United W,2,1,2022-11-29T22:14:09.466425
3775568,2021-04-28,37,FA Women's Super League,90,2020/2021,Regular Season,969,Birmingham City WFC,2647,Aston Villa W,1,1,2024-09-17T04:21:31.627015
3775569,2021-04-04,37,FA Women's Super League,90,2020/2021,Regular Season,973,Bristol City WFC,968,Arsenal WFC,0,4,2024-08-06T17:27:27.656304
3775570,2021-03-28,37,FA Women's Super League,90,2020/2021,Regular Season,965,Brighton & Hove Albion WFC,967,Everton LFC,0,5,2021-04-13T21:46:33.264800
3775571,2021-01-23,37,FA Women's Super League,90,2020/2021,Regular Season,2647,Aston Villa W,974,Reading WFC,2,2,2021-01-24T08:59:33.728820
3775572,2020-10-04,37,FA Women's Super League,90,2020/2021,Regular Season,969,Birmingham City WFC,971,Chelsea FCW,0,1,2022-08-16T00:29:46.118669
3775573,2021-05-09,37,FA Women's Super League,90,2020/2021,Regular Season,972,West Ham United LFC,746,Manchester City WFC,0,1,2021-05-10T04:24:10.395760
3775574,2021-05-02,37,FA Women's Super League,90,2020/2021,Regular Season,746,Manchester City WFC,969,Birmingham City WFC,4,0,2021-05-04T16:07:23.807156
3775575,2020-10-03,37,FA Women's Super League,90,2020/2021,Regular Season,2647,Aston Villa W,967,Everton LFC,0,6,2022-08-16T00:18:37.911365
3775576,2021-04-21,37,FA Women's Super League,90,2020/2021,Regular Season,746,Manchester City WFC,971,Chelsea FCW,2,2,2021-04-22T06:10:38.482413
3775577,2021-05-02,37,FA Women's Super League,90,2020/2021,Regular Season,967,Everton LFC,968,Arsenal WFC,1,2,2021-05-20T07:22:53.019618
3775578,2021-02-14,37,FA Women's Super League,90,2020/2021,Regular Season,974,Reading WFC,967,Everton LFC,1,1,2021-04-13T21:46:33.247799
3775579,2021-05-02,37,FA Women's Super League,90,2020/2021,Regular Season,974,Reading WFC,965,Brighton & Hove Albion WFC,3,2,2021-05-05T18:33:52.405043
3775580,2020-12-13,37,FA Women's Super League,90,2020/2021,Regular Season,965,Brighton & Hove Albion WFC,971,Chelsea FCW,0,1,2020-12-25T01:28:45.323675
3775581,2021-03-28,37,FA Women's Super League,90,2020/2021,Regular Season,971,Chelsea FCW,2647,Aston Villa W,2,0,2023-02-24T20:38:29.557046
3775582,2020-10-18,37,FA Women's Super League,90,2020/2021,Regular Season,967,Everton LFC,965,Brighton & Hove Albion WFC,2,2,2020-10-31T05:34:36.605860
3775583,2020-12-13,37,FA Women's Super League,90,2020/2021,Regular Season,746,Manchester City WFC,968,Arsenal WFC,2,1,2022-11-29T22:06:34.851511
3775584,2020-12-06,37,FA Women's Super League,90,2020/2021,Regular Season,968,Arsenal WFC,969,Birmingham City WFC,3,0,2021-04-28T07:08:31.973962
3775585,2021-05-09,37,FA Women's Super League,90,2020/2021,Regular Season,965,Brighton & Hove Albion WFC,973,Bristol City WFC,3,1,2021-05-13T17:54:57.660656
3775586,2020-10-18,37,FA Women's Super League,90,2020/2021,Regular Season,968,Arsenal WFC,749,Tottenham Hotspur Women,6,1,2020-10-27T15:24:31.224914
3775587,2021-01-31,37,FA Women's Super League,90,2020/2021,Regular Season,967,Everton LFC,1475,Manchester United W,0,2,2021-03-04T05:59:52.946187
3775588,2020-12-06,37,FA Women's Super League,90,2020/2021,Regular Season,749,Tottenham Hotspur Women,965,Brighton & Hove Albion WFC,3,1,2022-08-16T01:49:25.491259
3775589,2021-01-17,37,FA Women's Super League,90,2020/2021,Regular Season,974,Reading WFC,968,Arsenal WFC,1,1,2022-11-29T22:11:43.068174
3775590,2021-02-07,37,FA Women's Super League,90,2020/2021,Regular Season,967,Everton LFC,969,Birmingham City WFC,1,1,2025-04-23T14:15:44.486056
3775591,2021-03-07,37,FA Women's Super League,90,2020/2021,Regular Season,972,West Ham United LFC,971,Chelsea FCW,0,2,2022-11-29T22:20:57.255236
3775592,2020-11-07,37,FA Women's Super League,90,2020/2021,Regular Season,749,Tottenham Hotspur Women,974,Reading WFC,1,1,2021-05-12T09:12:43.028901
3775593,2021-05-09,37,FA Women's Super League,90,2020/2021,Regular Season,971,Chelsea FCW,974,Reading WFC,5,0,2021-05-16T00:29:41.830429
3775594,2021-01-24,37,FA Women's Super League,90,2020/2021,Regular Season,1475,Manchester United W,969,Birmingham City WFC,2,0,2026-04-12T16:26:19.529533
3775595,2021-01-30,37,FA Women's Super League,90,2020/2021,Regular Season,973,Bristol City WFC,965,Brighton & Hove Albion WFC,3,0,2021-03-22T21:28:32.454427
3775596,2021-03-17,37,FA Women's Super League,90,2020/2021,Regular Season,973,Bristol City WFC,746,Manchester City WFC,0,3,2021-04-05T10:12:13.309898
3775597,2021-03-19,37,FA Women's Super League,90,2020/2021,Regular Season,968,Arsenal WFC,1475,Manchester United W,2,0,2021-06-21T22:10:21.903
3775598,2021-03-14,37,FA Women's Super League,90,2020/2021,Regular Season,974,Reading WFC,749,Tottenham Hotspur Women,0,0,2021-03-15T08:29:00.976961
3775599,2021-04-20,37,FA Women's Super League,90,2020/2021,Regular Season,972,West Ham United LFC,2647,Aston Villa W,0,0,2022-11-29T22:26:30.338286
3775600,2021-02-07,37,FA Women's Super League,90,2020/2021,Regular Season,968,Arsenal WFC,746,Manchester City WFC,1,2,2021-02-09T20:53:49.805431
3775601,2021-05-02,37,FA Women's Super League,90,2020/2021,Regular Season,973,Bristol City WFC,1475,Manchester United W,0,1,2022-11-29T22:29:45.423626
3775602,2020-10-04,37,FA Women's Super League,90,2020/2021,Regular Season,972,West Ham United LFC,974,Reading WFC,0,1,2020-10-16T18:46:43.528532
3775603,2021-02-10,37,FA Women's Super League,90,2020/2021,Regular Season,965,Brighton & Hove Albion WFC,972,West Ham United LFC,1,0,2021-03-15T20:57:14.947958
3775604,2021-04-04,37,FA Women's Super League,90,2020/2021,Regular Season,749,Tottenham Hotspur Women,746,Manchester City WFC,0,3,2022-11-29T22:24:20.931292
3775605,2021-01-31,37,FA Women's Super League,90,2020/2021,Regular Season,971,Chelsea FCW,749,Tottenham Hotspur Women,4,0,2022-11-29T22:15:54.311395
3775606,2021-01-10,37,FA Women's Super League,90,2020/2021,Regular Season,974,Reading WFC,971,Chelsea FCW,0,5,2022-11-29T22:10:55.979307
3775607,2021-03-08,37,FA Women's Super League,90,2020/2021,Regular Season,973,Bristol City WFC,974,Reading WFC,3,2,2022-11-29T22:22:31.531107
3775608,2021-01-17,37,FA Women's Super League,90,2020/2021,Regular Season,972,West Ham United LFC,749,Tottenham Hotspur Women,0,1,2021-01-18T08:41:56.840013
3775609,2021-04-28,37,FA Women's Super League,90,2020/2021,Regular Season,968,Arsenal WFC,972,West Ham United LFC,2,0,2023-02-24T20:39:46.594213
3775610,2020-12-20,37,FA Women's Super League,90,2020/2021,Regular Season,1475,Manchester United W,973,Bristol City WFC,6,1,2026-04-12T16:25:20.271994
3775611,2020-10-11,37,FA Women's Super League,90,2020/2021,Regular Season,971,Chelsea FCW,746,Manchester City WFC,3,1,2020-11-05T11:29:21.006183
3775612,2021-04-25,37,FA Women's Super League,90,2020/2021,Regular Season,969,Birmingham City WFC,974,Reading WFC,1,1,2021-05-05T18:33:52.391043
3775613,2021-03-27,37,FA Women's Super League,90,2020/2021,Regular Season,749,Tottenham Hotspur Women,968,Arsenal WFC,0,3,2021-04-13T21:46:33.247824
3775614,2021-02-14,37,FA Women's Super League,90,2020/2021,Regular Season,973,Bristol City WFC,971,Chelsea FCW,0,5,2021-04-07T02:40:46.534197
3775615,2020-12-13,37,FA Women's Super League,90,2020/2021,Regular Season,749,Tottenham Hotspur Women,2647,Aston Villa W,3,1,2022-11-29T22:07:31.468764
3775616,2020-12-13,37,FA Women's Super League,90,2020/2021,Regular Season,973,Bristol City WFC,972,West Ham United LFC,0,4,2022-11-29T22:04:49.531758
3775617,2021-04-04,37,FA Women's Super League,90,2020/2021,Regular Season,965,Brighton & Hove Albion WFC,1475,Manchester United W,1,0,2022-11-29T22:25:51.168445
3775618,2020-10-11,37,FA Women's Super League,90,2020/2021,Regular Season,974,Reading WFC,969,Birmingham City WFC,0,1,2021-04-28T07:08:31.975341
3775619,2020-12-20,37,FA Women's Super League,90,2020/2021,Regular Season,965,Brighton & Hove Albion WFC,974,Reading WFC,1,3,2022-11-29T22:09:11.643660
3775620,2020-10-11,37,FA Women's Super League,90,2020/2021,Regular Season,967,Everton LFC,972,West Ham United LFC,3,1,2022-08-16T00:50:18.231501
3775621,2020-12-06,37,FA Women's Super League,90,2020/2021,Regular Season,974,Reading WFC,973,Bristol City WFC,1,1,2020-12-07T08:59:35.456614
3775622,2021-04-25,37,FA Women's Super League,90,2020/2021,Regular Season,1475,Manchester United W,749,Tottenham Hotspur Women,4,1,2026-04-12T16:30:06.778704
3775623,2020-11-15,37,FA Women's Super League,90,2020/2021,Regular Season,972,West Ham United LFC,965,Brighton & Hove Albion WFC,0,1,2021-01-12T17:50:51.013163
3775624,2020-11-14,37,FA Women's Super League,90,2020/2021,Regular Season,1475,Manchester United W,746,Manchester City WFC,2,2,2026-04-12T16:33:48.145602
3775625,2020-11-07,37,FA Women's Super League,90,2020/2021,Regular Season,746,Manchester City WFC,973,Bristol City WFC,8,1,2021-02-01T16:44:29.289210
3775626,2021-01-17,37,FA Women's Super League,90,2020/2021,Regular Season,746,Manchester City WFC,2647,Aston Villa W,7,0,2024-08-05T15:19:53.475619
3775627,2020-11-15,37,FA Women's Super League,90,2020/2021,Regular Season,968,Arsenal WFC,971,Chelsea FCW,1,1,2022-08-16T01:38:46.846229
3775628,2021-03-27,37,FA Women's Super League,90,2020/2021,Regular Season,1475,Manchester United W,972,West Ham United LFC,2,0,2026-04-12T16:29:07.913580
3775629,2021-01-24,37,FA Women's Super League,90,2020/2021,Regular Season,965,Brighton & Hove Albion WFC,746,Manchester City WFC,1,7,2024-08-05T15:21:53.703832
3775630,2021-03-07,37,FA Women's Super League,90,2020/2021,Regular Season,969,Birmingham City WFC,968,Arsenal WFC,0,4,2022-11-29T22:21:44.755825
3775631,2020-11-14,37,FA Women's Super League,90,2020/2021,Regular Season,973,Bristol City WFC,749,Tottenham Hotspur Women,2,2,2022-08-16T01:21:26.606630
3775632,2020-12-06,37,FA Women's Super League,90,2020/2021,Regular Season,967,Everton LFC,746,Manchester City WFC,0,3,2022-08-16T02:10:37.220648
3775633,2021-02-06,37,FA Women's Super League,90,2020/2021,Regular Season,2647,Aston Villa W,749,Tottenham Hotspur Women,1,0,2022-11-29T22:16:43.212186
3775634,2021-04-04,37,FA Women's Super League,90,2020/2021,Regular Season,967,Everton LFC,2647,Aston Villa W,3,1,2022-11-29T22:25:05.522984
3775635,2021-04-25,37,FA Women's Super League,90,2020/2021,Regular Season,972,West Ham United LFC,967,Everton LFC,0,0,2022-11-29T22:27:16.294492
3775636,2020-10-18,37,FA Women's Super League,90,2020/2021,Regular Season,973,Bristol City WFC,969,Birmingham City WFC,0,4,2021-07-01T18:03:38.571
3775637,2020-12-09,37,FA Women's Super League,90,2020/2021,Regular Season,973,Bristol City WFC,2647,Aston Villa W,0,4,2020-12-10T18:33:09.537423
3775638,2021-03-07,37,FA Women's Super League,90,2020/2021,Regular Season,965,Brighton & Hove Albion WFC,749,Tottenham Hotspur Women,2,0,2025-04-23T14:16:46.924831
3775639,2021-03-07,37,FA Women's Super League,90,2020/2021,Regular Season,746,Manchester City WFC,967,Everton LFC,1,0,2021-03-19T00:19:09.216903
3775640,2021-02-07,37,FA Women's Super League,90,2020/2021,Regular Season,1475,Manchester United W,974,Reading WFC,0,2,2026-04-12T16:27:13.550056
3775641,2020-11-14,37,FA Women's Super League,90,2020/2021,Regular Season,2647,Aston Villa W,969,Birmingham City WFC,0,1,2022-08-16T01:28:37.574255
3775642,2021-03-17,37,FA Women's Super League,90,2020/2021,Regular Season,2647,Aston Villa W,965,Brighton & Hove Albion WFC,0,2,2021-04-22T02:33:00.278027
3775643,2021-03-17,37,FA Women's Super League,90,2020/2021,Regular Season,972,West Ham United LFC,969,Birmingham City WFC,2,2,2021-04-28T07:08:31.975536
3775644,2020-10-10,37,FA Women's Super League,90,2020/2021,Regular Season,749,Tottenham Hotspur Women,1475,Manchester United W,0,1,2020-10-20T09:41:23.206437
3775645,2020-11-08,37,FA Women's Super League,90,2020/2021,Regular Season,971,Chelsea FCW,967,Everton LFC,4,0,2022-08-16T01:12:44.682721
3775646,2021-01-27,37,FA Women's Super League,90,2020/2021,Regular Season,2647,Aston Villa W,971,Chelsea FCW,0,4,2022-11-29T22:15:03.549698
3775647,2021-01-17,37,FA Women's Super League,90,2020/2021,Regular Season,969,Birmingham City WFC,965,Brighton & Hove Albion WFC,0,0,2022-11-29T22:12:34.559724
3775648,2021-02-28,37,FA Women's Super League,90,2020/2021,Regular Season,2647,Aston Villa W,968,Arsenal WFC,0,4,2022-11-29T22:20:07.837668
3775649,2021-04-03,37,FA Women's Super League,90,2020/2021,Regular Season,974,Reading WFC,972,West Ham United LFC,0,5,2021-04-04T12:19:09.184684
3775650,2020-12-06,37,FA Women's Super League,90,2020/2021,Regular Season,971,Chelsea FCW,972,West Ham United LFC,3,2,2022-08-16T02:00:15.668952
3775651,2021-01-31,37,FA Women's Super League,90,2020/2021,Regular Season,746,Manchester City WFC,972,West Ham United LFC,4,0,2021-05-28T15:28:39.548
3775652,2021-02-07,37,FA Women's Super League,90,2020/2021,Regular Season,971,Chelsea FCW,965,Brighton & Hove Albion WFC,1,2,2021-03-24T19:47:29.613646
3775653,2021-03-11,37,FA Women's Super League,90,2020/2021,Regular Season,969,Birmingham City WFC,967,Everton LFC,0,4,2021-04-28T07:08:31.975473
3775654,2021-03-28,37,FA Women's Super League,90,2020/2021,Regular Season,969,Birmingham City WFC,973,Bristol City WFC,1,1,2021-04-28T07:08:31.975507
3775655,2021-02-07,37,FA Women's Super League,90,2020/2021,Regular Season,972,West Ham United LFC,973,Bristol City WFC,1,1,2022-11-29T22:17:31.670875
3775657,2020-10-04,37,FA Women's Super League,90,2020/2021,Regular Season,968,Arsenal WFC,973,Bristol City WFC,3,1,2020-10-23T20:06:15.042022
3775658,2021-02-12,37,FA Women's Super League,90,2020/2021,Regular Season,746,Manchester City WFC,1475,Manchester United W,3,0,2022-11-29T22:18:25.113002
3775659,2020-10-18,37,FA Women's Super League,90,2020/2021,Regular Season,974,Reading WFC,746,Manchester City WFC,1,1,2020-10-26T20:03:27.221093
3912592,2023-10-01,37,FA Women's Super League,281,2023/2024,Regular Season,2647,Aston Villa W,1475,Manchester United W,1,2,2026-04-11T13:01:26.594754
3912593,2023-10-01,37,FA Women's Super League,281,2023/2024,Regular Season,972,West Ham United LFC,746,Manchester City WFC,0,2,2023-11-07T17:19:12.611871
3912594,2023-10-01,37,FA Women's Super League,281,2023/2024,Regular Season,973,Bristol City WFC,2652,Leicester City WFC,2,4,2023-11-01T12:55:08.492618
3912595,2023-10-01,37,FA Women's Super League,281,2023/2024,Regular Season,968,Arsenal WFC,966,Liverpool WFC,0,1,2023-10-19T05:08:35.770713
3912596,2023-10-01,37,FA Women's Super League,281,2023/2024,Regular Season,967,Everton LFC,965,Brighton & Hove Albion WFC,1,2,2023-10-13T03:43:54.780273
3912597,2023-10-01,37,FA Women's Super League,281,2023/2024,Regular Season,971,Chelsea FCW,749,Tottenham Hotspur Women,2,1,2023-10-28T21:43:41.494705
3912598,2023-10-06,37,FA Women's Super League,281,2023/2024,Regular Season,1475,Manchester United W,968,Arsenal WFC,2,2,2026-04-10T15:01:00.252681
3912599,2023-10-08,37,FA Women's Super League,281,2023/2024,Regular Season,965,Brighton & Hove Albion WFC,972,West Ham United LFC,0,2,2024-09-16T22:11:22.149833
3912600,2023-10-08,37,FA Women's Super League,281,2023/2024,Regular Season,746,Manchester City WFC,971,Chelsea FCW,1,1,2023-10-17T09:11:02.443248
3912601,2023-10-08,37,FA Women's Super League,281,2023/2024,Regular Season,749,Tottenham Hotspur Women,973,Bristol City WFC,3,1,2023-10-25T05:54:40.966354
3912602,2023-10-08,37,FA Women's Super League,281,2023/2024,Regular Season,2652,Leicester City WFC,967,Everton LFC,1,0,2023-10-09T11:04:52.742716
3912603,2023-10-08,37,FA Women's Super League,281,2023/2024,Regular Season,966,Liverpool WFC,2647,Aston Villa W,2,0,2026-04-07T09:07:42.899831
3913069,2023-10-14,37,FA Women's Super League,281,2023/2024,Regular Season,971,Chelsea FCW,972,West Ham United LFC,2,0,2024-09-29T03:35:40.096334
3913070,2023-10-15,37,FA Women's Super League,281,2023/2024,Regular Season,966,Liverpool WFC,967,Everton LFC,0,1,2023-11-07T16:30:19.771685
3913071,2023-10-15,37,FA Women's Super League,281,2023/2024,Regular Season,1475,Manchester United W,2652,Leicester City WFC,1,1,2026-04-10T15:02:09.351712
3913072,2023-10-15,37,FA Women's Super League,281,2023/2024,Regular Season,746,Manchester City WFC,973,Bristol City WFC,5,0,2023-10-29T03:46:07.617691
3913073,2023-10-15,37,FA Women's Super League,281,2023/2024,Regular Season,968,Arsenal WFC,2647,Aston Villa W,2,1,2026-04-07T09:08:40.259044
3913074,2023-10-15,37,FA Women's Super League,281,2023/2024,Regular Season,965,Brighton & Hove Albion WFC,749,Tottenham Hotspur Women,1,3,2023-10-16T09:22:59.616350
3913075,2023-10-21,37,FA Women's Super League,281,2023/2024,Regular Season,2647,Aston Villa W,749,Tottenham Hotspur Women,2,4,2026-04-07T09:09:44.991034
3913076,2023-10-21,37,FA Women's Super League,281,2023/2024,Regular Season,2652,Leicester City WFC,746,Manchester City WFC,0,1,2023-11-07T13:39:04.855186
3913077,2023-10-22,37,FA Women's Super League,281,2023/2024,Regular Season,971,Chelsea FCW,965,Brighton & Hove Albion WFC,4,2,2023-11-08T14:02:11.893328
3913078,2023-10-22,37,FA Women's Super League,281,2023/2024,Regular Season,967,Everton LFC,1475,Manchester United W,0,5,2026-04-11T13:02:25.254721
3913079,2023-10-22,37,FA Women's Super League,281,2023/2024,Regular Season,973,Bristol City WFC,968,Arsenal WFC,1,2,2024-08-05T15:32:12.040887
3913080,2023-10-22,37,FA Women's Super League,281,2023/2024,Regular Season,972,West Ham United LFC,966,Liverpool WFC,1,1,2023-11-22T13:35:18.295693
3913081,2023-11-04,37,FA Women's Super League,281,2023/2024,Regular Season,2647,Aston Villa W,971,Chelsea FCW,0,6,2026-04-07T09:10:43.540015
3913082,2023-11-05,37,FA Women's Super League,281,2023/2024,Regular Season,965,Brighton & Hove Albion WFC,1475,Manchester United W,2,2,2026-04-11T13:03:17.779673
3913083,2023-11-05,37,FA Women's Super League,281,2023/2024,Regular Season,968,Arsenal WFC,746,Manchester City WFC,2,1,2023-11-16T13:28:18.756388
3913084,2023-11-05,37,FA Women's Super League,281,2023/2024,Regular Season,966,Liverpool WFC,2652,Leicester City WFC,2,1,2023-11-06T13:02:06.531118
3913085,2023-11-05,37,FA Women's Super League,281,2023/2024,Regular Season,749,Tottenham Hotspur Women,967,Everton LFC,1,1,2023-11-28T14:52:41.441046
3913086,2023-11-05,37,FA Women's Super League,281,2023/2024,Regular Season,972,West Ham United LFC,973,Bristol City WFC,2,3,2023-11-18T11:25:32.095623
3913087,2023-11-12,37,FA Women's Super League,281,2023/2024,Regular Season,973,Bristol City WFC,2647,Aston Villa W,0,2,2026-04-07T09:11:43.913564
3913088,2023-11-12,37,FA Women's Super League,281,2023/2024,Regular Season,746,Manchester City WFC,965,Brighton & Hove Albion WFC,0,1,2023-12-02T08:59:10.530684
3913089,2023-11-12,37,FA Women's Super League,281,2023/2024,Regular Season,967,Everton LFC,971,Chelsea FCW,0,3,2023-11-13T09:09:16.066120
3913090,2023-11-12,37,FA Women's Super League,281,2023/2024,Regular Season,1475,Manchester United W,972,West Ham United LFC,5,0,2026-04-10T15:03:20.258456
3913091,2023-11-12,37,FA Women's Super League,281,2023/2024,Regular Season,2652,Leicester City WFC,968,Arsenal WFC,2,6,2023-11-13T15:40:23.507741
3913092,2023-11-12,37,FA Women's Super League,281,2023/2024,Regular Season,749,Tottenham Hotspur Women,966,Liverpool WFC,1,1,2023-11-13T06:24:34.288289
3913093,2023-11-18,37,FA Women's Super League,281,2023/2024,Regular Season,971,Chelsea FCW,966,Liverpool WFC,5,1,2023-12-02T07:13:55.995333
3913094,2023-11-19,37,FA Women's Super League,281,2023/2024,Regular Season,967,Everton LFC,973,Bristol City WFC,2,2,2023-11-20T08:47:12.178481
3913095,2023-11-19,37,FA Women's Super League,281,2023/2024,Regular Season,2652,Leicester City WFC,749,Tottenham Hotspur Women,1,1,2023-11-20T10:09:29.119493
3913096,2023-11-19,37,FA Women's Super League,281,2023/2024,Regular Season,972,West Ham United LFC,2647,Aston Villa W,2,3,2026-04-07T09:12:35.009560
3913097,2023-11-19,37,FA Women's Super League,281,2023/2024,Regular Season,965,Brighton & Hove Albion WFC,968,Arsenal WFC,0,3,2023-11-20T09:05:36.985423
3913098,2023-11-19,37,FA Women's Super League,281,2023/2024,Regular Season,1475,Manchester United W,746,Manchester City WFC,1,3,2026-04-10T15:04:24.769020
3913099,2023-11-26,37,FA Women's Super League,281,2023/2024,Regular Season,966,Liverpool WFC,965,Brighton & Hove Albion WFC,4,0,2023-11-27T14:06:16.886067
3913100,2023-11-26,37,FA Women's Super League,281,2023/2024,Regular Season,2647,Aston Villa W,967,Everton LFC,1,2,2026-04-07T09:15:59.351738
3913101,2023-11-26,37,FA Women's Super League,281,2023/2024,Regular Season,968,Arsenal WFC,972,West Ham United LFC,3,0,2023-12-05T16:48:21.817842
3913102,2023-11-26,37,FA Women's Super League,281,2023/2024,Regular Season,746,Manchester City WFC,749,Tottenham Hotspur Women,7,0,2024-01-30T13:41:13.866638
3913103,2023-11-26,37,FA Women's Super League,281,2023/2024,Regular Season,971,Chelsea FCW,2652,Leicester City WFC,5,2,2023-12-10T08:07:54.372804
3913104,2023-11-26,37,FA Women's Super League,281,2023/2024,Regular Season,973,Bristol City WFC,1475,Manchester United W,0,2,2026-04-11T13:04:11.590181
3913105,2023-12-10,37,FA Women's Super League,281,2023/2024,Regular Season,968,Arsenal WFC,971,Chelsea FCW,4,1,2023-12-10T23:49:48.330329
3913106,2023-12-10,37,FA Women's Super League,281,2023/2024,Regular Season,965,Brighton & Hove Albion WFC,2652,Leicester City WFC,2,2,2024-01-09T12:38:53.663080
3913107,2023-12-09,37,FA Women's Super League,281,2023/2024,Regular Season,746,Manchester City WFC,2647,Aston Villa W,2,1,2026-04-07T09:17:06.305626
3913108,2023-12-10,37,FA Women's Super League,281,2023/2024,Regular Season,966,Liverpool WFC,973,Bristol City WFC,1,1,2023-12-11T06:13:09.841130
3913109,2023-12-10,37,FA Women's Super League,281,2023/2024,Regular Season,749,Tottenham Hotspur Women,1475,Manchester United W,0,4,2026-04-11T13:05:10.794831
3913110,2023-12-10,37,FA Women's Super League,281,2023/2024,Regular Season,972,West Ham United LFC,967,Everton LFC,0,1,2024-01-09T12:37:48.161059
3913111,2023-12-17,37,FA Women's Super League,281,2023/2024,Regular Season,1475,Manchester United W,966,Liverpool WFC,1,2,2026-04-10T15:05:33.537754
3913112,2023-12-17,37,FA Women's Super League,281,2023/2024,Regular Season,973,Bristol City WFC,971,Chelsea FCW,0,3,2023-12-18T07:47:03.225421
3913113,2023-12-16,37,FA Women's Super League,281,2023/2024,Regular Season,749,Tottenham Hotspur Women,968,Arsenal WFC,1,0,2024-01-31T07:55:56.581300
3913114,2023-12-17,37,FA Women's Super League,281,2023/2024,Regular Season,2652,Leicester City WFC,972,West Ham United LFC,1,1,2023-12-21T04:37:10.111396
3913115,2023-12-17,37,FA Women's Super League,281,2023/2024,Regular Season,2647,Aston Villa W,965,Brighton & Hove Albion WFC,1,0,2026-04-07T09:21:38.794863
3913116,2023-12-17,37,FA Women's Super League,281,2023/2024,Regular Season,967,Everton LFC,746,Manchester City WFC,1,4,2023-12-30T11:44:26.000347
3913117,2024-01-20,37,FA Women's Super League,281,2023/2024,Regular Season,968,Arsenal WFC,967,Everton LFC,2,1,2024-01-21T04:26:43.026746
3913118,2024-01-21,37,FA Women's Super League,281,2023/2024,Regular Season,972,West Ham United LFC,749,Tottenham Hotspur Women,3,4,2024-02-02T16:05:33.488695
3913119,2024-01-19,37,FA Women's Super League,281,2023/2024,Regular Season,2652,Leicester City WFC,2647,Aston Villa W,0,1,2026-04-07T09:19:07.945262
3913120,2024-01-21,37,FA Women's Super League,281,2023/2024,Regular Season,746,Manchester City WFC,966,Liverpool WFC,5,1,2024-02-01T16:59:02.228549
3913121,2024-01-21,37,FA Women's Super League,281,2023/2024,Regular Season,971,Chelsea FCW,1475,Manchester United W,3,1,2026-04-11T12:57:50.478657
3913122,2024-01-21,37,FA Women's Super League,281,2023/2024,Regular Season,965,Brighton & Hove Albion WFC,973,Bristol City WFC,3,2,2024-02-01T21:23:27.134515
3913123,2024-01-27,37,FA Women's Super League,281,2023/2024,Regular Season,965,Brighton & Hove Albion WFC,971,Chelsea FCW,0,3,2024-01-28T15:09:39.561375
3913124,2024-01-28,37,FA Women's Super League,281,2023/2024,Regular Season,973,Bristol City WFC,972,West Ham United LFC,1,2,2024-02-09T00:16:55.010107
3913125,2024-01-28,37,FA Women's Super League,281,2023/2024,Regular Season,966,Liverpool WFC,968,Arsenal WFC,0,2,2024-02-14T19:44:00.726071
3913126,2024-01-28,37,FA Women's Super League,281,2023/2024,Regular Season,749,Tottenham Hotspur Women,746,Manchester City WFC,0,2,2024-02-21T19:55:53.109106
3913127,2024-01-28,37,FA Women's Super League,281,2023/2024,Regular Season,1475,Manchester United W,2647,Aston Villa W,2,1,2026-04-10T15:06:43.928933
3913128,2024-01-28,37,FA Women's Super League,281,2023/2024,Regular Season,967,Everton LFC,2652,Leicester City WFC,0,1,2024-01-29T05:48:06.816586
3913129,2024-02-03,37,FA Women's Super League,281,2023/2024,Regular Season,2647,Aston Villa W,973,Bristol City WFC,2,2,2026-04-07T09:21:10.710852
3913130,2024-02-04,37,FA Women's Super League,281,2023/2024,Regular Season,972,West Ham United LFC,968,Arsenal WFC,2,1,2024-02-05T01:26:53.280049
3913131,2024-02-04,37,FA Women's Super League,281,2023/2024,Regular Season,966,Liverpool WFC,749,Tottenham Hotspur Women,1,1,2024-08-05T15:31:16.544862
3913132,2024-02-04,37,FA Women's Super League,281,2023/2024,Regular Season,746,Manchester City WFC,2652,Leicester City WFC,2,0,2024-02-05T03:16:24.021012
3913133,2024-02-04,37,FA Women's Super League,281,2023/2024,Regular Season,1475,Manchester United W,965,Brighton & Hove Albion WFC,2,0,2026-04-10T14:58:42.959956
3913134,2024-02-04,37,FA Women's Super League,281,2023/2024,Regular Season,971,Chelsea FCW,967,Everton LFC,3,0,2025-11-21T05:11:31.248259
3913135,2024-02-17,37,FA Women's Super League,281,2023/2024,Regular Season,968,Arsenal WFC,1475,Manchester United W,3,1,2026-04-11T12:58:56.089880
3913136,2024-02-18,37,FA Women's Super League,281,2023/2024,Regular Season,967,Everton LFC,972,West Ham United LFC,2,0,2024-02-19T11:55:45.434784
3913137,2024-02-18,37,FA Women's Super League,281,2023/2024,Regular Season,965,Brighton & Hove Albion WFC,966,Liverpool WFC,0,1,2024-08-05T15:13:48.545925
3913138,2024-02-16,37,FA Women's Super League,281,2023/2024,Regular Season,971,Chelsea FCW,746,Manchester City WFC,0,1,2024-06-12T23:01:35.873397
3913139,2024-02-18,37,FA Women's Super League,281,2023/2024,Regular Season,749,Tottenham Hotspur Women,2647,Aston Villa W,1,2,2026-04-07T09:22:18.202184
3913140,2024-02-18,37,FA Women's Super League,281,2023/2024,Regular Season,2652,Leicester City WFC,973,Bristol City WFC,5,2,2024-02-19T07:19:07.567707
3913141,2024-03-03,37,FA Women's Super League,281,2023/2024,Regular Season,2647,Aston Villa W,966,Liverpool WFC,1,4,2026-04-07T09:43:57.736155
3913142,2024-03-03,37,FA Women's Super League,281,2023/2024,Regular Season,968,Arsenal WFC,749,Tottenham Hotspur Women,1,0,2024-07-27T19:44:44.103443
3913143,2024-03-02,37,FA Women's Super League,281,2023/2024,Regular Season,746,Manchester City WFC,967,Everton LFC,2,1,2024-03-15T07:22:31.723985
3913144,2024-03-03,37,FA Women's Super League,281,2023/2024,Regular Season,972,West Ham United LFC,1475,Manchester United W,1,1,2026-04-11T13:00:04.271777
3913145,2024-03-03,37,FA Women's Super League,281,2023/2024,Regular Season,2652,Leicester City WFC,971,Chelsea FCW,0,4,2024-03-04T06:58:07.723832
3913146,2024-03-03,37,FA Women's Super League,281,2023/2024,Regular Season,973,Bristol City WFC,965,Brighton & Hove Albion WFC,3,7,2024-03-14T21:42:22.763480
3913147,2024-03-16,37,FA Women's Super League,281,2023/2024,Regular Season,967,Everton LFC,2647,Aston Villa W,1,2,2026-04-07T09:24:28.760809
3913148,2024-03-17,37,FA Women's Super League,281,2023/2024,Regular Season,966,Liverpool WFC,972,West Ham United LFC,3,1,2024-03-18T10:42:58.923205
3913149,2024-03-17,37,FA Women's Super League,281,2023/2024,Regular Season,749,Tottenham Hotspur Women,2652,Leicester City WFC,1,0,2024-03-18T03:04:22.403733
3913150,2024-03-17,37,FA Women's Super League,281,2023/2024,Regular Season,965,Brighton & Hove Albion WFC,746,Manchester City WFC,1,4,2024-03-18T01:07:43.821456
3913151,2024-03-17,37,FA Women's Super League,281,2023/2024,Regular Season,1475,Manchester United W,973,Bristol City WFC,2,0,2026-04-10T14:59:44.017831
3913152,2024-03-15,37,FA Women's Super League,281,2023/2024,Regular Season,971,Chelsea FCW,968,Arsenal WFC,3,1,2024-03-16T09:32:32.878694
3913153,2024-03-24,37,FA Women's Super League,281,2023/2024,Regular Season,967,Everton LFC,966,Liverpool WFC,0,0,2024-03-25T08:36:29.992672
3913154,2024-03-24,37,FA Women's Super League,281,2023/2024,Regular Season,973,Bristol City WFC,749,Tottenham Hotspur Women,0,1,2024-08-05T15:28:45.960243
3913155,2024-03-23,37,FA Women's Super League,281,2023/2024,Regular Season,746,Manchester City WFC,1475,Manchester United W,3,1,2026-04-11T13:01:12.427016
3913156,2024-03-24,37,FA Women's Super League,281,2023/2024,Regular Season,2647,Aston Villa W,968,Arsenal WFC,1,3,2026-04-07T09:25:36.494351
3913157,2024-03-24,37,FA Women's Super League,281,2023/2024,Regular Season,2652,Leicester City WFC,965,Brighton & Hove Albion WFC,2,3,2024-04-06T12:18:58.539408
3913158,2024-03-24,37,FA Women's Super League,281,2023/2024,Regular Season,972,West Ham United LFC,971,Chelsea FCW,0,2,2024-07-25T19:20:45.497719
3913159,2024-03-30,37,FA Women's Super League,281,2023/2024,Regular Season,2647,Aston Villa W,2652,Leicester City WFC,2,2,2026-04-07T09:15:50.767016
3913160,2024-04-14,37,FA Women's Super League,281,2023/2024,Regular Season,968,Arsenal WFC,973,Bristol City WFC,5,0,2024-05-21T10:29:35.708538
3913161,2024-03-31,37,FA Women's Super League,281,2023/2024,Regular Season,1475,Manchester United W,967,Everton LFC,4,1,2026-04-10T15:00:57.657402
3913162,2024-03-30,37,FA Women's Super League,281,2023/2024,Regular Season,966,Liverpool WFC,746,Manchester City WFC,1,4,2024-03-31T07:19:09.008665
3913163,2024-05-15,37,FA Women's Super League,281,2023/2024,Regular Season,749,Tottenham Hotspur Women,971,Chelsea FCW,0,1,2024-05-28T19:21:16.912378
3913164,2024-03-31,37,FA Women's Super League,281,2023/2024,Regular Season,972,West Ham United LFC,965,Brighton & Hove Albion WFC,0,0,2024-04-01T04:35:15.914936
3913165,2024-04-17,37,FA Women's Super League,281,2023/2024,Regular Season,971,Chelsea FCW,2647,Aston Villa W,3,0,2026-04-07T09:16:42.221516
3913166,2024-04-19,37,FA Women's Super League,281,2023/2024,Regular Season,965,Brighton & Hove Albion WFC,967,Everton LFC,1,2,2024-04-20T05:50:54.030450
3913167,2024-04-21,37,FA Women's Super League,281,2023/2024,Regular Season,1475,Manchester United W,749,Tottenham Hotspur Women,2,2,2026-04-10T15:02:10.119805
3913168,2024-04-21,37,FA Women's Super League,281,2023/2024,Regular Season,746,Manchester City WFC,972,West Ham United LFC,5,0,2024-04-22T05:59:14.405042
3913169,2024-04-21,37,FA Women's Super League,281,2023/2024,Regular Season,968,Arsenal WFC,2652,Leicester City WFC,3,0,2024-04-22T10:59:28.536246
3913170,2024-04-20,37,FA Women's Super League,281,2023/2024,Regular Season,973,Bristol City WFC,966,Liverpool WFC,0,1,2024-04-20T23:16:27.800859
3913171,2024-04-28,37,FA Women's Super League,281,2023/2024,Regular Season,2652,Leicester City WFC,1475,Manchester United W,0,1,2026-04-11T13:02:22.348528
3913172,2024-04-28,37,FA Women's Super League,281,2023/2024,Regular Season,749,Tottenham Hotspur Women,965,Brighton & Hove Albion WFC,1,1,2024-06-13T02:55:15.249174
3913173,2024-05-01,37,FA Women's Super League,281,2023/2024,Regular Season,966,Liverpool WFC,971,Chelsea FCW,4,3,2024-05-28T12:51:31.458313
3913174,2024-04-28,37,FA Women's Super League,281,2023/2024,Regular Season,973,Bristol City WFC,746,Manchester City WFC,0,4,2024-07-23T04:59:14.225495
3913175,2024-04-28,37,FA Women's Super League,281,2023/2024,Regular Season,2647,Aston Villa W,972,West Ham United LFC,1,1,2026-04-07T09:17:31.343400
3913176,2024-04-28,37,FA Women's Super League,281,2023/2024,Regular Season,967,Everton LFC,968,Arsenal WFC,1,1,2024-06-09T23:09:53.120448
3913177,2024-05-05,37,FA Women's Super League,281,2023/2024,Regular Season,746,Manchester City WFC,968,Arsenal WFC,1,2,2024-05-07T14:31:18.298854
3913178,2024-05-05,37,FA Women's Super League,281,2023/2024,Regular Season,972,West Ham United LFC,2652,Leicester City WFC,1,1,2024-05-08T15:37:22.614788
3913179,2024-05-05,37,FA Women's Super League,281,2023/2024,Regular Season,966,Liverpool WFC,1475,Manchester United W,1,0,2026-04-11T13:03:26.459277
3913180,2024-05-05,37,FA Women's Super League,281,2023/2024,Regular Season,971,Chelsea FCW,973,Bristol City WFC,8,0,2024-05-09T12:50:05.609782
3913181,2024-05-04,37,FA Women's Super League,281,2023/2024,Regular Season,967,Everton LFC,749,Tottenham Hotspur Women,2,2,2024-05-08T23:55:40.299678
3913182,2024-05-04,37,FA Women's Super League,281,2023/2024,Regular Season,965,Brighton & Hove Albion WFC,2647,Aston Villa W,0,1,2026-04-07T09:22:32.610664
3913183,2024-05-18,37,FA Women's Super League,281,2023/2024,Regular Season,973,Bristol City WFC,967,Everton LFC,0,4,2024-05-20T15:25:14.674634
3913184,2024-05-18,37,FA Women's Super League,281,2023/2024,Regular Season,2647,Aston Villa W,746,Manchester City WFC,1,2,2026-04-07T09:19:11.751587
3913185,2024-05-18,37,FA Women's Super League,281,2023/2024,Regular Season,968,Arsenal WFC,965,Brighton & Hove Albion WFC,5,0,2024-05-19T23:05:02.821062
3913186,2024-05-18,37,FA Women's Super League,281,2023/2024,Regular Season,2652,Leicester City WFC,966,Liverpool WFC,0,4,2024-05-20T10:08:23.924222
3913187,2024-05-18,37,FA Women's Super League,281,2023/2024,Regular Season,1475,Manchester United W,971,Chelsea FCW,0,6,2026-04-10T15:03:13.448306
3913188,2024-05-18,37,FA Women's Super League,281,2023/2024,Regular Season,749,Tottenham Hotspur Women,972,West Ham United LFC,3,1,2024-05-19T16:23:05.034897
7525,2018-06-14,43,FIFA World Cup,3,2018,Group Stage,796,Russia,799,Saudi Arabia,5,0,2026-05-15T15:35:41.309230
7529,2018-06-16,43,FIFA World Cup,3,2018,Group Stage,785,Croatia,775,Nigeria,2,0,2026-05-15T15:31:49.325140
7530,2018-06-16,43,FIFA World Cup,3,2018,Group Stage,771,France,792,Australia,2,1,2026-05-15T15:33:59.845925
7531,2018-06-16,43,FIFA World Cup,3,2018,Group Stage,779,Argentina,793,Iceland,1,1,2026-05-15T15:32:53.555074
7532,2018-06-16,43,FIFA World Cup,3,2018,Group Stage,784,Peru,776,Denmark,0,1,2024-06-04T10:49:59.264411
7533,2018-06-17,43,FIFA World Cup,3,2018,Group Stage,781,Brazil,773,Switzerland,1,1,2026-05-15T09:48:30.424202
7534,2018-06-17,43,FIFA World Cup,3,2018,Group Stage,770,Germany,794,Mexico,0,1,2026-05-15T15:35:04.184826
7535,2018-06-17,43,FIFA World Cup,3,2018,Group Stage,795,Costa Rica,786,Serbia,0,1,2026-05-15T09:47:17.364975
7536,2018-06-18,43,FIFA World Cup,3,2018,Group Stage,782,Belgium,798,Panama,3,0,2026-05-15T15:36:57.376541
7537,2018-06-18,43,FIFA World Cup,3,2018,Group Stage,777,Tunisia,768,England,1,2,2026-05-15T15:37:59.092817
7538,2018-06-18,43,FIFA World Cup,3,2018,Group Stage,790,Sweden,791,South Korea,1,0,2026-05-15T15:35:58.346952
7539,2018-06-19,43,FIFA World Cup,3,2018,Group Stage,789,Poland,787,Senegal,1,2,2026-05-15T15:39:59.042458
7540,2018-06-19,43,FIFA World Cup,3,2018,Group Stage,796,Russia,774,Egypt,3,1,2026-05-15T15:38:56.623865
7541,2018-06-19,43,FIFA World Cup,3,2018,Group Stage,769,Colombia,778,Japan,1,2,2026-05-15T09:49:38.050522
7542,2018-06-20,43,FIFA World Cup,3,2018,Group Stage,780,Portugal,788,Morocco,1,0,2026-05-15T15:33:35.387529
7543,2018-06-20,43,FIFA World Cup,3,2018,Group Stage,797,Iran,772,Spain,0,1,2026-05-15T15:34:34.108660
7544,2018-06-20,43,FIFA World Cup,3,2018,Group Stage,783,Uruguay,799,Saudi Arabia,1,0,2026-05-15T15:32:42.065560
7545,2018-06-21,43,FIFA World Cup,3,2018,Group Stage,779,Argentina,785,Croatia,0,3,2026-05-15T15:36:23.908574
7546,2018-06-21,43,FIFA World Cup,3,2018,Group Stage,771,France,784,Peru,1,0,2026-05-15T15:37:28.413488
7547,2018-06-21,43,FIFA World Cup,3,2018,Group Stage,776,Denmark,792,Australia,1,1,2026-05-15T15:35:26.306517
7548,2018-06-22,43,FIFA World Cup,3,2018,Group Stage,781,Brazil,795,Costa Rica,2,0,2026-05-15T09:50:48.136532
7549,2018-06-22,43,FIFA World Cup,3,2018,Group Stage,775,Nigeria,793,Iceland,2,0,2024-06-04T10:54:06.862960
7550,2018-06-22,43,FIFA World Cup,3,2018,Group Stage,786,Serbia,773,Switzerland,1,2,2026-05-15T15:38:23.546532
7551,2018-06-23,43,FIFA World Cup,3,2018,Group Stage,770,Germany,790,Sweden,2,1,2026-05-15T15:40:18.867219
7552,2018-06-23,43,FIFA World Cup,3,2018,Group Stage,782,Belgium,777,Tunisia,5,2,2026-05-15T15:39:24.026282
7553,2018-06-23,43,FIFA World Cup,3,2018,Group Stage,791,South Korea,794,Mexico,1,2,2026-05-15T15:41:09.774288
7554,2018-06-24,43,FIFA World Cup,3,2018,Group Stage,768,England,798,Panama,6,1,2026-05-15T15:40:36.254491
7555,2018-06-24,43,FIFA World Cup,3,2018,Group Stage,789,Poland,769,Colombia,0,3,2026-05-15T15:39:31.053188
7556,2018-06-24,43,FIFA World Cup,3,2018,Group Stage,778,Japan,787,Senegal,2,2,2026-05-15T15:38:27.689229
7557,2018-06-25,43,FIFA World Cup,3,2018,Group Stage,797,Iran,780,Portugal,1,1,2026-05-15T15:42:29.037684
7558,2018-06-25,43,FIFA World Cup,3,2018,Group Stage,783,Uruguay,796,Russia,3,0,2026-05-15T15:44:32.297185
7559,2018-06-25,43,FIFA World Cup,3,2018,Group Stage,799,Saudi Arabia,774,Egypt,2,1,2026-05-15T15:43:34.032772
7560,2018-06-25,43,FIFA World Cup,3,2018,Group Stage,772,Spain,788,Morocco,2,2,2026-05-15T15:41:33.274970
7561,2018-06-26,43,FIFA World Cup,3,2018,Group Stage,793,Iceland,785,Croatia,1,2,2026-05-15T15:47:19.647048
7562,2018-06-26,43,FIFA World Cup,3,2018,Group Stage,792,Australia,784,Peru,0,2,2026-05-15T15:38:44.626404
7563,2018-06-26,43,FIFA World Cup,3,2018,Group Stage,776,Denmark,771,France,0,0,2026-05-15T15:45:28.385823
7564,2018-06-26,43,FIFA World Cup,3,2018,Group Stage,775,Nigeria,779,Argentina,1,2,2026-05-15T15:46:26.549220
7565,2018-06-27,43,FIFA World Cup,3,2018,Group Stage,786,Serbia,781,Brazil,0,2,2026-05-15T15:39:49.097423
7566,2018-06-27,43,FIFA World Cup,3,2018,Group Stage,794,Mexico,790,Sweden,0,3,2026-05-15T15:40:38.273729
7567,2018-06-27,43,FIFA World Cup,3,2018,Group Stage,791,South Korea,770,Germany,2,0,2026-05-15T15:42:32.516129
7568,2018-06-27,43,FIFA World Cup,3,2018,Group Stage,773,Switzerland,795,Costa Rica,2,2,2026-05-15T15:41:35.877377
7569,2018-06-28,43,FIFA World Cup,3,2018,Group Stage,798,Panama,777,Tunisia,1,2,2026-05-15T15:43:24.963873
7570,2018-06-28,43,FIFA World Cup,3,2018,Group Stage,768,England,782,Belgium,0,1,2026-05-15T15:46:19.062591
7571,2018-06-28,43,FIFA World Cup,3,2018,Group Stage,787,Senegal,769,Colombia,0,1,2026-05-15T15:45:15.674536
7572,2018-06-28,43,FIFA World Cup,3,2018,Group Stage,778,Japan,789,Poland,0,1,2026-05-15T15:44:28.717189
7576,2018-06-15,43,FIFA World Cup,3,2018,Group Stage,780,Portugal,772,Spain,3,3,2026-05-15T15:30:55.089915
7577,2018-06-15,43,FIFA World Cup,3,2018,Group Stage,788,Morocco,797,Iran,0,1,2026-05-15T15:37:37.344535
7578,2018-06-15,43,FIFA World Cup,3,2018,Group Stage,774,Egypt,783,Uruguay,0,1,2026-05-15T15:36:43.325339
7579,2018-06-30,43,FIFA World Cup,3,2018,Round of 16,783,Uruguay,780,Portugal,2,1,2026-05-15T15:47:14.682551
7580,2018-06-30,43,FIFA World Cup,3,2018,Round of 16,771,France,779,Argentina,4,3,2026-05-15T15:39:23.000744
7581,2018-07-01,43,FIFA World Cup,3,2018,Round of 16,785,Croatia,776,Denmark,1,1,2026-05-15T15:40:37.131942
7582,2018-07-01,43,FIFA World Cup,3,2018,Round of 16,772,Spain,796,Russia,1,1,2026-05-15T15:41:51.234457
7583,2018-07-02,43,FIFA World Cup,3,2018,Round of 16,781,Brazil,794,Mexico,2,0,2026-05-15T09:51:51.585703
7584,2018-07-02,43,FIFA World Cup,3,2018,Round of 16,782,Belgium,778,Japan,3,2,2026-05-15T15:42:46.319084
7585,2018-07-03,43,FIFA World Cup,3,2018,Round of 16,769,Colombia,768,England,1,1,2023-07-24T13:06:27.791230
7586,2018-07-03,43,FIFA World Cup,3,2018,Round of 16,790,Sweden,773,Switzerland,1,0,2026-05-15T15:43:40.477182
8649,2018-07-06,43,FIFA World Cup,3,2018,Quarter-finals,783,Uruguay,771,France,0,2,2026-05-15T15:45:29.598530
8650,2018-07-06,43,FIFA World Cup,3,2018,Quarter-finals,781,Brazil,782,Belgium,1,2,2026-05-15T15:44:36.027327
8651,2018-07-07,43,FIFA World Cup,3,2018,Quarter-finals,790,Sweden,768,England,0,2,2026-05-15T15:47:23.067546
8652,2018-07-07,43,FIFA World Cup,3,2018,Quarter-finals,796,Russia,785,Croatia,2,2,2026-05-15T15:46:34.001155
8655,2018-07-10,43,FIFA World Cup,3,2018,Semi-finals,771,France,782,Belgium,1,0,2026-05-15T15:48:12.789440
8656,2018-07-11,43,FIFA World Cup,3,2018,Semi-finals,785,Croatia,768,England,2,1,2026-05-15T15:41:07.501177
8657,2018-07-14,43,FIFA World Cup,3,2018,3rd Place Final,782,Belgium,768,England,2,0,2024-02-12T12:31:05.940910
8658,2018-07-15,43,FIFA World Cup,3,2018,Final,771,France,785,Croatia,4,2,2024-02-12T12:31:56.821876
3750180,1974-06-22,43,FIFA World Cup,51,1974,1st Group Stage,2721,German DR,770,Germany,1,0,2026-05-15T02:20:43.439689
3888716,1974-06-19,43,FIFA World Cup,51,1974,1st Group Stage,941,Netherlands,790,Sweden,0,0,2023-06-09T14:56:42.864610
3888717,1974-06-26,43,FIFA World Cup,51,1974,1st Group Stage,941,Netherlands,779,Argentina,4,0,2026-05-04T01:26:34.087950
3888718,1974-06-30,43,FIFA World Cup,51,1974,1st Group Stage,2721,German DR,941,Netherlands,0,2,2026-05-04T01:27:30.815702
3888719,1974-07-03,43,FIFA World Cup,51,1974,1st Group Stage,941,Netherlands,781,Brazil,2,0,2026-05-04T01:28:25.136220
3888720,1974-07-07,43,FIFA World Cup,51,1974,Final,941,Netherlands,770,Germany,1,2,2024-02-13T02:52:29.582599
3750191,1986-06-22,43,FIFA World Cup,54,1986,Quarter-finals,779,Argentina,768,England,2,1,2023-06-28T10:54:22.856220
3889148,1986-06-25,43,FIFA World Cup,54,1986,Semi-finals,779,Argentina,782,Belgium,2,0,2026-05-04T01:29:33.769082
3889149,1986-06-29,43,FIFA World Cup,54,1986,Semi-finals,779,Argentina,770,Germany,3,2,2026-05-04T01:30:23.212111
3793185,1990-06-24,43,FIFA World Cup,55,1990,Round of 16,781,Brazil,779,Argentina,0,1,2023-06-28T10:58:20.137929
3857254,2022-11-22,43,FIFA World Cup,106,2022,Group Stage,776,Denmark,777,Tunisia,0,0,2026-05-04T01:41:55.231447
3857255,2022-12-01,43,FIFA World Cup,106,2022,Group Stage,778,Japan,772,Spain,2,1,2026-05-04T01:42:55.630428
3857256,2022-12-02,43,FIFA World Cup,106,2022,Group Stage,786,Serbia,773,Switzerland,2,3,2026-05-03T16:13:42.681786
3857257,2022-11-30,43,FIFA World Cup,106,2022,Group Stage,792,Australia,776,Denmark,1,0,2026-05-04T01:41:43.045239
3857258,2022-11-24,43,FIFA World Cup,106,2022,Group Stage,781,Brazil,786,Serbia,2,0,2026-05-03T15:37:32.723849
3857259,2022-11-28,43,FIFA World Cup,106,2022,Group Stage,2722,Cameroon,786,Serbia,3,3,2026-05-03T15:40:54.036463
3857260,2022-11-30,43,FIFA World Cup,106,2022,Group Stage,799,Saudi Arabia,794,Mexico,1,2,2026-05-03T16:10:45.589086
3857261,2022-11-29,43,FIFA World Cup,106,2022,Group Stage,907,Wales,768,England,0,3,2026-05-03T16:09:55.338260
3857262,2022-12-02,43,FIFA World Cup,106,2022,Group Stage,791,South Korea,780,Portugal,2,1,2026-05-03T16:05:21.572751
3857263,2022-11-27,43,FIFA World Cup,106,2022,Group Stage,772,Spain,770,Germany,1,1,2026-05-03T16:07:06.421378
3857264,2022-11-30,43,FIFA World Cup,106,2022,Group Stage,789,Poland,779,Argentina,0,2,2026-05-03T16:11:49.934680
3857265,2022-11-22,43,FIFA World Cup,106,2022,Group Stage,794,Mexico,789,Poland,0,0,2026-05-04T01:43:48.794701
3857266,2022-11-26,43,FIFA World Cup,106,2022,Group Stage,771,France,776,Denmark,2,1,2026-05-04T01:44:03.946401
3857267,2022-11-29,43,FIFA World Cup,106,2022,Group Stage,3565,Ecuador,787,Senegal,1,2,2026-05-04T01:48:57.914346
3857268,2022-11-23,43,FIFA World Cup,106,2022,Group Stage,782,Belgium,1833,Canada,1,0,2026-05-03T15:36:23.883803
3857269,2022-11-28,43,FIFA World Cup,106,2022,Group Stage,781,Brazil,773,Switzerland,1,0,2026-05-03T15:39:50.454624
3857270,2022-11-28,43,FIFA World Cup,106,2022,Group Stage,780,Portugal,783,Uruguay,2,0,2026-05-03T16:08:58.928274
3857271,2022-11-21,43,FIFA World Cup,106,2022,Group Stage,768,England,797,Iran,6,2,2026-05-04T01:40:47.671394
3857272,2022-11-25,43,FIFA World Cup,106,2022,Group Stage,768,England,1839,United States,0,0,2026-05-04T01:42:01.934187
3857273,2022-11-25,43,FIFA World Cup,106,2022,Group Stage,907,Wales,797,Iran,0,2,2026-05-03T16:13:23.239106
3857274,2022-11-25,43,FIFA World Cup,106,2022,Group Stage,941,Netherlands,3565,Ecuador,1,1,2026-05-04T01:43:00.444702
3857275,2022-11-30,43,FIFA World Cup,106,2022,Group Stage,777,Tunisia,771,France,1,0,2026-05-03T16:12:47.832747
3857276,2022-12-01,43,FIFA World Cup,106,2022,Group Stage,1833,Canada,788,Morocco,1,2,2026-05-04T01:46:04.664252
3857277,2022-11-23,43,FIFA World Cup,106,2022,Group Stage,788,Morocco,785,Croatia,0,0,2026-05-04T01:40:05.637036
3857278,2022-11-29,43,FIFA World Cup,106,2022,Group Stage,797,Iran,1839,United States,0,1,2026-05-04T01:40:40.663357
3857279,2022-11-22,43,FIFA World Cup,106,2022,Group Stage,771,France,792,Australia,4,1,2026-05-04T01:44:53.405576
3857280,2022-12-02,43,FIFA World Cup,106,2022,Group Stage,2722,Cameroon,781,Brazil,1,0,2026-05-03T15:41:58.839286
3857281,2022-11-27,43,FIFA World Cup,106,2022,Group Stage,785,Croatia,1833,Canada,4,1,2026-05-04T01:47:00.853566
3857282,2022-11-21,43,FIFA World Cup,106,2022,Group Stage,1839,United States,907,Wales,1,1,2026-05-03T16:06:35.237994
3857283,2022-11-27,43,FIFA World Cup,106,2022,Group Stage,782,Belgium,788,Morocco,0,2,2026-05-03T15:38:39.723735
3857284,2022-11-23,43,FIFA World Cup,106,2022,Group Stage,770,Germany,778,Japan,1,2,2026-05-04T01:41:05.435
3857285,2022-11-21,43,FIFA World Cup,106,2022,Group Stage,787,Senegal,941,Netherlands,0,2,2026-05-03T16:07:28.656580
3857286,2022-11-20,43,FIFA World Cup,106,2022,Group Stage,3566,Qatar,3565,Ecuador,0,2,2026-05-03T16:05:33.394676
3857287,2022-11-24,43,FIFA World Cup,106,2022,Group Stage,783,Uruguay,791,South Korea,0,0,2026-05-03T16:10:31.253448
3857288,2022-11-26,43,FIFA World Cup,106,2022,Group Stage,777,Tunisia,792,Australia,0,1,2026-05-03T16:06:07.859490
3857289,2022-11-26,43,FIFA World Cup,106,2022,Group Stage,779,Argentina,794,Mexico,2,0,2026-05-04T01:44:58.471722
3857290,2022-11-24,43,FIFA World Cup,106,2022,Group Stage,773,Switzerland,2722,Cameroon,1,0,2026-05-03T16:09:36.189321
3857291,2022-11-23,43,FIFA World Cup,106,2022,Group Stage,772,Spain,795,Costa Rica,7,0,2026-05-03T16:08:38.580488
3857292,2022-12-01,43,FIFA World Cup,106,2022,Group Stage,795,Costa Rica,770,Germany,2,4,2026-05-04T01:45:05.896715
3857293,2022-12-02,43,FIFA World Cup,106,2022,Group Stage,4885,Ghana,783,Uruguay,0,2,2026-05-04T01:47:06.968111
3857294,2022-11-29,43,FIFA World Cup,106,2022,Group Stage,941,Netherlands,3566,Qatar,2,0,2026-05-04T01:48:11.663054
3857295,2022-11-27,43,FIFA World Cup,106,2022,Group Stage,778,Japan,795,Costa Rica,0,1,2026-05-04T01:46:01.531091
3857296,2022-12-01,43,FIFA World Cup,106,2022,Group Stage,785,Croatia,782,Belgium,0,0,2026-05-04T01:44:02.255386
3857297,2022-11-26,43,FIFA World Cup,106,2022,Group Stage,789,Poland,799,Saudi Arabia,2,0,2026-05-03T16:05:12.945735
3857298,2022-11-24,43,FIFA World Cup,106,2022,Group Stage,780,Portugal,4885,Ghana,3,2,2026-05-03T16:11:32.370436
3857299,2022-11-28,43,FIFA World Cup,106,2022,Group Stage,791,South Korea,4885,Ghana,2,3,2026-05-03T16:08:02.234658
3857300,2022-11-22,43,FIFA World Cup,106,2022,Group Stage,779,Argentina,799,Saudi Arabia,1,2,2026-05-04T01:42:53.551210
3857301,2022-11-25,43,FIFA World Cup,106,2022,Group Stage,3566,Qatar,787,Senegal,1,3,2026-05-03T16:12:29.804835
3869117,2022-12-03,43,FIFA World Cup,106,2022,Round of 16,941,Netherlands,1839,United States,3,1,2023-03-19T06:42:53.735484
3869118,2022-12-04,43,FIFA World Cup,106,2022,Round of 16,768,England,787,Senegal,3,0,2023-07-15T22:01:09.812380
3869151,2022-12-03,43,FIFA World Cup,106,2022,Round of 16,779,Argentina,792,Australia,2,1,2023-10-15T16:39:52.237396
3869152,2022-12-04,43,FIFA World Cup,106,2022,Round of 16,771,France,789,Poland,3,1,2023-03-29T17:33:46.676666
3869219,2022-12-05,43,FIFA World Cup,106,2022,Round of 16,778,Japan,785,Croatia,1,1,2023-03-18T12:56:12.567784
3869220,2022-12-06,43,FIFA World Cup,106,2022,Round of 16,788,Morocco,772,Spain,0,0,2024-02-06T16:35:08.292898
3869253,2022-12-05,43,FIFA World Cup,106,2022,Round of 16,781,Brazil,791,South Korea,4,1,2023-06-06T07:12:35.194539
3869254,2022-12-06,43,FIFA World Cup,106,2022,Round of 16,780,Portugal,773,Switzerland,6,1,2023-10-31T08:50:23.629502
3869321,2022-12-09,43,FIFA World Cup,106,2022,Quarter-finals,941,Netherlands,779,Argentina,2,2,2025-09-04T17:24:28.888436
3869354,2022-12-10,43,FIFA World Cup,106,2022,Quarter-finals,768,England,771,France,1,2,2023-03-21T07:09:52.867230
3869420,2022-12-09,43,FIFA World Cup,106,2022,Quarter-finals,785,Croatia,781,Brazil,1,1,2023-04-19T06:28:33.041249
3869486,2022-12-10,43,FIFA World Cup,106,2022,Quarter-finals,788,Morocco,780,Portugal,1,0,2024-02-06T16:35:57.395966
3869519,2022-12-13,43,FIFA World Cup,106,2022,Semi-finals,779,Argentina,785,Croatia,3,0,2023-04-19T06:53:52.197711
3869552,2022-12-14,43,FIFA World Cup,106,2022,Semi-finals,771,France,788,Morocco,2,0,2024-02-06T16:36:46.784457
3869684,2022-12-17,43,FIFA World Cup,106,2022,3rd Place Final,785,Croatia,788,Morocco,2,1,2024-02-13T13:43:25.154307
3869685,2022-12-18,43,FIFA World Cup,106,2022,Final,779,Argentina,771,France,3,3,2024-12-16T10:15:11.055845
3888704,1958-06-24,43,FIFA World Cup,269,1958,Semi-finals,781,Brazil,771,France,5,2,2026-05-04T02:02:41.853159
3888705,1958-06-29,43,FIFA World Cup,269,1958,Final,781,Brazil,790,Sweden,5,2,2024-02-13T14:22:08.222297
3888854,1962-05-30,43,FIFA World Cup,270,1962,Group Stage,781,Brazil,794,Mexico,2,0,2026-05-04T02:05:35.653887
3888699,1970-06-03,43,FIFA World Cup,272,1970,Group Stage,781,Brazil,17469,Czechoslovakia,4,1,2026-05-04T02:05:17.104763
3888700,1970-06-07,43,FIFA World Cup,272,1970,Group Stage,781,Brazil,768,England,1,0,2026-05-04T02:06:17.616017
3888701,1970-06-17,43,FIFA World Cup,272,1970,Semi-finals,781,Brazil,783,Uruguay,3,1,2026-05-04T02:09:10.916859
3888702,1970-06-21,43,FIFA World Cup,272,1970,Final,781,Brazil,914,Italy,4,1,2024-02-13T14:23:06.735299
3889217,1970-06-09,43,FIFA World Cup,272,1970,Group Stage,781,Brazil,905,Romania,3,2,2026-05-04T02:07:16.343033
3889218,1970-06-14,43,FIFA World Cup,272,1970,Quarter-finals,781,Brazil,784,Peru,4,2,2026-05-04T02:08:18.693804
3877060,2023-08-27,44,Major League Soccer,107,2023,Regular Season,387,New York Red Bulls,1975,Inter Miami,0,2,2023-10-29T03:04:09.326416
3877072,2023-08-31,44,Major League Soccer,107,2023,Regular Season,1975,Inter Miami,1938,Nashville SC,0,0,2023-10-28T16:39:19.093984
3877090,2023-09-04,44,Major League Soccer,107,2023,Regular Season,919,LAFC,1975,Inter Miami,1,3,2023-10-30T03:22:11.726437
3877115,2023-09-21,44,Major League Soccer,107,2023,Regular Season,1975,Inter Miami,575,Toronto FC,4,0,2024-07-29T09:07:34.165870
3877170,2023-10-08,44,Major League Soccer,107,2023,Regular Season,1975,Inter Miami,489,Cincinnati,0,1,2024-07-23T12:51:16.201150
3877194,2023-10-22,44,Major League Soccer,107,2023,Regular Season,8070,Charlotte,1975,Inter Miami,1,0,2024-01-24T14:54:29.431288
7430,2018-04-15,49,NWSL,3,2018,Regular Season,759,Washington Spirit,766,North Carolina Courage,2,4,2023-07-24T12:56:51.882336
7443,2018-05-05,49,NWSL,3,2018,Regular Season,765,Portland Thorns,760,Seattle Reign,2,3,2023-07-24T12:55:28.955233
7444,2018-05-06,49,NWSL,3,2018,Regular Season,766,North Carolina Courage,761,Chicago Red Stars,1,1,2023-07-24T12:53:21.850568
7445,2018-05-06,49,NWSL,3,2018,Regular Season,767,Utah Royals,759,Washington Spirit,2,0,2023-07-24T12:53:59.402362
7451,2018-05-13,49,NWSL,3,2018,Regular Season,766,North Carolina Courage,759,Washington Spirit,1,0,2023-04-19T10:26:29.420868
7456,2018-05-20,49,NWSL,3,2018,Regular Season,763,NJ/NY Gotham FC,766,North Carolina Courage,1,2,2024-12-15T12:31:48.035735
7457,2018-05-24,49,NWSL,3,2018,Regular Season,764,Orlando Pride,766,North Carolina Courage,3,4,2023-04-19T10:27:13.723555
7471,2018-06-30,49,NWSL,3,2018,Regular Season,764,Orlando Pride,766,North Carolina Courage,0,3,2023-07-24T12:54:13.965845
7472,2018-07-01,49,NWSL,3,2018,Regular Season,760,Seattle Reign,765,Portland Thorns,1,0,2023-07-24T12:53:44.924173
7473,2018-07-01,49,NWSL,3,2018,Regular Season,767,Utah Royals,763,NJ/NY Gotham FC,3,1,2023-07-24T12:54:39.623570
7474,2018-07-02,49,NWSL,3,2018,Regular Season,761,Chicago Red Stars,759,Washington Spirit,2,0,2022-11-22T00:49:37.417319
7475,2018-07-05,49,NWSL,3,2018,Regular Season,766,North Carolina Courage,761,Chicago Red Stars,4,1,2023-07-24T12:52:31.140629
7476,2018-07-08,49,NWSL,3,2018,Regular Season,763,NJ/NY Gotham FC,761,Chicago Red Stars,1,3,2023-07-24T13:00:25.885388
7477,2018-07-07,49,NWSL,3,2018,Regular Season,765,Portland Thorns,767,Utah Royals,4,0,2023-07-24T12:59:36.221089
7478,2018-07-08,49,NWSL,3,2018,Regular Season,760,Seattle Reign,762,Houston Dash,3,1,2023-07-24T12:56:54.616297
7479,2018-07-08,49,NWSL,3,2018,Regular Season,764,Orlando Pride,759,Washington Spirit,2,1,2023-07-24T12:57:23.996678
7480,2018-07-12,49,NWSL,3,2018,Regular Season,760,Seattle Reign,767,Utah Royals,1,0,2023-07-24T12:59:52.773462
7482,2018-07-12,49,NWSL,3,2018,Regular Season,766,North Carolina Courage,759,Washington Spirit,2,0,2023-07-24T12:58:45.322130
7483,2018-07-15,49,NWSL,3,2018,Regular Season,767,Utah Royals,764,Orlando Pride,1,2,2023-07-24T12:58:09.771454
7484,2018-07-15,49,NWSL,3,2018,Regular Season,763,NJ/NY Gotham FC,766,North Carolina Courage,0,4,2023-07-24T12:59:31.172214
7485,2018-07-15,49,NWSL,3,2018,Regular Season,761,Chicago Red Stars,760,Seattle Reign,1,0,2023-07-24T12:57:47.664558
7486,2018-07-16,49,NWSL,3,2018,Regular Season,765,Portland Thorns,762,Houston Dash,3,1,2023-07-24T13:00:43.699279
7487,2018-07-21,49,NWSL,3,2018,Regular Season,767,Utah Royals,766,North Carolina Courage,0,0,2023-07-24T12:56:03.450432
7490,2018-07-22,49,NWSL,3,2018,Regular Season,763,NJ/NY Gotham FC,765,Portland Thorns,1,2,2023-07-24T12:55:07.847244
7492,2018-08-06,49,NWSL,3,2018,Regular Season,764,Orlando Pride,763,NJ/NY Gotham FC,2,2,2023-07-24T12:59:00.523812
7493,2018-08-06,49,NWSL,3,2018,Regular Season,760,Seattle Reign,759,Washington Spirit,2,0,2023-07-24T12:57:51.310326
7494,2018-08-06,49,NWSL,3,2018,Regular Season,762,Houston Dash,767,Utah Royals,1,2,2023-07-24T12:56:27.574331
7496,2018-08-09,49,NWSL,3,2018,Regular Season,767,Utah Royals,759,Washington Spirit,1,0,2023-07-24T12:54:51.733474
7497,2018-08-11,49,NWSL,3,2018,Regular Season,761,Chicago Red Stars,766,North Carolina Courage,1,1,2023-07-24T12:55:46.758949
7500,2018-08-12,49,NWSL,3,2018,Regular Season,764,Orlando Pride,765,Portland Thorns,0,2,2023-07-24T13:01:22.094587
7519,2018-05-31,49,NWSL,3,2018,Regular Season,765,Portland Thorns,766,North Carolina Courage,1,4,2023-04-19T10:27:53.868767
7520,2018-06-03,49,NWSL,3,2018,Regular Season,759,Washington Spirit,761,Chicago Red Stars,0,2,2023-07-24T12:53:05.316054
7521,2018-06-03,49,NWSL,3,2018,Regular Season,763,NJ/NY Gotham FC,767,Utah Royals,1,2,2023-07-24T12:58:38.018552
7522,2018-06-04,49,NWSL,3,2018,Regular Season,762,Houston Dash,766,North Carolina Courage,1,1,2023-04-19T10:28:36.824565
7523,2018-06-04,49,NWSL,3,2018,Regular Season,760,Seattle Reign,764,Orlando Pride,0,0,2023-07-24T12:52:53.721084
7524,2018-07-12,49,NWSL,3,2018,Regular Season,762,Houston Dash,764,Orlando Pride,3,1,2022-11-22T00:50:34.050564
3881483,2023-03-25,49,NWSL,107,2023,Regular Season,766,North Carolina Courage,5106,KC Current,1,0,2026-04-08T09:35:33.450501
3881484,2023-03-26,49,NWSL,107,2023,Regular Season,9101,San Diego Wave,761,Chicago Red Stars,3,2,2023-10-17T16:10:41.025411
3881485,2023-03-26,49,NWSL,107,2023,Regular Season,759,Washington Spirit,760,Seattle Reign,1,0,2023-05-10T20:01:13.936426
3881486,2023-03-26,49,NWSL,107,2023,Regular Season,765,Portland Thorns,764,Orlando Pride,4,0,2023-03-27T15:54:46.007227
3881487,2023-03-27,49,NWSL,107,2023,Regular Season,762,Houston Dash,5105,Racing Louisville FC,0,0,2023-04-12T07:43:53.938556
3881488,2023-03-27,49,NWSL,107,2023,Regular Season,9100,Angel City,763,NJ/NY Gotham FC,1,2,2023-04-06T15:06:43.374696
3881489,2023-04-01,49,NWSL,107,2023,Regular Season,5106,KC Current,765,Portland Thorns,1,4,2026-04-07T00:55:24.802919
3881490,2023-04-01,49,NWSL,107,2023,Regular Season,761,Chicago Red Stars,762,Houston Dash,1,2,2023-06-20T00:31:03.007743
3881491,2023-04-01,49,NWSL,107,2023,Regular Season,5105,Racing Louisville FC,759,Washington Spirit,2,2,2023-05-28T09:06:28.801656
3881492,2023-04-02,49,NWSL,107,2023,Regular Season,763,NJ/NY Gotham FC,760,Seattle Reign,0,2,2023-04-15T16:49:03.878682
3881493,2023-04-02,49,NWSL,107,2023,Regular Season,9101,San Diego Wave,766,North Carolina Courage,3,1,2023-04-11T14:58:37.508260
3881494,2023-04-02,49,NWSL,107,2023,Regular Season,764,Orlando Pride,9100,Angel City,1,2,2023-04-10T05:03:20.908465
3881495,2023-04-15,49,NWSL,107,2023,Regular Season,765,Portland Thorns,762,Houston Dash,1,1,2023-07-25T07:54:11.465699
3881496,2023-04-16,49,NWSL,107,2023,Regular Season,766,North Carolina Courage,759,Washington Spirit,1,2,2023-05-10T20:39:46.657958
3881497,2023-04-16,49,NWSL,107,2023,Regular Season,764,Orlando Pride,763,NJ/NY Gotham FC,0,2,2023-04-18T13:17:46.504025
3881498,2023-04-16,49,NWSL,107,2023,Regular Season,761,Chicago Red Stars,5106,KC Current,4,2,2026-04-08T09:36:36.538150
3881499,2023-04-16,49,NWSL,107,2023,Regular Season,9100,Angel City,5105,Racing Louisville FC,2,2,2023-06-25T20:54:52.210453
3881500,2023-04-16,49,NWSL,107,2023,Regular Season,760,Seattle Reign,9101,San Diego Wave,1,0,2023-10-17T16:11:33.396203
3881501,2023-04-23,49,NWSL,107,2023,Regular Season,5106,KC Current,764,Orlando Pride,2,0,2026-04-07T07:40:27.771093
3881502,2023-04-22,49,NWSL,107,2023,Regular Season,760,Seattle Reign,761,Chicago Red Stars,5,2,2023-04-23T15:48:34.334033
3881503,2023-04-23,49,NWSL,107,2023,Regular Season,763,NJ/NY Gotham FC,766,North Carolina Courage,1,0,2023-06-02T11:15:47.370603
3881504,2023-04-23,49,NWSL,107,2023,Regular Season,765,Portland Thorns,5105,Racing Louisville FC,2,0,2023-05-01T02:53:23.495818
3881505,2023-04-23,49,NWSL,107,2023,Regular Season,759,Washington Spirit,762,Houston Dash,0,0,2023-05-12T14:14:11.196748
3881506,2023-04-24,49,NWSL,107,2023,Regular Season,9100,Angel City,9101,San Diego Wave,0,2,2023-06-20T00:31:52.753262
3881507,2023-04-29,49,NWSL,107,2023,Regular Season,762,Houston Dash,766,North Carolina Courage,0,1,2023-05-07T20:28:13.969057
3881508,2023-04-30,49,NWSL,107,2023,Regular Season,5105,Racing Louisville FC,760,Seattle Reign,2,2,2023-05-13T10:01:08.727943
3881509,2023-04-30,49,NWSL,107,2023,Regular Season,765,Portland Thorns,9100,Angel City,3,3,2023-06-10T17:02:28.223696
3881510,2023-04-30,49,NWSL,107,2023,Regular Season,9101,San Diego Wave,764,Orlando Pride,1,3,2023-06-02T11:16:40.165096
3881511,2023-04-30,49,NWSL,107,2023,Regular Season,761,Chicago Red Stars,759,Washington Spirit,1,1,2023-05-27T14:28:07.207063
3881512,2023-04-30,49,NWSL,107,2023,Regular Season,5106,KC Current,763,NJ/NY Gotham FC,2,0,2026-04-07T07:32:04.768663
3881513,2023-05-06,49,NWSL,107,2023,Regular Season,759,Washington Spirit,9101,San Diego Wave,3,1,2023-05-13T10:58:07.094822
3881514,2023-05-07,49,NWSL,107,2023,Regular Season,760,Seattle Reign,762,Houston Dash,2,0,2023-10-14T19:47:53.218199
3881515,2023-05-07,49,NWSL,107,2023,Regular Season,764,Orlando Pride,5105,Racing Louisville FC,1,0,2023-06-05T15:14:59.331307
3881516,2023-05-07,49,NWSL,107,2023,Regular Season,766,North Carolina Courage,765,Portland Thorns,3,3,2023-07-25T08:59:22.024248
3881517,2023-05-08,49,NWSL,107,2023,Regular Season,9100,Angel City,5106,KC Current,3,2,2026-04-08T09:37:43.665750
3881518,2023-05-08,49,NWSL,107,2023,Regular Season,761,Chicago Red Stars,763,NJ/NY Gotham FC,1,2,2023-05-08T15:22:45.252447
3881519,2023-05-13,49,NWSL,107,2023,Regular Season,762,Houston Dash,765,Portland Thorns,2,1,2023-05-13T17:45:36.005481
3881520,2023-05-13,49,NWSL,107,2023,Regular Season,5105,Racing Louisville FC,761,Chicago Red Stars,3,0,2023-05-18T16:18:21.597477
3881521,2023-05-14,49,NWSL,107,2023,Regular Season,766,North Carolina Courage,760,Seattle Reign,1,0,2023-07-25T09:00:23.517687
3881522,2023-05-14,49,NWSL,107,2023,Regular Season,9100,Angel City,759,Washington Spirit,0,1,2023-05-14T15:51:25.227356
3881523,2023-05-15,49,NWSL,107,2023,Regular Season,763,NJ/NY Gotham FC,764,Orlando Pride,0,0,2023-06-12T00:32:58.562890
3881524,2023-05-14,49,NWSL,107,2023,Regular Season,5106,KC Current,9101,San Diego Wave,0,2,2026-04-07T01:27:47.901998
3881525,2023-05-22,49,NWSL,107,2023,Regular Season,765,Portland Thorns,761,Chicago Red Stars,4,0,2024-07-31T14:21:47.100646
3881526,2023-05-21,49,NWSL,107,2023,Regular Season,766,North Carolina Courage,9100,Angel City,0,0,2023-05-25T13:58:05.829605
3881527,2023-05-21,49,NWSL,107,2023,Regular Season,764,Orlando Pride,759,Washington Spirit,2,1,2023-10-17T16:12:17.788637
3881528,2023-05-21,49,NWSL,107,2023,Regular Season,5106,KC Current,5105,Racing Louisville FC,0,2,2026-04-07T01:29:02.635429
3881529,2023-05-21,49,NWSL,107,2023,Regular Season,762,Houston Dash,9101,San Diego Wave,0,3,2023-05-29T13:37:05.173771
3881530,2023-05-22,49,NWSL,107,2023,Regular Season,760,Seattle Reign,763,NJ/NY Gotham FC,1,4,2023-05-31T15:35:50.658232
3881531,2023-05-27,49,NWSL,107,2023,Regular Season,5106,KC Current,762,Houston Dash,0,2,2026-04-07T01:59:55.175420
3881532,2023-05-27,49,NWSL,107,2023,Regular Season,9101,San Diego Wave,765,Portland Thorns,1,1,2023-06-05T17:27:38.608336
3881533,2023-05-27,49,NWSL,107,2023,Regular Season,760,Seattle Reign,9100,Angel City,4,1,2023-07-25T09:03:27.633892
3881534,2023-05-28,49,NWSL,107,2023,Regular Season,761,Chicago Red Stars,764,Orlando Pride,1,0,2023-06-24T00:38:08.304879
3881535,2023-05-28,49,NWSL,107,2023,Regular Season,5105,Racing Louisville FC,766,North Carolina Courage,1,2,2023-06-07T23:23:13.054836
3881536,2023-05-29,49,NWSL,107,2023,Regular Season,759,Washington Spirit,763,NJ/NY Gotham FC,1,1,2025-03-04T14:42:29.395091
3881537,2023-06-04,49,NWSL,107,2023,Regular Season,759,Washington Spirit,5105,Racing Louisville FC,1,1,2023-07-05T16:43:25.746679
3881538,2023-06-04,49,NWSL,107,2023,Regular Season,760,Seattle Reign,765,Portland Thorns,0,2,2023-06-24T16:49:25.365745
3881539,2023-06-05,49,NWSL,107,2023,Regular Season,763,NJ/NY Gotham FC,9101,San Diego Wave,0,1,2023-07-07T14:32:55.857642
3881540,2023-06-04,49,NWSL,107,2023,Regular Season,5106,KC Current,766,North Carolina Courage,1,0,2026-04-07T02:00:51.706780
3881541,2023-06-04,49,NWSL,107,2023,Regular Season,762,Houston Dash,764,Orlando Pride,2,0,2023-06-24T16:30:51.266956
3881542,2023-06-06,49,NWSL,107,2023,Regular Season,9100,Angel City,761,Chicago Red Stars,1,2,2024-09-23T20:27:01.179402
3881543,2023-06-11,49,NWSL,107,2023,Regular Season,761,Chicago Red Stars,766,North Carolina Courage,0,5,2023-06-16T01:35:01.820718
3881544,2023-06-10,49,NWSL,107,2023,Regular Season,5105,Racing Louisville FC,9101,San Diego Wave,0,0,2023-06-15T13:21:51.923598
3881545,2023-06-11,49,NWSL,107,2023,Regular Season,760,Seattle Reign,5106,KC Current,2,1,2026-04-08T09:38:48.286983
3881546,2023-06-11,49,NWSL,107,2023,Regular Season,759,Washington Spirit,9100,Angel City,2,1,2023-06-11T22:20:47.439322
3881547,2023-06-12,49,NWSL,107,2023,Regular Season,764,Orlando Pride,765,Portland Thorns,3,1,2023-06-22T19:20:59.995413
3881548,2023-06-12,49,NWSL,107,2023,Regular Season,762,Houston Dash,763,NJ/NY Gotham FC,1,1,2025-03-04T14:45:05.445499
3881549,2023-06-17,49,NWSL,107,2023,Regular Season,9101,San Diego Wave,9100,Angel City,1,2,2023-07-17T15:12:53.479628
3881550,2023-06-18,49,NWSL,107,2023,Regular Season,5105,Racing Louisville FC,763,NJ/NY Gotham FC,2,0,2025-03-04T14:43:06.182074
3881551,2023-06-18,49,NWSL,107,2023,Regular Season,766,North Carolina Courage,764,Orlando Pride,3,0,2025-03-04T14:46:18.740091
3881552,2023-06-18,49,NWSL,107,2023,Regular Season,762,Houston Dash,760,Seattle Reign,0,0,2024-08-01T13:09:12.708291
3881553,2023-06-18,49,NWSL,107,2023,Regular Season,5106,KC Current,759,Washington Spirit,2,3,2026-04-07T01:31:56.892476
3881554,2023-06-19,49,NWSL,107,2023,Regular Season,761,Chicago Red Stars,765,Portland Thorns,2,3,2023-07-17T13:44:02.708216
3881555,2023-06-24,49,NWSL,107,2023,Regular Season,765,Portland Thorns,759,Washington Spirit,4,2,2023-10-28T20:46:13.791075
3881556,2023-06-25,49,NWSL,107,2023,Regular Season,9101,San Diego Wave,760,Seattle Reign,1,2,2023-07-11T18:33:12.997107
3881557,2023-06-25,49,NWSL,107,2023,Regular Season,766,North Carolina Courage,5105,Racing Louisville FC,1,0,2023-06-25T14:00:20.434526
3881558,2023-06-24,49,NWSL,107,2023,Regular Season,764,Orlando Pride,5106,KC Current,1,2,2026-04-08T09:39:48.804435
3881559,2023-06-26,49,NWSL,107,2023,Regular Season,763,NJ/NY Gotham FC,761,Chicago Red Stars,2,1,2023-06-26T14:53:01.082834
3881560,2023-06-26,49,NWSL,107,2023,Regular Season,9100,Angel City,762,Houston Dash,0,0,2023-06-26T14:52:18.740387
3881561,2023-07-01,49,NWSL,107,2023,Regular Season,760,Seattle Reign,5105,Racing Louisville FC,2,2,2023-07-25T08:54:54.112025
3881562,2023-07-03,49,NWSL,107,2023,Regular Season,763,NJ/NY Gotham FC,9100,Angel City,0,0,2023-07-16T17:46:07.232494
3881563,2023-07-02,49,NWSL,107,2023,Regular Season,765,Portland Thorns,5106,KC Current,0,1,2026-04-08T09:40:49.076685
3881564,2023-07-02,49,NWSL,107,2023,Regular Season,761,Chicago Red Stars,9101,San Diego Wave,1,0,2023-07-02T18:54:56.464321
3881565,2023-07-02,49,NWSL,107,2023,Regular Season,766,North Carolina Courage,762,Houston Dash,1,0,2024-08-05T15:23:30.842812
3881566,2023-07-02,49,NWSL,107,2023,Regular Season,759,Washington Spirit,764,Orlando Pride,0,3,2023-07-25T08:55:45.326694
3881567,2023-07-08,49,NWSL,107,2023,Regular Season,762,Houston Dash,761,Chicago Red Stars,0,1,2023-07-09T09:55:00.237334
3881568,2023-07-08,49,NWSL,107,2023,Regular Season,5105,Racing Louisville FC,5106,KC Current,2,1,2026-04-08T09:41:46.347347
3881569,2023-07-08,49,NWSL,107,2023,Regular Season,764,Orlando Pride,760,Seattle Reign,1,0,2023-07-13T12:09:53.175202
3881570,2023-07-10,49,NWSL,107,2023,Regular Season,763,NJ/NY Gotham FC,765,Portland Thorns,2,1,2023-10-30T05:10:30.025043
3881571,2023-07-09,49,NWSL,107,2023,Regular Season,9101,San Diego Wave,759,Washington Spirit,2,2,2023-07-09T14:22:47.809268
3881572,2023-07-10,49,NWSL,107,2023,Regular Season,9100,Angel City,766,North Carolina Courage,2,1,2023-07-11T23:17:38.757232
3881573,2023-08-19,49,NWSL,107,2023,Regular Season,5106,KC Current,760,Seattle Reign,1,0,2026-04-07T01:33:03.603054
3881574,2023-08-20,49,NWSL,107,2023,Regular Season,9101,San Diego Wave,763,NJ/NY Gotham FC,2,1,2023-09-15T20:47:17.750195
3881575,2023-08-20,49,NWSL,107,2023,Regular Season,762,Houston Dash,759,Washington Spirit,1,1,2023-08-20T16:59:39.544167
3881576,2023-08-20,49,NWSL,107,2023,Regular Season,5105,Racing Louisville FC,9100,Angel City,1,1,2023-08-24T18:13:29.797481
3881577,2023-08-21,49,NWSL,107,2023,Regular Season,764,Orlando Pride,761,Chicago Red Stars,5,0,2023-08-21T16:39:57.328401
3881578,2023-08-21,49,NWSL,107,2023,Regular Season,765,Portland Thorns,766,North Carolina Courage,2,1,2023-10-17T05:15:31.010882
3881579,2023-08-26,49,NWSL,107,2023,Regular Season,764,Orlando Pride,9101,San Diego Wave,1,2,2023-08-26T13:49:46.270878
3881580,2023-08-28,49,NWSL,107,2023,Regular Season,759,Washington Spirit,765,Portland Thorns,1,1,2023-10-28T11:37:21.663282
3881581,2023-08-28,49,NWSL,107,2023,Regular Season,763,NJ/NY Gotham FC,5105,Racing Louisville FC,0,0,2023-08-28T14:04:34.479864
3881582,2023-08-27,49,NWSL,107,2023,Regular Season,766,North Carolina Courage,761,Chicago Red Stars,1,1,2023-10-16T21:27:24.996129
3881583,2023-08-27,49,NWSL,107,2023,Regular Season,762,Houston Dash,5106,KC Current,1,1,2026-04-08T09:33:23.955321
3881584,2023-08-28,49,NWSL,107,2023,Regular Season,9100,Angel City,760,Seattle Reign,2,1,2023-10-15T13:00:11.167971
3881585,2023-09-02,49,NWSL,107,2023,Regular Season,5106,KC Current,9100,Angel City,0,1,2026-04-07T01:34:11.834040
3881586,2023-09-03,49,NWSL,107,2023,Regular Season,5105,Racing Louisville FC,765,Portland Thorns,2,1,2023-09-03T17:28:00.511612
3881587,2023-09-04,49,NWSL,107,2023,Regular Season,759,Washington Spirit,761,Chicago Red Stars,0,2,2023-09-04T12:53:54.067832
3881588,2023-09-03,49,NWSL,107,2023,Regular Season,766,North Carolina Courage,763,NJ/NY Gotham FC,3,3,2023-09-19T06:29:53.778554
3881589,2023-09-04,49,NWSL,107,2023,Regular Season,9101,San Diego Wave,762,Houston Dash,1,0,2023-09-06T09:07:31.814812
3881590,2023-09-04,49,NWSL,107,2023,Regular Season,760,Seattle Reign,764,Orlando Pride,1,0,2023-09-04T13:13:14.916828
3881591,2023-09-16,49,NWSL,107,2023,Regular Season,5105,Racing Louisville FC,762,Houston Dash,0,1,2025-02-16T11:39:15.729348
3881592,2023-09-17,49,NWSL,107,2023,Regular Season,9101,San Diego Wave,5106,KC Current,1,2,2026-04-08T09:34:29.377240
3881593,2023-09-17,49,NWSL,107,2023,Regular Season,765,Portland Thorns,760,Seattle Reign,2,0,2023-10-30T05:11:28.998251
3881594,2023-09-17,49,NWSL,107,2023,Regular Season,763,NJ/NY Gotham FC,759,Washington Spirit,2,0,2024-11-20T08:02:44.697845
3881595,2023-09-18,49,NWSL,107,2023,Regular Season,764,Orlando Pride,766,North Carolina Courage,2,1,2024-08-01T13:28:06.439174
3881596,2023-09-18,49,NWSL,107,2023,Regular Season,761,Chicago Red Stars,9100,Angel City,2,2,2023-10-26T15:39:11.011774
3881597,2023-10-03,49,NWSL,107,2023,Regular Season,9100,Angel City,764,Orlando Pride,0,1,2023-10-03T12:52:34.369759
3881598,2023-10-01,49,NWSL,107,2023,Regular Season,761,Chicago Red Stars,5105,Racing Louisville FC,1,0,2023-10-12T22:54:54.793686
3881599,2023-09-30,49,NWSL,107,2023,Regular Season,759,Washington Spirit,5106,KC Current,2,1,2026-04-08T09:35:29.915207
3881600,2023-10-01,49,NWSL,107,2023,Regular Season,765,Portland Thorns,9101,San Diego Wave,0,2,2023-10-01T15:10:26.149059
3881601,2023-10-02,49,NWSL,107,2023,Regular Season,763,NJ/NY Gotham FC,762,Houston Dash,0,2,2025-02-16T11:40:08.969154
3881602,2023-10-02,49,NWSL,107,2023,Regular Season,760,Seattle Reign,766,North Carolina Courage,1,1,2023-10-14T01:44:58.702978
3881603,2023-10-08,49,NWSL,107,2023,Regular Season,765,Portland Thorns,763,NJ/NY Gotham FC,1,0,2023-10-29T00:17:11.194698
3881604,2023-10-07,49,NWSL,107,2023,Regular Season,5105,Racing Louisville FC,764,Orlando Pride,3,2,2023-10-28T21:00:03.067320
3881605,2023-10-07,49,NWSL,107,2023,Regular Season,760,Seattle Reign,759,Washington Spirit,0,0,2023-10-07T15:47:36.517857
3881606,2023-10-08,49,NWSL,107,2023,Regular Season,766,North Carolina Courage,9101,San Diego Wave,0,0,2023-10-28T19:13:34.300329
3881607,2023-10-08,49,NWSL,107,2023,Regular Season,5106,KC Current,761,Chicago Red Stars,6,3,2026-04-07T01:35:16.045824
3881608,2023-10-09,49,NWSL,107,2023,Regular Season,762,Houston Dash,9100,Angel City,1,2,2025-02-16T11:41:02.385306
3881609,2023-10-16,49,NWSL,107,2023,Regular Season,9100,Angel City,765,Portland Thorns,5,1,2023-10-16T14:36:01.794998
3881610,2023-10-16,49,NWSL,107,2023,Regular Season,764,Orlando Pride,762,Houston Dash,1,0,2025-02-16T11:41:59.646771
3881611,2023-10-16,49,NWSL,107,2023,Regular Season,761,Chicago Red Stars,760,Seattle Reign,0,3,2023-10-16T13:39:31.309617
3881612,2023-10-15,49,NWSL,107,2023,Regular Season,763,NJ/NY Gotham FC,5106,KC Current,2,2,2026-04-08T09:36:40.259508
3881613,2023-10-16,49,NWSL,107,2023,Regular Season,759,Washington Spirit,766,North Carolina Courage,0,1,2023-10-29T09:05:44.347526
3881614,2023-10-16,49,NWSL,107,2023,Regular Season,9101,San Diego Wave,5105,Racing Louisville FC,2,0,2023-10-16T11:09:54.295158
3914644,2023-10-21,49,NWSL,107,2023,1st Round ,760,Seattle Reign,9100,Angel City,1,0,2023-10-28T18:53:00.683478
3914645,2023-10-23,49,NWSL,107,2023,1st Round ,766,North Carolina Courage,763,NJ/NY Gotham FC,0,2,2023-12-09T17:36:53.454599
3915110,2023-11-06,49,NWSL,107,2023,Semi-finals,9101,San Diego Wave,760,Seattle Reign,0,1,2023-11-15T21:02:08.889994
3915111,2023-11-06,49,NWSL,107,2023,Semi-finals,765,Portland Thorns,763,NJ/NY Gotham FC,0,1,2023-11-09T09:04:46.069340
3915998,2023-11-12,49,NWSL,107,2023,Final,760,Seattle Reign,763,NJ/NY Gotham FC,1,2,2024-02-13T14:09:33.175787
3835319,2022-07-06,53,UEFA Women's Euro,106,2022,Group Stage,865,England Women's,859,Austria Women's,1,0,2025-10-29T01:55:52.533166
3835320,2022-07-07,53,UEFA Women's Euro,106,2022,Group Stage,852,Norway Women's,2457,Northern Ireland W,4,1,2026-05-05T03:02:12.737593
3835321,2022-07-08,53,UEFA Women's Euro,106,2022,Group Stage,863,Spain Women's,920,WNT Finland,4,1,2025-10-28T15:10:30.873943
3835322,2022-07-08,53,UEFA Women's Euro,106,2022,Group Stage,857,Germany Women's,853,Denmark Women's,4,0,2026-05-05T03:03:04.199896
3835323,2022-07-09,53,UEFA Women's Euro,106,2022,Group Stage,864,Portugal Women's,860,Switzerland Women's,2,2,2026-05-05T02:59:46.494329
3835324,2022-07-09,53,UEFA Women's Euro,106,2022,Group Stage,851,Netherlands Women's,858,Sweden Women's,1,1,2026-05-05T03:00:47.821217
3835325,2022-07-10,53,UEFA Women's Euro,106,2022,Group Stage,861,France Women's,855,Italy Women's,5,1,2025-10-29T01:56:58.120495
3835326,2022-07-10,53,UEFA Women's Euro,106,2022,Group Stage,854,Belgium Women's,862,Iceland Women's,1,1,2026-05-05T03:01:47.218616
3835327,2022-07-11,53,UEFA Women's Euro,106,2022,Group Stage,865,England Women's,852,Norway Women's,8,0,2026-05-04T01:33:31.461388
3835328,2022-07-11,53,UEFA Women's Euro,106,2022,Group Stage,859,Austria Women's,2457,Northern Ireland W,2,0,2026-05-05T03:02:38.707104
3835329,2022-07-12,53,UEFA Women's Euro,106,2022,Group Stage,853,Denmark Women's,920,WNT Finland,1,0,2025-10-28T15:11:39.922833
3835330,2022-07-12,53,UEFA Women's Euro,106,2022,Group Stage,857,Germany Women's,863,Spain Women's,2,0,2026-05-04T01:34:43.908715
3835331,2022-07-13,53,UEFA Women's Euro,106,2022,Group Stage,858,Sweden Women's,860,Switzerland Women's,2,1,2026-05-03T20:21:39.302434
3835332,2022-07-13,53,UEFA Women's Euro,106,2022,Group Stage,851,Netherlands Women's,864,Portugal Women's,3,2,2026-05-04T01:35:47.445538
3835333,2022-07-14,53,UEFA Women's Euro,106,2022,Group Stage,861,France Women's,854,Belgium Women's,2,1,2025-10-29T01:58:05.190363
3835334,2022-07-14,53,UEFA Women's Euro,106,2022,Group Stage,855,Italy Women's,862,Iceland Women's,1,1,2026-05-04T01:36:48.260284
3835335,2022-07-15,53,UEFA Women's Euro,106,2022,Group Stage,2457,Northern Ireland W,865,England Women's,0,5,2026-05-04T01:37:52.058549
3835336,2022-07-15,53,UEFA Women's Euro,106,2022,Group Stage,859,Austria Women's,852,Norway Women's,1,0,2026-05-04T01:39:01.718048
3835337,2022-07-16,53,UEFA Women's Euro,106,2022,Group Stage,853,Denmark Women's,863,Spain Women's,0,1,2026-05-04T01:40:12.977826
3835338,2022-07-16,53,UEFA Women's Euro,106,2022,Group Stage,920,WNT Finland,857,Germany Women's,0,3,2025-10-28T15:12:45.273288
3835339,2022-07-17,53,UEFA Women's Euro,106,2022,Group Stage,860,Switzerland Women's,851,Netherlands Women's,1,4,2026-05-04T01:42:18.489412
3835340,2022-07-17,53,UEFA Women's Euro,106,2022,Group Stage,858,Sweden Women's,864,Portugal Women's,5,0,2026-05-04T01:41:12.108118
3835341,2022-07-18,53,UEFA Women's Euro,106,2022,Group Stage,855,Italy Women's,854,Belgium Women's,0,1,2022-12-02T01:32:58.240464
3835342,2022-07-18,53,UEFA Women's Euro,106,2022,Group Stage,862,Iceland Women's,861,France Women's,1,1,2025-10-29T01:59:06.763006
3844384,2022-07-20,53,UEFA Women's Euro,106,2022,Quarter-finals,865,England Women's,863,Spain Women's,2,1,2023-02-22T23:06:39.942980
3844385,2022-07-21,53,UEFA Women's Euro,106,2022,Quarter-finals,857,Germany Women's,859,Austria Women's,2,0,2026-05-04T01:33:03.018851
3844386,2022-07-22,53,UEFA Women's Euro,106,2022,Quarter-finals,858,Sweden Women's,854,Belgium Women's,1,0,2026-05-04T01:34:00.988774
3844387,2022-07-23,53,UEFA Women's Euro,106,2022,Quarter-finals,861,France Women's,851,Netherlands Women's,1,0,2025-10-29T02:00:28.668022
3845506,2022-07-26,53,UEFA Women's Euro,106,2022,Semi-finals,865,England Women's,858,Sweden Women's,4,0,2022-12-02T01:37:33.124516
3845507,2022-07-27,53,UEFA Women's Euro,106,2022,Semi-finals,857,Germany Women's,861,France Women's,2,1,2025-10-28T15:13:40.105177
3847567,2022-07-31,53,UEFA Women's Euro,106,2022,Final,865,England Women's,857,Germany Women's,2,1,2024-02-13T13:27:17.178263
3998836,2025-07-02,53,UEFA Women's Euro,315,2025,Group Stage,862,Iceland Women's,920,WNT Finland,0,1,2025-07-22T20:34:46.172656
3998837,2025-07-02,53,UEFA Women's Euro,315,2025,Group Stage,860,Switzerland Women's,852,Norway Women's,1,2,2025-08-02T03:42:27.077538
3998838,2025-07-03,53,UEFA Women's Euro,315,2025,Group Stage,854,Belgium Women's,855,Italy Women's,0,1,2026-04-27T09:44:42.821327
3998839,2025-07-03,53,UEFA Women's Euro,315,2025,Group Stage,863,Spain Women's,864,Portugal Women's,5,0,2026-04-27T09:43:47.404624
3998840,2025-07-04,53,UEFA Women's Euro,315,2025,Group Stage,857,Germany Women's,29167,Poland Women's,2,0,2026-04-27T09:46:45.846012
3998841,2025-07-04,53,UEFA Women's Euro,315,2025,Group Stage,853,Denmark Women's,858,Sweden Women's,0,1,2026-04-27T09:45:43.888095
3998842,2025-07-05,53,UEFA Women's Euro,315,2025,Group Stage,2456,Wales W,851,Netherlands Women's,0,3,2026-04-27T09:47:43.055068
3998843,2025-07-05,53,UEFA Women's Euro,315,2025,Group Stage,861,France Women's,865,England Women's,2,1,2026-04-27T09:48:44.729022
3998844,2025-07-06,53,UEFA Women's Euro,315,2025,Group Stage,860,Switzerland Women's,862,Iceland Women's,2,0,2025-08-14T12:11:43.357403
3998845,2025-07-06,53,UEFA Women's Euro,315,2025,Group Stage,852,Norway Women's,920,WNT Finland,2,1,2026-04-27T09:40:53.122088
3998846,2025-07-07,53,UEFA Women's Euro,315,2025,Group Stage,864,Portugal Women's,855,Italy Women's,1,1,2026-04-27T09:41:48.612007
3998847,2025-07-07,53,UEFA Women's Euro,315,2025,Group Stage,863,Spain Women's,854,Belgium Women's,6,2,2025-07-12T03:43:34.460342
3998848,2025-07-08,53,UEFA Women's Euro,315,2025,Group Stage,29167,Poland Women's,858,Sweden Women's,0,3,2026-04-27T09:43:49.502944
3998849,2025-07-08,53,UEFA Women's Euro,315,2025,Group Stage,857,Germany Women's,853,Denmark Women's,2,1,2026-04-27T09:42:48.981943
3998850,2025-07-09,53,UEFA Women's Euro,315,2025,Group Stage,861,France Women's,2456,Wales W,4,1,2026-04-27T09:44:54.321282
3998851,2025-07-09,53,UEFA Women's Euro,315,2025,Group Stage,865,England Women's,851,Netherlands Women's,4,0,2026-04-27T09:45:51.615275
3998852,2025-07-10,53,UEFA Women's Euro,315,2025,Group Stage,920,WNT Finland,860,Switzerland Women's,1,1,2025-08-27T08:24:05.291833
3998853,2025-07-10,53,UEFA Women's Euro,315,2025,Group Stage,852,Norway Women's,862,Iceland Women's,4,3,2026-04-27T09:46:51.951152
3998854,2025-07-11,53,UEFA Women's Euro,315,2025,Group Stage,864,Portugal Women's,854,Belgium Women's,1,2,2026-04-27T09:48:56.597794
3998855,2025-07-11,53,UEFA Women's Euro,315,2025,Group Stage,855,Italy Women's,863,Spain Women's,1,3,2026-04-27T09:47:59.239665
3998856,2025-07-12,53,UEFA Women's Euro,315,2025,Group Stage,858,Sweden Women's,857,Germany Women's,4,1,2026-04-27T09:40:40.716244
3998857,2025-07-12,53,UEFA Women's Euro,315,2025,Group Stage,29167,Poland Women's,853,Denmark Women's,3,2,2026-04-27T09:50:04.593527
3998858,2025-07-13,53,UEFA Women's Euro,315,2025,Group Stage,865,England Women's,2456,Wales W,6,1,2026-04-27T09:42:32.051183
3998859,2025-07-13,53,UEFA Women's Euro,315,2025,Group Stage,851,Netherlands Women's,861,France Women's,2,5,2026-04-27T09:41:29.621678
4018354,2025-07-16,53,UEFA Women's Euro,315,2025,Quarter-finals,852,Norway Women's,855,Italy Women's,1,2,2026-04-27T11:39:48.518532
4018355,2025-07-17,53,UEFA Women's Euro,315,2025,Quarter-finals,858,Sweden Women's,865,England Women's,2,2,2026-04-27T11:40:50.712285
4018356,2025-07-18,53,UEFA Women's Euro,315,2025,Quarter-finals,863,Spain Women's,860,Switzerland Women's,2,0,2026-04-27T11:41:52.033839
4018357,2025-07-19,53,UEFA Women's Euro,315,2025,Quarter-finals,861,France Women's,857,Germany Women's,1,1,2026-04-27T11:43:01.894527
4020005,2025-07-22,53,UEFA Women's Euro,315,2025,Semi-finals,865,England Women's,855,Italy Women's,2,1,2026-04-27T11:44:05.670023
4020077,2025-07-23,53,UEFA Women's Euro,315,2025,Semi-finals,857,Germany Women's,863,Spain Women's,0,1,2026-04-27T22:02:42.690507
4020846,2025-07-27,53,UEFA Women's Euro,315,2025,Final,865,England Women's,863,Spain Women's,1,1,2026-04-27T11:37:00.427234
3788741,2021-06-11,55,UEFA Euro,43,2020,Group Stage,909,Turkey,914,Italy,0,3,2022-12-01T16:06:42.263441
3788742,2021-06-12,55,UEFA Euro,43,2020,Group Stage,776,Denmark,1835,Finland,0,1,2021-06-14T12:52:32.995
3788743,2021-06-12,55,UEFA Euro,43,2020,Group Stage,782,Belgium,796,Russia,3,0,2026-05-10T12:57:10.491341
3788744,2021-06-12,55,UEFA Euro,43,2020,Group Stage,907,Wales,773,Switzerland,1,1,2026-05-09T08:39:44.250015
3788745,2021-06-13,55,UEFA Euro,43,2020,Group Stage,768,England,785,Croatia,1,0,2021-07-19T16:25:28.955
3788746,2021-06-13,55,UEFA Euro,43,2020,Group Stage,941,Netherlands,911,Ukraine,3,2,2022-12-01T16:09:42.196374
3788747,2021-06-13,55,UEFA Euro,43,2020,Group Stage,915,Austria,2358,North Macedonia,3,1,2026-05-09T08:40:46.930675
3788748,2021-06-14,55,UEFA Euro,43,2020,Group Stage,942,Scotland,912,Czech Republic,0,2,2021-08-08T19:08:28.233
3788749,2021-06-14,55,UEFA Euro,43,2020,Group Stage,789,Poland,908,Slovakia,1,2,2026-05-09T08:41:53.470682
3788750,2021-06-14,55,UEFA Euro,43,2020,Group Stage,772,Spain,790,Sweden,0,0,2022-12-01T16:10:41.361390
3788751,2021-06-15,55,UEFA Euro,43,2020,Group Stage,771,France,770,Germany,1,0,2021-08-27T17:33:01.458
3788752,2021-06-15,55,UEFA Euro,43,2020,Group Stage,916,Hungary,780,Portugal,0,3,2022-12-01T16:12:48.022633
3788753,2021-06-16,55,UEFA Euro,43,2020,Group Stage,1835,Finland,796,Russia,0,1,2026-05-10T12:58:22.121096
3788754,2021-06-16,55,UEFA Euro,43,2020,Group Stage,914,Italy,773,Switzerland,3,0,2022-12-01T16:14:48.865959
3788755,2021-06-16,55,UEFA Euro,43,2020,Group Stage,909,Turkey,907,Wales,0,2,2026-05-09T08:42:53.401342
3788756,2021-06-17,55,UEFA Euro,43,2020,Group Stage,941,Netherlands,915,Austria,2,0,2022-12-01T16:15:51.809902
3788757,2021-06-17,55,UEFA Euro,43,2020,Group Stage,776,Denmark,782,Belgium,1,2,2021-07-24T16:17:22.251
3788758,2021-06-17,55,UEFA Euro,43,2020,Group Stage,911,Ukraine,2358,North Macedonia,2,1,2026-05-09T08:43:52.942714
3788759,2021-06-18,55,UEFA Euro,43,2020,Group Stage,768,England,942,Scotland,0,0,2021-07-14T12:59:48.602
3788760,2021-06-18,55,UEFA Euro,43,2020,Group Stage,785,Croatia,912,Czech Republic,1,1,2026-05-09T08:46:02.678251
3788761,2021-06-18,55,UEFA Euro,43,2020,Group Stage,790,Sweden,908,Slovakia,1,0,2026-05-09T08:45:00.221474
3788762,2021-06-19,55,UEFA Euro,43,2020,Group Stage,772,Spain,789,Poland,1,1,2021-09-06T18:23:20.676161
3788763,2021-06-19,55,UEFA Euro,43,2020,Group Stage,916,Hungary,771,France,1,1,2025-11-02T14:12:40.050597
3788764,2021-06-19,55,UEFA Euro,43,2020,Group Stage,780,Portugal,770,Germany,2,4,2021-06-20T13:10:40.911
3788765,2021-06-20,55,UEFA Euro,43,2020,Group Stage,773,Switzerland,909,Turkey,3,1,2026-05-09T08:47:11.834605
3788766,2021-06-20,55,UEFA Euro,43,2020,Group Stage,914,Italy,907,Wales,1,0,2022-12-01T16:20:49.842595
3788767,2021-06-21,55,UEFA Euro,43,2020,Group Stage,911,Ukraine,915,Austria,0,1,2026-05-09T08:48:17.234551
3788768,2021-06-21,55,UEFA Euro,43,2020,Group Stage,1835,Finland,782,Belgium,0,2,2026-05-10T12:59:26.302088
3788769,2021-06-21,55,UEFA Euro,43,2020,Group Stage,796,Russia,776,Denmark,1,4,2022-12-01T16:23:46.374386
3788770,2021-06-21,55,UEFA Euro,43,2020,Group Stage,2358,North Macedonia,941,Netherlands,0,3,2024-04-16T12:44:40.558402
3788771,2021-06-22,55,UEFA Euro,43,2020,Group Stage,785,Croatia,942,Scotland,3,1,2022-12-01T16:24:40.775448
3788772,2021-06-22,55,UEFA Euro,43,2020,Group Stage,912,Czech Republic,768,England,0,1,2022-12-01T16:25:31.584701
3788773,2021-06-23,55,UEFA Euro,43,2020,Group Stage,780,Portugal,771,France,2,2,2026-05-09T08:40:28.668942
3788774,2021-06-23,55,UEFA Euro,43,2020,Group Stage,770,Germany,916,Hungary,2,2,2022-12-01T16:27:21.961616
3788775,2021-06-23,55,UEFA Euro,43,2020,Group Stage,908,Slovakia,772,Spain,0,5,2023-02-24T21:26:47.128979
3788776,2021-06-23,55,UEFA Euro,43,2020,Group Stage,790,Sweden,789,Poland,3,2,2026-05-09T08:39:23.325587
3794685,2021-06-26,55,UEFA Euro,43,2020,Round of 16,914,Italy,915,Austria,2,1,2026-05-06T23:30:19.951323
3794686,2021-06-28,55,UEFA Euro,43,2020,Round of 16,785,Croatia,772,Spain,3,5,2026-05-06T23:25:03.512900
3794687,2021-06-27,55,UEFA Euro,43,2020,Round of 16,782,Belgium,780,Portugal,1,0,2026-05-06T23:32:26.915562
3794688,2021-06-29,55,UEFA Euro,43,2020,Round of 16,768,England,770,Germany,2,0,2022-12-01T16:33:31.807173
3794689,2021-06-26,55,UEFA Euro,43,2020,Round of 16,907,Wales,776,Denmark,0,4,2026-05-06T23:28:56.883924
3794690,2021-06-27,55,UEFA Euro,43,2020,Round of 16,941,Netherlands,912,Czech Republic,0,2,2026-05-06T23:31:20.360962
3794691,2021-06-28,55,UEFA Euro,43,2020,Round of 16,771,France,773,Switzerland,3,3,2026-05-06T23:26:10.938916
3794692,2021-06-29,55,UEFA Euro,43,2020,Round of 16,790,Sweden,911,Ukraine,1,2,2026-05-06T23:27:21.234138
3795107,2021-07-02,55,UEFA Euro,43,2020,Quarter-finals,782,Belgium,914,Italy,1,2,2026-05-06T23:28:14.415972
3795108,2021-07-02,55,UEFA Euro,43,2020,Quarter-finals,773,Switzerland,772,Spain,1,1,2026-05-06T23:29:25.017271
3795109,2021-07-03,55,UEFA Euro,43,2020,Quarter-finals,912,Czech Republic,776,Denmark,1,2,2026-05-06T23:30:17.374043
3795187,2021-07-03,55,UEFA Euro,43,2020,Quarter-finals,911,Ukraine,768,England,0,4,2026-05-06T23:31:18.449163
3795220,2021-07-06,55,UEFA Euro,43,2020,Semi-finals,914,Italy,772,Spain,1,1,2026-05-06T23:32:32.584539
3795221,2021-07-07,55,UEFA Euro,43,2020,Semi-finals,768,England,776,Denmark,2,1,2021-07-09T12:38:23.437
3795506,2021-07-11,55,UEFA Euro,43,2020,Final,914,Italy,768,England,1,1,2024-07-31T12:29:15.702309
3930158,2024-06-14,55,UEFA Euro,282,2024,Group Stage,770,Germany,942,Scotland,5,1,2026-05-01T19:43:49.048383
3930159,2024-06-15,55,UEFA Euro,282,2024,Group Stage,916,Hungary,773,Switzerland,1,3,2026-05-01T19:45:59.392947
3930160,2024-06-15,55,UEFA Euro,282,2024,Group Stage,772,Spain,785,Croatia,3,0,2026-05-01T19:45:01.052020
3930161,2024-06-15,55,UEFA Euro,282,2024,Group Stage,914,Italy,906,Albania,2,1,2026-05-01T19:47:11.911723
3930162,2024-06-16,55,UEFA Euro,282,2024,Group Stage,944,Slovenia,776,Denmark,1,1,2026-05-01T19:49:21.493258
3930163,2024-06-16,55,UEFA Euro,282,2024,Group Stage,786,Serbia,768,England,0,1,2026-05-01T19:48:19.783129
3930164,2024-06-17,55,UEFA Euro,282,2024,Group Stage,782,Belgium,908,Slovakia,0,1,2026-05-01T19:51:32.944920
3930165,2024-06-17,55,UEFA Euro,282,2024,Group Stage,915,Austria,771,France,0,1,2026-05-01T19:50:29.633847
3930166,2024-06-18,55,UEFA Euro,282,2024,Group Stage,780,Portugal,912,Czech Republic,2,1,2026-05-01T19:52:36.631184
3930167,2024-06-19,55,UEFA Euro,282,2024,Group Stage,785,Croatia,906,Albania,2,2,2026-05-01T19:44:26.796333
3930168,2024-06-19,55,UEFA Euro,282,2024,Group Stage,770,Germany,916,Hungary,2,0,2026-05-01T19:46:44.244653
3930169,2024-06-19,55,UEFA Euro,282,2024,Group Stage,942,Scotland,773,Switzerland,1,1,2026-05-01T19:45:31.930120
3930170,2024-06-20,55,UEFA Euro,282,2024,Group Stage,944,Slovenia,786,Serbia,1,1,2026-05-01T19:50:11.398180
3930171,2024-06-20,55,UEFA Euro,282,2024,Group Stage,776,Denmark,768,England,1,1,2026-05-01T19:47:51.892574
3930172,2024-06-20,55,UEFA Euro,282,2024,Group Stage,772,Spain,914,Italy,1,0,2026-05-01T19:49:03.402539
3930173,2024-06-21,55,UEFA Euro,282,2024,Group Stage,941,Netherlands,771,France,0,0,2026-05-01T19:51:17.821277
3930174,2024-06-22,55,UEFA Euro,282,2024,Group Stage,909,Turkey,780,Portugal,0,3,2026-05-01T19:53:20.935581
3930175,2024-06-22,55,UEFA Euro,282,2024,Group Stage,782,Belgium,905,Romania,2,0,2026-05-01T19:52:16.451217
3930176,2024-06-23,55,UEFA Euro,282,2024,Group Stage,773,Switzerland,770,Germany,1,1,2026-05-01T19:54:25.846072
3930177,2024-06-23,55,UEFA Euro,282,2024,Group Stage,942,Scotland,916,Hungary,0,1,2026-05-01T19:44:18.003020
3930178,2024-06-24,55,UEFA Euro,282,2024,Group Stage,785,Croatia,914,Italy,1,1,2026-05-01T19:45:23.956799
3930179,2024-06-24,55,UEFA Euro,282,2024,Group Stage,906,Albania,772,Spain,0,1,2026-05-01T19:46:24.060159
3930180,2024-06-25,55,UEFA Euro,282,2024,Group Stage,941,Netherlands,915,Austria,2,3,2026-05-01T19:49:21.034035
3930181,2024-06-25,55,UEFA Euro,282,2024,Group Stage,768,England,944,Slovenia,0,0,2026-05-01T19:48:27.887397
3930182,2024-06-25,55,UEFA Euro,282,2024,Group Stage,776,Denmark,786,Serbia,0,0,2026-05-01T19:47:28.693557
3930183,2024-06-26,55,UEFA Euro,282,2024,Group Stage,908,Slovakia,905,Romania,1,1,2026-05-01T19:50:13.356763
3930184,2024-06-26,55,UEFA Euro,282,2024,Group Stage,912,Czech Republic,909,Turkey,1,2,2024-08-15T15:36:29.017341
3938637,2024-06-16,55,UEFA Euro,282,2024,Group Stage,789,Poland,941,Netherlands,1,2,2026-05-01T09:26:08.384231
3938638,2024-06-17,55,UEFA Euro,282,2024,Group Stage,905,Romania,911,Ukraine,3,0,2026-05-01T09:27:13.675842
3938639,2024-06-18,55,UEFA Euro,282,2024,Group Stage,909,Turkey,2138,Georgia,3,1,2026-05-01T09:28:22.819373
3938640,2024-06-21,55,UEFA Euro,282,2024,Group Stage,908,Slovakia,911,Ukraine,1,2,2026-05-01T09:30:25.947399
3938641,2024-06-21,55,UEFA Euro,282,2024,Group Stage,789,Poland,915,Austria,1,3,2026-05-01T09:29:24.560133
3938642,2024-06-22,55,UEFA Euro,282,2024,Group Stage,2138,Georgia,912,Czech Republic,1,1,2026-05-01T09:31:28.135473
3938643,2024-06-25,55,UEFA Euro,282,2024,Group Stage,771,France,789,Poland,1,1,2026-05-01T09:32:36.453598
3938644,2024-06-26,55,UEFA Euro,282,2024,Group Stage,2138,Georgia,780,Portugal,2,0,2026-05-01T09:33:42.825432
3938645,2024-06-26,55,UEFA Euro,282,2024,Group Stage,911,Ukraine,782,Belgium,0,0,2026-05-01T09:34:44.803734
3940878,2024-06-29,55,UEFA Euro,282,2024,Round of 16,773,Switzerland,914,Italy,2,0,2026-04-28T18:37:13.038356
3940983,2024-06-29,55,UEFA Euro,282,2024,Round of 16,770,Germany,776,Denmark,2,0,2026-04-28T18:38:21.125369
3941017,2024-06-30,55,UEFA Euro,282,2024,Round of 16,768,England,908,Slovakia,2,1,2026-04-28T18:41:06.699931
3941018,2024-06-30,55,UEFA Euro,282,2024,Round of 16,772,Spain,2138,Georgia,4,1,2026-04-28T18:39:39.065203
3941019,2024-07-01,55,UEFA Euro,282,2024,Round of 16,771,France,782,Belgium,1,0,2026-04-28T18:43:38.448635
3941020,2024-07-01,55,UEFA Euro,282,2024,Round of 16,780,Portugal,944,Slovenia,0,0,2026-04-28T18:42:19.506332
3941021,2024-07-02,55,UEFA Euro,282,2024,Round of 16,905,Romania,941,Netherlands,0,3,2026-04-28T18:44:35.399441
3941022,2024-07-02,55,UEFA Euro,282,2024,Round of 16,915,Austria,909,Turkey,1,2,2026-04-28T18:45:46.987394
3942226,2024-07-05,55,UEFA Euro,282,2024,Quarter-finals,772,Spain,770,Germany,2,1,2026-04-28T18:47:02.268381
3942227,2024-07-06,55,UEFA Euro,282,2024,Quarter-finals,768,England,773,Switzerland,1,1,2026-04-28T18:36:59.072443
3942349,2024-07-05,55,UEFA Euro,282,2024,Quarter-finals,780,Portugal,771,France,0,0,2026-04-29T01:41:50.982383
3942382,2024-07-06,55,UEFA Euro,282,2024,Quarter-finals,941,Netherlands,909,Turkey,2,1,2026-04-29T01:42:47.615163
3942752,2024-07-09,55,UEFA Euro,282,2024,Semi-finals,772,Spain,771,France,2,1,2026-04-29T01:43:46.587696
3942819,2024-07-10,55,UEFA Euro,282,2024,Semi-finals,941,Netherlands,768,England,1,2,2026-04-29T01:44:42.908892
3943043,2024-07-14,55,UEFA Euro,282,2024,Final,772,Spain,768,England,2,1,2026-04-29T01:45:39.959110
22921,2019-06-07,72,Women's World Cup,30,2019,Group Stage,861,France Women's,1211,Korea Republic Women's,4,0,2025-09-10T22:38:18.033068
22924,2019-06-08,72,Women's World Cup,30,2019,Group Stage,852,Norway Women's,1213,Nigeria Women's,3,0,2026-05-15T15:20:38.687207
22926,2019-06-08,72,Women's World Cup,30,2019,Group Stage,857,Germany Women's,1207,China PR Women's,1,0,2026-05-15T15:21:36.184896
22930,2019-06-08,72,Women's World Cup,30,2019,Group Stage,863,Spain Women's,1216,South Africa Women's,3,1,2026-05-15T15:19:39.803771
22933,2019-06-09,72,Women's World Cup,30,2019,Group Stage,1205,Australia Women's,855,Italy Women's,1,2,2025-09-10T22:43:05.160820
22934,2019-06-09,72,Women's World Cup,30,2019,Group Stage,1203,Brazil Women's,1212,Jamaica Women's,3,0,2026-05-15T15:22:34.281374
22936,2019-06-09,72,Women's World Cup,30,2019,Group Stage,865,England Women's,866,Scotland W,2,1,2025-11-21T08:48:01.822418
22939,2019-06-10,72,Women's World Cup,30,2019,Group Stage,1206,Canada Women's,1208,Cameroon W,1,0,2026-05-15T15:24:30.023483
22940,2019-06-10,72,Women's World Cup,30,2019,Group Stage,1204,Argentina Women's,1210,Japan Women's,0,0,2026-05-15T15:23:35.768534
22942,2019-06-11,72,Women's World Cup,30,2019,Group Stage,1215,New Zealand Women's,851,Netherlands Women's,0,1,2026-05-15T15:26:30.461688
22943,2019-06-11,72,Women's World Cup,30,2019,Group Stage,1214,United States Women's,1107,Thailand W,13,0,2026-05-15T15:25:28.434544
22944,2019-06-11,72,Women's World Cup,30,2019,Group Stage,1209,Chile Women's,858,Sweden Women's,0,2,2025-09-10T22:37:57.683798
22945,2019-06-12,72,Women's World Cup,30,2019,Group Stage,1213,Nigeria Women's,1211,Korea Republic Women's,2,0,2025-09-10T22:42:32.018051
22948,2019-06-12,72,Women's World Cup,30,2019,Group Stage,861,France Women's,852,Norway Women's,2,1,2025-09-10T22:41:39.556536
22949,2019-06-12,72,Women's World Cup,30,2019,Group Stage,857,Germany Women's,863,Spain Women's,1,0,2025-09-10T22:40:50.175937
22955,2019-06-13,72,Women's World Cup,30,2019,Group Stage,1205,Australia Women's,1203,Brazil Women's,3,2,2025-09-10T22:43:26.383962
22956,2019-06-13,72,Women's World Cup,30,2019,Group Stage,1216,South Africa Women's,1207,China PR Women's,0,1,2025-09-10T22:44:23.568355
22961,2019-06-14,72,Women's World Cup,30,2019,Group Stage,1210,Japan Women's,866,Scotland W,2,1,2026-05-15T15:27:30.629202
22962,2019-06-14,72,Women's World Cup,30,2019,Group Stage,865,England Women's,1204,Argentina Women's,1,0,2026-05-15T15:19:32.030447
22963,2019-06-14,72,Women's World Cup,30,2019,Group Stage,1212,Jamaica Women's,855,Italy Women's,0,5,2026-05-15T15:28:29.675131
22964,2019-06-15,72,Women's World Cup,30,2019,Group Stage,851,Netherlands Women's,1208,Cameroon W,3,1,2026-05-15T15:21:25.176104
22966,2019-06-15,72,Women's World Cup,30,2019,Group Stage,1206,Canada Women's,1215,New Zealand Women's,2,0,2026-05-15T15:20:28.389553
22973,2019-06-16,72,Women's World Cup,30,2019,Group Stage,858,Sweden Women's,1107,Thailand W,5,1,2025-09-10T22:42:12.118716
22974,2019-06-16,72,Women's World Cup,30,2019,Group Stage,1214,United States Women's,1209,Chile Women's,3,0,2026-05-15T15:22:25.358098
22980,2019-06-17,72,Women's World Cup,30,2019,Group Stage,1213,Nigeria Women's,861,France Women's,0,1,2026-05-15T15:23:16.388223
22981,2019-06-17,72,Women's World Cup,30,2019,Group Stage,1211,Korea Republic Women's,852,Norway Women's,1,2,2026-05-15T15:26:14.460237
22983,2019-06-17,72,Women's World Cup,30,2019,Group Stage,1207,China PR Women's,863,Spain Women's,0,0,2026-05-15T15:25:14.648211
22984,2019-06-17,72,Women's World Cup,30,2019,Group Stage,1216,South Africa Women's,857,Germany Women's,0,4,2026-05-15T15:24:16.503882
68311,2019-06-18,72,Women's World Cup,30,2019,Group Stage,1212,Jamaica Women's,1205,Australia Women's,1,4,2026-05-15T15:27:13.111064
68312,2019-06-18,72,Women's World Cup,30,2019,Group Stage,855,Italy Women's,1203,Brazil Women's,0,1,2026-05-15T15:28:05.319873
68337,2019-06-19,72,Women's World Cup,30,2019,Group Stage,1210,Japan Women's,865,England Women's,0,2,2026-05-15T15:20:52.187282
68338,2019-06-19,72,Women's World Cup,30,2019,Group Stage,866,Scotland W,1204,Argentina Women's,3,3,2026-05-15T15:19:43.211205
68343,2019-06-20,72,Women's World Cup,30,2019,Group Stage,1107,Thailand W,1209,Chile Women's,0,2,2026-05-15T15:21:48.946103
68344,2019-06-20,72,Women's World Cup,30,2019,Group Stage,851,Netherlands Women's,1206,Canada Women's,2,1,2026-05-15T15:22:48.711353
68345,2019-06-20,72,Women's World Cup,30,2019,Group Stage,858,Sweden Women's,1214,United States Women's,0,2,2026-05-15T15:24:54.026242
68346,2019-06-20,72,Women's World Cup,30,2019,Group Stage,1208,Cameroon W,1215,New Zealand Women's,2,1,2026-05-15T15:23:46.449267
68355,2019-06-22,72,Women's World Cup,30,2019,Round of 16,857,Germany Women's,1213,Nigeria Women's,3,0,2026-05-15T15:27:12.704005
68357,2019-06-22,72,Women's World Cup,30,2019,Round of 16,852,Norway Women's,1205,Australia Women's,1,1,2026-05-15T15:26:15.069461
68362,2019-06-23,72,Women's World Cup,30,2019,Round of 16,865,England Women's,1208,Cameroon W,3,0,2026-05-15T15:28:12.083323
69137,2019-06-23,72,Women's World Cup,30,2019,Round of 16,861,France Women's,1203,Brazil Women's,2,1,2026-05-15T15:29:17.269665
69161,2019-06-24,72,Women's World Cup,30,2019,Round of 16,863,Spain Women's,1214,United States Women's,1,2,2026-05-15T15:24:03.712284
69163,2019-06-24,72,Women's World Cup,30,2019,Round of 16,858,Sweden Women's,1206,Canada Women's,1,0,2026-05-15T15:23:11.912446
69188,2019-06-25,72,Women's World Cup,30,2019,Round of 16,851,Netherlands Women's,1210,Japan Women's,2,1,2026-05-15T15:25:11.626721
69191,2019-06-25,72,Women's World Cup,30,2019,Round of 16,855,Italy Women's,1207,China PR Women's,2,0,2025-09-10T22:41:07.334193
69199,2019-06-27,72,Women's World Cup,30,2019,Quarter-finals,852,Norway Women's,865,England Women's,0,3,2026-05-15T15:26:09.281114
69202,2019-06-28,72,Women's World Cup,30,2019,Quarter-finals,861,France Women's,1214,United States Women's,1,2,2026-05-15T15:27:00.825609
69205,2019-06-29,72,Women's World Cup,30,2019,Quarter-finals,855,Italy Women's,851,Netherlands Women's,0,2,2026-05-15T15:27:48.260826
69208,2019-06-29,72,Women's World Cup,30,2019,Quarter-finals,857,Germany Women's,858,Sweden Women's,1,2,2026-05-15T15:28:44.061042
69258,2019-07-02,72,Women's World Cup,30,2019,Semi-finals,865,England Women's,1214,United States Women's,1,2,2026-05-15T15:29:36.620874
69284,2019-07-03,72,Women's World Cup,30,2019,Semi-finals,851,Netherlands Women's,858,Sweden Women's,1,0,2026-05-15T15:30:45.270304
69301,2019-07-06,72,Women's World Cup,30,2019,3rd Place Final,865,England Women's,858,Sweden Women's,1,2,2026-05-15T15:31:40.299642
69321,2019-07-07,72,Women's World Cup,30,2019,Final,1214,United States Women's,851,Netherlands Women's,2,0,2025-09-10T22:47:44.656778
3893787,2023-07-20,72,Women's World Cup,107,2023,Group Stage,1215,New Zealand Women's,852,Norway Women's,1,0,2023-10-29T01:55:21.360158
3893788,2023-07-20,72,Women's World Cup,107,2023,Group Stage,1205,Australia Women's,16768,Republic of Ireland Women's,1,0,2023-10-19T06:09:06.498680
3893789,2023-07-21,72,Women's World Cup,107,2023,Group Stage,1106,Philippines Women's,860,Switzerland Women's,0,2,2026-05-03T13:41:04.299618
3893790,2023-07-21,72,Women's World Cup,107,2023,Group Stage,1213,Nigeria Women's,1206,Canada Women's,0,0,2026-05-03T13:41:54.907086
3893791,2023-07-21,72,Women's World Cup,107,2023,Group Stage,863,Spain Women's,1832,Costa Rica Women's,3,0,2026-05-03T13:39:55.715714
3893792,2023-07-22,72,Women's World Cup,107,2023,Group Stage,1214,United States Women's,16769,Vietnam Women's,3,0,2026-05-03T13:42:48.521811
3893793,2023-07-22,72,Women's World Cup,107,2023,Group Stage,6045,Zambia W,1210,Japan Women's,0,5,2026-05-03T13:45:49.320515
3893794,2023-07-22,72,Women's World Cup,107,2023,Group Stage,865,England Women's,2355,Haiti Women's,1,0,2026-05-03T13:44:46.270974
3893795,2023-07-22,72,Women's World Cup,107,2023,Group Stage,853,Denmark Women's,1207,China PR Women's,1,0,2026-05-03T13:43:49.004030
3893796,2023-07-23,72,Women's World Cup,107,2023,Group Stage,858,Sweden Women's,1216,South Africa Women's,2,1,2026-05-03T13:39:51.279262
3893797,2023-07-23,72,Women's World Cup,107,2023,Group Stage,851,Netherlands Women's,864,Portugal Women's,1,0,2026-05-03T13:46:41.493237
3893798,2023-07-23,72,Women's World Cup,107,2023,Group Stage,861,France Women's,1212,Jamaica Women's,0,0,2026-05-03T13:47:32.251590
3893799,2023-07-24,72,Women's World Cup,107,2023,Group Stage,857,Germany Women's,2391,Morocco Women's,6,0,2026-05-03T13:41:04.596478
3893800,2023-07-24,72,Women's World Cup,107,2023,Group Stage,855,Italy Women's,1204,Argentina Women's,1,0,2023-08-12T17:44:57.719395
3893801,2023-07-24,72,Women's World Cup,107,2023,Group Stage,1203,Brazil Women's,16803,Panama Women's,4,0,2026-05-03T13:42:03.798603
3893802,2023-07-25,72,Women's World Cup,107,2023,Group Stage,16802,Colombia Women's,1211,Korea Republic Women's,2,0,2026-05-03T13:43:01.520652
3893803,2023-07-25,72,Women's World Cup,107,2023,Group Stage,1215,New Zealand Women's,1106,Philippines Women's,0,1,2024-08-05T15:39:47.734503
3893804,2023-07-25,72,Women's World Cup,107,2023,Group Stage,860,Switzerland Women's,852,Norway Women's,0,0,2026-05-03T13:44:04.000405
3893805,2023-07-26,72,Women's World Cup,107,2023,Group Stage,1210,Japan Women's,1832,Costa Rica Women's,2,0,2026-05-03T13:46:13.054610
3893806,2023-07-26,72,Women's World Cup,107,2023,Group Stage,863,Spain Women's,6045,Zambia W,5,0,2026-05-03T13:47:20.877353
3893807,2023-07-26,72,Women's World Cup,107,2023,Group Stage,1206,Canada Women's,16768,Republic of Ireland Women's,2,1,2026-05-03T13:45:06.249069
3893808,2023-07-27,72,Women's World Cup,107,2023,Group Stage,1214,United States Women's,851,Netherlands Women's,1,1,2026-05-03T13:49:22.028198
3893809,2023-07-27,72,Women's World Cup,107,2023,Group Stage,1205,Australia Women's,1213,Nigeria Women's,2,3,2023-10-28T17:01:57.088664
3893810,2023-07-27,72,Women's World Cup,107,2023,Group Stage,864,Portugal Women's,16769,Vietnam Women's,2,0,2026-05-03T13:48:18.626103
3893811,2023-07-28,72,Women's World Cup,107,2023,Group Stage,865,England Women's,853,Denmark Women's,1,0,2026-05-03T13:42:34.319661
3893812,2023-07-28,72,Women's World Cup,107,2023,Group Stage,1204,Argentina Women's,1216,South Africa Women's,2,2,2026-05-03T13:41:24.918506
3893813,2023-07-28,72,Women's World Cup,107,2023,Group Stage,1207,China PR Women's,2355,Haiti Women's,1,0,2026-05-03T13:40:13.436174
3893814,2023-07-29,72,Women's World Cup,107,2023,Group Stage,858,Sweden Women's,855,Italy Women's,5,0,2026-05-03T13:43:44.981656
3893815,2023-07-29,72,Women's World Cup,107,2023,Group Stage,861,France Women's,1203,Brazil Women's,2,1,2023-11-05T10:11:40.526382
3893816,2023-07-29,72,Women's World Cup,107,2023,Group Stage,16803,Panama Women's,1212,Jamaica Women's,0,1,2026-05-03T13:44:52.663741
3893817,2023-07-30,72,Women's World Cup,107,2023,Group Stage,860,Switzerland Women's,1215,New Zealand Women's,0,0,2023-10-29T03:14:53.100822
3893818,2023-07-30,72,Women's World Cup,107,2023,Group Stage,857,Germany Women's,16802,Colombia Women's,1,2,2026-05-03T13:48:18.300577
3893819,2023-07-30,72,Women's World Cup,107,2023,Group Stage,1211,Korea Republic Women's,2391,Morocco Women's,0,1,2026-05-03T13:45:58.693459
3893820,2023-07-30,72,Women's World Cup,107,2023,Group Stage,852,Norway Women's,1106,Philippines Women's,6,0,2026-05-03T13:47:07.635791
3893821,2023-07-31,72,Women's World Cup,107,2023,Group Stage,1206,Canada Women's,1205,Australia Women's,0,4,2023-10-24T22:53:36.800379
3893822,2023-07-31,72,Women's World Cup,107,2023,Group Stage,1210,Japan Women's,863,Spain Women's,4,0,2026-05-03T13:49:41.352078
3893823,2023-07-31,72,Women's World Cup,107,2023,Group Stage,1832,Costa Rica Women's,6045,Zambia W,1,3,2026-05-03T13:50:46.536211
3893824,2023-07-31,72,Women's World Cup,107,2023,Group Stage,16768,Republic of Ireland Women's,1213,Nigeria Women's,0,0,2026-05-03T13:41:00.240925
3893825,2023-08-01,72,Women's World Cup,107,2023,Group Stage,2355,Haiti Women's,853,Denmark Women's,0,2,2026-05-03T13:43:30.247676
3893826,2023-08-01,72,Women's World Cup,107,2023,Group Stage,864,Portugal Women's,1214,United States Women's,0,0,2026-05-03T13:44:31.865040
3893827,2023-08-01,72,Women's World Cup,107,2023,Group Stage,16769,Vietnam Women's,851,Netherlands Women's,0,7,2026-05-03T13:45:49.889065
3893828,2023-08-01,72,Women's World Cup,107,2023,Group Stage,1207,China PR Women's,865,England Women's,1,6,2026-05-03T13:42:19.983396
3893829,2023-08-02,72,Women's World Cup,107,2023,Group Stage,16803,Panama Women's,861,France Women's,3,6,2026-05-03T13:49:05.785930
3893830,2023-08-02,72,Women's World Cup,107,2023,Group Stage,1204,Argentina Women's,858,Sweden Women's,0,2,2023-12-08T19:46:08.458287
3893831,2023-08-02,72,Women's World Cup,107,2023,Group Stage,1216,South Africa Women's,855,Italy Women's,3,2,2026-05-03T13:46:57.071022
3893832,2023-08-02,72,Women's World Cup,107,2023,Group Stage,1212,Jamaica Women's,1203,Brazil Women's,0,0,2026-05-03T13:48:01.900207
3893833,2023-08-03,72,Women's World Cup,107,2023,Group Stage,1211,Korea Republic Women's,857,Germany Women's,1,1,2023-08-04T21:33:56.230246
3893834,2023-08-03,72,Women's World Cup,107,2023,Group Stage,2391,Morocco Women's,16802,Colombia Women's,1,0,2026-05-03T13:50:14.324089
3901733,2023-08-05,72,Women's World Cup,107,2023,Round of 16,860,Switzerland Women's,863,Spain Women's,1,5,2026-05-03T13:51:31.021141
3901734,2023-08-05,72,Women's World Cup,107,2023,Round of 16,1210,Japan Women's,852,Norway Women's,3,1,2026-05-03T13:41:04.483533
3901735,2023-08-07,72,Women's World Cup,107,2023,Round of 16,865,England Women's,1213,Nigeria Women's,0,0,2023-10-19T13:25:10.355990
3901736,2023-08-07,72,Women's World Cup,107,2023,Round of 16,1205,Australia Women's,853,Denmark Women's,2,0,2026-05-03T02:19:19.906326
3901796,2023-08-06,72,Women's World Cup,107,2023,Round of 16,851,Netherlands Women's,1216,South Africa Women's,2,0,2026-05-03T13:42:12.733391
3901797,2023-08-06,72,Women's World Cup,107,2023,Round of 16,858,Sweden Women's,1214,United States Women's,0,0,2026-05-03T13:43:30.817005
3901832,2023-08-08,72,Women's World Cup,107,2023,Round of 16,16802,Colombia Women's,1212,Jamaica Women's,1,0,2026-05-03T01:49:48.406902
3901833,2023-08-08,72,Women's World Cup,107,2023,Round of 16,861,France Women's,2391,Morocco Women's,4,0,2026-05-03T01:50:51.137294
3902239,2023-08-11,72,Women's World Cup,107,2023,Quarter-finals,1210,Japan Women's,858,Sweden Women's,1,2,2026-05-02T13:50:47.537883
3902240,2023-08-11,72,Women's World Cup,107,2023,Quarter-finals,863,Spain Women's,851,Netherlands Women's,2,1,2026-05-02T13:52:09.102781
3902967,2023-08-12,72,Women's World Cup,107,2023,Quarter-finals,865,England Women's,16802,Colombia Women's,2,1,2026-05-02T13:53:19.273716
3902968,2023-08-12,72,Women's World Cup,107,2023,Quarter-finals,1205,Australia Women's,861,France Women's,0,0,2025-07-14T10:07:06.620906
3904628,2023-08-15,72,Women's World Cup,107,2023,Semi-finals,863,Spain Women's,858,Sweden Women's,2,1,2026-05-02T13:54:26.006834
3904629,2023-08-16,72,Women's World Cup,107,2023,Semi-finals,1205,Australia Women's,865,England Women's,1,3,2024-05-23T08:35:51.665229
3906389,2023-08-19,72,Women's World Cup,107,2023,3rd Place Final,858,Sweden Women's,1205,Australia Women's,2,0,2024-02-13T14:14:42.021817
3906390,2023-08-20,72,Women's World Cup,107,2023,Final,863,Spain Women's,865,England Women's,1,0,2024-02-13T14:15:39.469890
3889115,1997-10-25,81,Liga Profesional,48,1997/1998,Apertura,1324,River Plate,1328,Boca Juniors,1,2,2023-06-28T11:19:54.593488
3889082,1981-04-10,81,Liga Profesional,275,1981,Regular Season,1328,Boca Juniors,1324,River Plate,3,0,2023-12-05T14:19:40.272816
3750248,1984-05-05,87,Copa del Rey,84,1983/1984,Final,215,Athletic Club,217,Barcelona,1,0,2024-02-13T01:54:12.946985
3888721,1983-06-04,87,Copa del Rey,268,1982/1983,Final,217,Barcelona,220,Real Madrid,2,1,2024-02-13T14:19:57.954551
3888754,1978-04-19,87,Copa del Rey,279,1977/1978,Final,217,Barcelona,208,Las Palmas,3,1,2024-02-13T14:26:19.978418
3750234,1977-08-28,116,North American League,68,1977,Final,2735,NY Cosmos,488,Seattle Sounders,2,1,2025-02-20T11:41:45.243252
3910620,2023-09-17,131,Serie A Women,281,2023/2024,Regular Season,11558,Como W,3155,Napoli W,2,1,2026-04-11T13:29:49.465639
3910621,2023-09-16,131,Serie A Women,281,2023/2024,Regular Season,1086,Fiorentina W,3154,Sassuolo W,2,1,2026-04-10T14:47:04.468126
3910622,2023-09-17,131,Serie A Women,281,2023/2024,Regular Season,3150,AC Milan W,3152,AS Roma W,2,4,2026-04-07T11:17:35.668807
3910623,2023-09-16,131,Serie A Women,281,2023/2024,Regular Season,6755,Pomigliano,1076,Juventus W,2,3,2026-04-11T12:58:35.505763
3910624,2023-09-17,131,Serie A Women,281,2023/2024,Regular Season,6757,Sampdoria W,3144,FC Internazionale Milano W,0,2,2026-04-07T18:31:23.484562
3911869,2023-09-30,131,Serie A Women,281,2023/2024,Regular Season,3152,AS Roma W,11558,Como W,4,1,2026-04-07T11:18:39.304932
3911870,2023-10-01,131,Serie A Women,281,2023/2024,Regular Season,3155,Napoli W,3150,AC Milan W,0,1,2026-04-10T14:49:00.435477
3911871,2023-10-01,131,Serie A Women,281,2023/2024,Regular Season,3154,Sassuolo W,6755,Pomigliano,1,1,2026-04-10T14:47:59.890479
3911872,2023-10-01,131,Serie A Women,281,2023/2024,Regular Season,1076,Juventus W,6757,Sampdoria W,4,1,2026-04-10T14:49:56.692009
3911873,2023-10-02,131,Serie A Women,281,2023/2024,Regular Season,3144,FC Internazionale Milano W,1086,Fiorentina W,1,1,2026-04-08T01:43:24.255459
3912477,2023-10-07,131,Serie A Women,281,2023/2024,Regular Season,6755,Pomigliano,3152,AS Roma W,0,5,2026-04-07T11:20:39.716434
3912478,2023-10-07,131,Serie A Women,281,2023/2024,Regular Season,6757,Sampdoria W,11558,Como W,1,2,2023-10-12T20:10:58.287444
3912479,2023-10-07,131,Serie A Women,281,2023/2024,Regular Season,3150,AC Milan W,1076,Juventus W,0,1,2026-04-11T13:00:10.261485
3912480,2023-10-08,131,Serie A Women,281,2023/2024,Regular Season,3154,Sassuolo W,3144,FC Internazionale Milano W,1,2,2026-04-10T14:51:53.121719
3912481,2023-10-08,131,Serie A Women,281,2023/2024,Regular Season,1086,Fiorentina W,3155,Napoli W,2,0,2026-04-10T14:50:53.547042
3912482,2023-10-15,131,Serie A Women,281,2023/2024,Regular Season,3152,AS Roma W,3144,FC Internazionale Milano W,2,0,2026-04-07T18:33:19.909610
3912483,2023-10-14,131,Serie A Women,281,2023/2024,Regular Season,11558,Como W,3150,AC Milan W,0,0,2026-04-07T11:22:32.299381
3912484,2023-10-15,131,Serie A Women,281,2023/2024,Regular Season,1076,Juventus W,3154,Sassuolo W,4,0,2026-04-10T14:53:45.044612
3912485,2023-10-14,131,Serie A Women,281,2023/2024,Regular Season,3155,Napoli W,6757,Sampdoria W,0,2,2026-04-10T14:52:45.302648
3912486,2023-10-15,131,Serie A Women,281,2023/2024,Regular Season,6755,Pomigliano,1086,Fiorentina W,1,4,2026-04-11T13:01:01.015227
3912487,2023-10-22,131,Serie A Women,281,2023/2024,Regular Season,6757,Sampdoria W,3152,AS Roma W,0,5,2026-04-10T14:50:27.359871
3912488,2023-10-22,131,Serie A Women,281,2023/2024,Regular Season,3150,AC Milan W,6755,Pomigliano,4,1,2026-04-07T11:25:46.146366
3912489,2023-10-21,131,Serie A Women,281,2023/2024,Regular Season,3144,FC Internazionale Milano W,3155,Napoli W,2,0,2026-04-11T13:01:50.578590
3912490,2023-10-22,131,Serie A Women,281,2023/2024,Regular Season,1086,Fiorentina W,1076,Juventus W,1,2,2026-04-10T14:49:32.980194
3912491,2023-10-21,131,Serie A Women,281,2023/2024,Regular Season,3154,Sassuolo W,11558,Como W,1,2,2026-04-10T14:54:44.280408
3912492,2023-11-04,131,Serie A Women,281,2023/2024,Regular Season,1086,Fiorentina W,3150,AC Milan W,1,0,2026-04-10T14:51:23.220962
3912493,2023-11-05,131,Serie A Women,281,2023/2024,Regular Season,1076,Juventus W,3152,AS Roma W,1,3,2026-04-10T14:52:18.457475
3912494,2023-11-05,131,Serie A Women,281,2023/2024,Regular Season,3155,Napoli W,3154,Sassuolo W,0,1,2026-04-10T14:53:20.238580
3912495,2023-11-04,131,Serie A Women,281,2023/2024,Regular Season,6755,Pomigliano,6757,Sampdoria W,0,1,2026-04-11T08:45:13.314617
3912496,2023-11-05,131,Serie A Women,281,2023/2024,Regular Season,11558,Como W,3144,FC Internazionale Milano W,2,1,2026-04-07T18:34:15.362469
3912497,2023-11-11,131,Serie A Women,281,2023/2024,Regular Season,3152,AS Roma W,3155,Napoli W,6,0,2026-04-11T13:02:46.609025
3912498,2023-11-12,131,Serie A Women,281,2023/2024,Regular Season,11558,Como W,1076,Juventus W,0,3,2026-04-11T13:03:45.464686
3912499,2023-11-12,131,Serie A Women,281,2023/2024,Regular Season,3144,FC Internazionale Milano W,6755,Pomigliano,2,1,2026-04-08T01:45:27.439662
3912500,2023-11-11,131,Serie A Women,281,2023/2024,Regular Season,3150,AC Milan W,3154,Sassuolo W,1,1,2026-04-11T08:46:15.648716
3912501,2023-11-12,131,Serie A Women,281,2023/2024,Regular Season,6757,Sampdoria W,1086,Fiorentina W,0,1,2026-04-10T14:54:13.917119
3912502,2023-11-19,131,Serie A Women,281,2023/2024,Regular Season,3154,Sassuolo W,3152,AS Roma W,0,2,2026-04-10T14:47:45.462039
3912503,2023-11-19,131,Serie A Women,281,2023/2024,Regular Season,6755,Pomigliano,3155,Napoli W,2,1,2026-04-11T12:57:30.779215
3912504,2023-11-18,131,Serie A Women,281,2023/2024,Regular Season,3150,AC Milan W,6757,Sampdoria W,1,1,2026-04-11T13:04:36.623002
3912505,2023-11-19,131,Serie A Women,281,2023/2024,Regular Season,1076,Juventus W,3144,FC Internazionale Milano W,5,0,2026-04-07T18:35:08.790846
3912506,2023-11-18,131,Serie A Women,281,2023/2024,Regular Season,1086,Fiorentina W,11558,Como W,3,0,2026-04-10T14:55:12.241430
3912507,2023-11-26,131,Serie A Women,281,2023/2024,Regular Season,3152,AS Roma W,1086,Fiorentina W,2,1,2023-11-27T16:44:31.293697
3912508,2023-11-25,131,Serie A Women,281,2023/2024,Regular Season,11558,Como W,6755,Pomigliano,0,0,2023-12-02T19:57:30.196035
3912509,2023-11-26,131,Serie A Women,281,2023/2024,Regular Season,6757,Sampdoria W,3154,Sassuolo W,0,4,2026-04-10T14:48:55.796267
3912510,2023-11-25,131,Serie A Women,281,2023/2024,Regular Season,3144,FC Internazionale Milano W,3150,AC Milan W,1,0,2026-04-08T01:46:25.345368
3912511,2023-11-26,131,Serie A Women,281,2023/2024,Regular Season,3155,Napoli W,1076,Juventus W,1,3,2026-04-10T14:49:57.050190
3912512,2023-12-09,131,Serie A Women,281,2023/2024,Regular Season,3144,FC Internazionale Milano W,6757,Sampdoria W,1,1,2026-04-08T01:47:23.588635
3912513,2023-12-10,131,Serie A Women,281,2023/2024,Regular Season,3155,Napoli W,11558,Como W,0,0,2026-04-10T14:52:01.805528
3912514,2023-12-11,131,Serie A Women,281,2023/2024,Regular Season,3154,Sassuolo W,1086,Fiorentina W,1,2,2026-04-10T14:53:08.934506
3912515,2023-12-10,131,Serie A Women,281,2023/2024,Regular Season,3152,AS Roma W,3150,AC Milan W,2,1,2026-04-07T11:23:19.071359
3912516,2023-12-09,131,Serie A Women,281,2023/2024,Regular Season,1076,Juventus W,6755,Pomigliano,4,0,2026-04-10T14:50:58.518143
3912517,2023-12-17,131,Serie A Women,281,2023/2024,Regular Season,6755,Pomigliano,3154,Sassuolo W,0,2,2026-04-11T08:47:15.437433
3912518,2023-12-17,131,Serie A Women,281,2023/2024,Regular Season,11558,Como W,3152,AS Roma W,2,3,2026-04-07T11:25:19.011373
3912519,2023-12-16,131,Serie A Women,281,2023/2024,Regular Season,3150,AC Milan W,3155,Napoli W,1,1,2026-04-11T12:58:32.522842
3912520,2023-12-16,131,Serie A Women,281,2023/2024,Regular Season,6757,Sampdoria W,1076,Juventus W,1,0,2026-04-10T14:54:12.068851
3912521,2023-12-18,131,Serie A Women,281,2023/2024,Regular Season,1086,Fiorentina W,3144,FC Internazionale Milano W,4,2,2026-04-07T18:36:09.100057
3912522,2024-01-14,131,Serie A Women,281,2023/2024,Regular Season,3144,FC Internazionale Milano W,3154,Sassuolo W,0,1,2026-04-11T12:59:38.945810
3912523,2024-01-13,131,Serie A Women,281,2023/2024,Regular Season,3155,Napoli W,1086,Fiorentina W,2,4,2026-04-10T14:55:22.972100
3912524,2024-01-13,131,Serie A Women,281,2023/2024,Regular Season,1076,Juventus W,3150,AC Milan W,2,1,2026-04-10T14:56:27.513404
3912525,2024-01-13,131,Serie A Women,281,2023/2024,Regular Season,3152,AS Roma W,6755,Pomigliano,3,0,2026-04-07T11:26:22.590974
3912526,2024-01-14,131,Serie A Women,281,2023/2024,Regular Season,11558,Como W,6757,Sampdoria W,0,1,2026-04-11T08:48:12.814429
3912527,2024-01-20,131,Serie A Women,281,2023/2024,Regular Season,3144,FC Internazionale Milano W,3152,AS Roma W,2,0,2026-04-08T01:49:32.046263
3912528,2024-01-22,131,Serie A Women,281,2023/2024,Regular Season,3150,AC Milan W,11558,Como W,3,2,2026-04-07T11:19:13.481677
3912529,2024-01-21,131,Serie A Women,281,2023/2024,Regular Season,3154,Sassuolo W,1076,Juventus W,0,1,2026-04-10T14:55:38.555453
3912530,2024-01-20,131,Serie A Women,281,2023/2024,Regular Season,6757,Sampdoria W,3155,Napoli W,0,0,2026-04-10T14:57:25.071285
3912531,2024-01-21,131,Serie A Women,281,2023/2024,Regular Season,1086,Fiorentina W,6755,Pomigliano,3,1,2026-04-10T14:56:35.122894
3912532,2024-01-28,131,Serie A Women,281,2023/2024,Regular Season,11558,Como W,3154,Sassuolo W,0,1,2026-04-11T08:49:15.202034
3912533,2024-01-29,131,Serie A Women,281,2023/2024,Regular Season,1076,Juventus W,1086,Fiorentina W,2,2,2026-04-10T14:58:39.059597
3912534,2024-01-27,131,Serie A Women,281,2023/2024,Regular Season,3155,Napoli W,3144,FC Internazionale Milano W,2,3,2026-04-10T14:57:35.726081
3912535,2024-01-28,131,Serie A Women,281,2023/2024,Regular Season,6755,Pomigliano,3150,AC Milan W,0,0,2026-04-07T11:21:24.103801
3912536,2024-01-27,131,Serie A Women,281,2023/2024,Regular Season,3152,AS Roma W,6757,Sampdoria W,2,0,2026-04-11T13:00:46.068151
3912537,2024-02-03,131,Serie A Women,281,2023/2024,Regular Season,3154,Sassuolo W,3155,Napoli W,2,0,2026-04-10T14:59:38.531045
3912538,2024-02-04,131,Serie A Women,281,2023/2024,Regular Season,3152,AS Roma W,1076,Juventus W,3,1,2026-04-11T13:02:41.312150
3912539,2024-02-03,131,Serie A Women,281,2023/2024,Regular Season,3150,AC Milan W,1086,Fiorentina W,2,2,2026-04-11T13:01:43.500244
3912540,2024-02-11,131,Serie A Women,281,2023/2024,Regular Season,1076,Juventus W,11558,Como W,5,0,2026-04-10T15:03:40.616959
3912541,2024-02-10,131,Serie A Women,281,2023/2024,Regular Season,3154,Sassuolo W,3150,AC Milan W,1,0,2026-04-10T15:01:39.063474
3912542,2024-02-11,131,Serie A Women,281,2023/2024,Regular Season,6755,Pomigliano,3144,FC Internazionale Milano W,2,6,2025-12-13T20:30:15.392519
3912543,2024-02-10,131,Serie A Women,281,2023/2024,Regular Season,3155,Napoli W,3152,AS Roma W,0,1,2026-04-10T15:02:38.936544
3912544,2024-02-11,131,Serie A Women,281,2023/2024,Regular Season,1086,Fiorentina W,6757,Sampdoria W,2,1,2026-04-10T15:04:44.398484
3912545,2024-02-14,131,Serie A Women,281,2023/2024,Regular Season,11558,Como W,1086,Fiorentina W,0,1,2026-04-11T13:03:50.119202
3912546,2024-02-14,131,Serie A Women,281,2023/2024,Regular Season,3144,FC Internazionale Milano W,1076,Juventus W,0,2,2026-04-08T01:42:41.412328
3912547,2024-02-14,131,Serie A Women,281,2023/2024,Regular Season,6757,Sampdoria W,3150,AC Milan W,1,3,2026-04-10T14:56:06.119520
3912548,2024-02-15,131,Serie A Women,281,2023/2024,Regular Season,3155,Napoli W,6755,Pomigliano,2,0,2026-04-10T14:57:02.025214
3912549,2024-02-13,131,Serie A Women,281,2023/2024,Regular Season,3152,AS Roma W,3154,Sassuolo W,3,0,2026-04-11T08:50:21.018431
3912550,2024-02-18,131,Serie A Women,281,2023/2024,Regular Season,6755,Pomigliano,11558,Como W,3,4,2025-12-13T20:31:10.628068
3912551,2024-02-17,131,Serie A Women,281,2023/2024,Regular Season,1086,Fiorentina W,3152,AS Roma W,0,1,2026-04-10T14:58:01.519047
3912552,2024-02-17,131,Serie A Women,281,2023/2024,Regular Season,3154,Sassuolo W,6757,Sampdoria W,2,0,2026-04-10T14:59:03.359761
3912553,2024-02-18,131,Serie A Women,281,2023/2024,Regular Season,1076,Juventus W,3155,Napoli W,4,1,2026-04-10T14:59:57.270051
3912554,2024-02-18,131,Serie A Women,281,2023/2024,Regular Season,3150,AC Milan W,3144,FC Internazionale Milano W,2,1,2026-04-07T18:28:52.700726
3912555,2024-02-03,131,Serie A Women,281,2023/2024,Regular Season,3144,FC Internazionale Milano W,11558,Como W,2,3,2026-04-08T01:50:34.238923
3912556,2024-02-04,131,Serie A Women,281,2023/2024,Regular Season,6757,Sampdoria W,6755,Pomigliano,1,0,2026-04-10T15:00:39.710733
3928984,2024-03-16,131,Serie A Women,281,2023/2024,Relegation Play-offs,6755,Pomigliano,6757,Sampdoria W,0,5,2026-04-11T13:04:50.050457
3928985,2024-03-16,131,Serie A Women,281,2023/2024,Championship Round,3154,Sassuolo W,1086,Fiorentina W,1,0,2026-04-10T15:00:57.089342
3928986,2024-03-17,131,Serie A Women,281,2023/2024,Championship Round,3144,FC Internazionale Milano W,1076,Juventus W,3,3,2026-04-08T01:43:31.837746
3928987,2024-03-17,131,Serie A Women,281,2023/2024,Relegation Play-offs,11558,Como W,3155,Napoli W,1,1,2026-04-11T13:05:45.531759
3928988,2024-03-23,131,Serie A Women,281,2023/2024,Relegation Play-offs,6757,Sampdoria W,11558,Como W,1,0,2026-04-10T15:01:56.784688
3928989,2024-03-23,131,Serie A Women,281,2023/2024,Championship Round,3152,AS Roma W,3154,Sassuolo W,3,0,2026-04-11T13:06:46.634190
3928990,2024-03-24,131,Serie A Women,281,2023/2024,Championship Round,1086,Fiorentina W,3144,FC Internazionale Milano W,0,3,2026-04-07T18:29:55.644981
3928991,2024-03-24,131,Serie A Women,281,2023/2024,Relegation Play-offs,3150,AC Milan W,6755,Pomigliano,4,0,2026-04-07T11:22:12.283093
3928992,2024-03-29,131,Serie A Women,281,2023/2024,Championship Round,3144,FC Internazionale Milano W,3152,AS Roma W,1,2,2026-04-08T01:44:29.280226
3928993,2024-03-30,131,Serie A Women,281,2023/2024,Relegation Play-offs,11558,Como W,3150,AC Milan W,1,4,2026-04-07T11:24:35.488890
3928994,2024-03-30,131,Serie A Women,281,2023/2024,Championship Round,1076,Juventus W,1086,Fiorentina W,4,0,2026-04-10T15:03:41.211280
3928995,2024-03-30,131,Serie A Women,281,2023/2024,Relegation Play-offs,3155,Napoli W,6757,Sampdoria W,2,0,2026-04-10T15:02:46.219892
3928996,2024-04-14,131,Serie A Women,281,2023/2024,Relegation Play-offs,3150,AC Milan W,3155,Napoli W,3,2,2026-04-11T09:16:10.127806
3928997,2024-04-15,131,Serie A Women,281,2023/2024,Championship Round,3152,AS Roma W,1076,Juventus W,2,1,2026-04-11T12:57:33.592147
3928998,2024-04-13,131,Serie A Women,281,2023/2024,Championship Round,3154,Sassuolo W,3144,FC Internazionale Milano W,2,1,2026-04-10T15:04:44.425690
3928999,2024-04-14,131,Serie A Women,281,2023/2024,Relegation Play-offs,6755,Pomigliano,11558,Como W,1,2,2024-04-16T12:23:06.211222
3929000,2024-04-20,131,Serie A Women,281,2023/2024,Championship Round,1086,Fiorentina W,3152,AS Roma W,0,0,2026-04-10T14:57:30.712575
3929001,2024-04-21,131,Serie A Women,281,2023/2024,Relegation Play-offs,6757,Sampdoria W,3150,AC Milan W,1,3,2026-04-10T14:59:25.893185
3929002,2024-04-21,131,Serie A Women,281,2023/2024,Relegation Play-offs,3155,Napoli W,6755,Pomigliano,1,1,2026-04-10T14:58:28.735223
3929003,2024-04-20,131,Serie A Women,281,2023/2024,Championship Round,1076,Juventus W,3154,Sassuolo W,2,1,2026-04-10T14:56:24.228922
3929004,2024-04-26,131,Serie A Women,281,2023/2024,Championship Round,1076,Juventus W,3144,FC Internazionale Milano W,0,2,2026-04-07T18:32:10.531049
3929005,2024-04-27,131,Serie A Women,281,2023/2024,Championship Round,1086,Fiorentina W,3154,Sassuolo W,4,4,2026-04-10T15:02:29.396136
3929006,2024-04-27,131,Serie A Women,281,2023/2024,Relegation Play-offs,6757,Sampdoria W,6755,Pomigliano,2,2,2026-04-10T15:01:24.840592
3929007,2024-04-27,131,Serie A Women,281,2023/2024,Relegation Play-offs,3155,Napoli W,11558,Como W,1,1,2026-04-10T15:00:21.818345
3929008,2024-05-01,131,Serie A Women,281,2023/2024,Championship Round,3154,Sassuolo W,3152,AS Roma W,5,6,2026-04-10T15:03:25.822478
3929009,2024-05-01,131,Serie A Women,281,2023/2024,Relegation Play-offs,6755,Pomigliano,3150,AC Milan W,2,2,2026-04-07T11:19:50.996304
3929010,2024-05-01,131,Serie A Women,281,2023/2024,Relegation Play-offs,11558,Como W,6757,Sampdoria W,3,1,2026-04-11T12:58:24.657847
3929011,2024-05-01,131,Serie A Women,281,2023/2024,Championship Round,3144,FC Internazionale Milano W,1086,Fiorentina W,2,2,2026-04-08T01:45:21.843873
3929012,2024-05-06,131,Serie A Women,281,2023/2024,Championship Round,1086,Fiorentina W,1076,Juventus W,0,2,2026-04-10T15:05:26.180980
3929013,2024-05-05,131,Serie A Women,281,2023/2024,Relegation Play-offs,3150,AC Milan W,11558,Como W,1,0,2026-04-07T11:21:59.640553
3929014,2024-05-05,131,Serie A Women,281,2023/2024,Relegation Play-offs,6757,Sampdoria W,3155,Napoli W,2,0,2026-04-10T15:04:23.919129
3929015,2024-05-05,131,Serie A Women,281,2023/2024,Championship Round,3152,AS Roma W,3144,FC Internazionale Milano W,4,3,2026-04-07T18:33:24.537515
3929016,2024-05-12,131,Serie A Women,281,2023/2024,Relegation Play-offs,3155,Napoli W,3150,AC Milan W,1,1,2026-04-10T14:57:15.438170
3929017,2024-05-13,131,Serie A Women,281,2023/2024,Championship Round,1076,Juventus W,3152,AS Roma W,3,1,2026-04-10T14:58:25.469393
3929018,2024-05-12,131,Serie A Women,281,2023/2024,Relegation Play-offs,11558,Como W,6755,Pomigliano,2,0,2024-05-13T21:42:42.784641
3929019,2024-05-12,131,Serie A Women,281,2023/2024,Championship Round,3144,FC Internazionale Milano W,3154,Sassuolo W,2,4,2026-04-11T12:59:17.203535
3929020,2024-05-19,131,Serie A Women,281,2023/2024,Championship Round,3152,AS Roma W,1086,Fiorentina W,5,0,2026-04-11T08:52:24.994389
3929021,2024-05-19,131,Serie A Women,281,2023/2024,Relegation Play-offs,6755,Pomigliano,3155,Napoli W,3,1,2026-04-11T08:51:20.299298
3929022,2024-05-18,131,Serie A Women,281,2023/2024,Relegation Play-offs,3150,AC Milan W,6757,Sampdoria W,3,1,2026-04-11T13:00:14.356118
3929023,2024-05-18,131,Serie A Women,281,2023/2024,Championship Round,3154,Sassuolo W,1076,Juventus W,2,3,2026-04-10T14:59:31.407911
3910730,2023-09-15,135,Frauen Bundesliga,281,2023/2024,Regular Season,3165,SC Freiburg,1069,Bayern München W,2,2,2026-04-07T10:14:12.183654
3910731,2023-09-16,135,Frauen Bundesliga,281,2023/2024,Regular Season,3169,Hoffenheim W,924,Duisburg WFC,9,0,2026-04-10T14:46:48.657065
3910732,2023-09-16,135,Frauen Bundesliga,281,2023/2024,Regular Season,19106,Nürnberg W,3168,SV Werder Bremen,1,5,2023-10-29T03:43:17.738130
3910733,2023-09-17,135,Frauen Bundesliga,281,2023/2024,Regular Season,6602,Köln,19107,RB Leipzig W,2,1,2023-09-21T12:38:47.612164
3910734,2023-09-17,135,Frauen Bundesliga,281,2023/2024,Regular Season,929,VfL Wolfsburg WFC,3166,TSV Bayer 04 Leverkusen,3,0,2023-10-29T01:24:10.092459
3910735,2023-09-17,135,Frauen Bundesliga,281,2023/2024,Regular Season,3164,SGS Essen 19/68,3170,Eintracht Frankfurt W,2,0,2026-04-07T18:29:11.284694
3911755,2023-09-29,135,Frauen Bundesliga,281,2023/2024,Regular Season,19107,RB Leipzig W,3164,SGS Essen 19/68,3,2,2023-10-04T23:46:53.470256
3911756,2023-09-30,135,Frauen Bundesliga,281,2023/2024,Regular Season,3166,TSV Bayer 04 Leverkusen,19106,Nürnberg W,6,0,2023-10-29T03:44:20.817197
3911757,2023-09-30,135,Frauen Bundesliga,281,2023/2024,Regular Season,3168,SV Werder Bremen,3169,Hoffenheim W,1,3,2026-04-11T12:57:43.455342
3911758,2023-10-01,135,Frauen Bundesliga,281,2023/2024,Regular Season,924,Duisburg WFC,3165,SC Freiburg,2,2,2024-06-11T14:10:11.336613
3911759,2023-10-01,135,Frauen Bundesliga,281,2023/2024,Regular Season,3170,Eintracht Frankfurt W,929,VfL Wolfsburg WFC,2,4,2026-04-07T15:15:05.688533
3911760,2023-10-02,135,Frauen Bundesliga,281,2023/2024,Regular Season,1069,Bayern München W,6602,Köln,2,0,2026-04-07T10:15:18.748754
3911761,2023-10-06,135,Frauen Bundesliga,281,2023/2024,Regular Season,929,VfL Wolfsburg WFC,19106,Nürnberg W,1,0,2023-10-28T11:31:03.087305
3911762,2023-10-07,135,Frauen Bundesliga,281,2023/2024,Regular Season,3170,Eintracht Frankfurt W,19107,RB Leipzig W,3,1,2026-04-07T15:15:58.404487
3911763,2023-10-07,135,Frauen Bundesliga,281,2023/2024,Regular Season,6602,Köln,924,Duisburg WFC,4,1,2023-10-27T07:57:58.514748
3911764,2023-10-08,135,Frauen Bundesliga,281,2023/2024,Regular Season,3164,SGS Essen 19/68,1069,Bayern München W,0,2,2026-04-07T10:16:25.301724
3911765,2023-10-08,135,Frauen Bundesliga,281,2023/2024,Regular Season,3165,SC Freiburg,3168,SV Werder Bremen,2,1,2023-10-29T03:46:23.375473
3911766,2023-10-09,135,Frauen Bundesliga,281,2023/2024,Regular Season,3169,Hoffenheim W,3166,TSV Bayer 04 Leverkusen,2,2,2026-04-10T14:47:54.585132
3911767,2023-10-13,135,Frauen Bundesliga,281,2023/2024,Regular Season,19106,Nürnberg W,3169,Hoffenheim W,0,3,2026-04-11T12:58:42.321713
3911768,2023-10-14,135,Frauen Bundesliga,281,2023/2024,Regular Season,1069,Bayern München W,3170,Eintracht Frankfurt W,0,0,2026-04-07T18:30:11.141026
3911769,2023-10-14,135,Frauen Bundesliga,281,2023/2024,Regular Season,3168,SV Werder Bremen,6602,Köln,3,0,2023-12-24T12:15:21.036018
3911770,2023-10-15,135,Frauen Bundesliga,281,2023/2024,Regular Season,19107,RB Leipzig W,929,VfL Wolfsburg WFC,0,2,2023-11-05T22:11:20.304407
3911771,2023-10-15,135,Frauen Bundesliga,281,2023/2024,Regular Season,3166,TSV Bayer 04 Leverkusen,3165,SC Freiburg,3,0,2023-10-29T03:48:11.555975
3911772,2023-10-16,135,Frauen Bundesliga,281,2023/2024,Regular Season,924,Duisburg WFC,3164,SGS Essen 19/68,0,1,2023-10-29T03:49:04.612227
3911773,2023-10-20,135,Frauen Bundesliga,281,2023/2024,Regular Season,6602,Köln,3166,TSV Bayer 04 Leverkusen,0,1,2023-11-05T07:52:34.158040
3911774,2023-10-21,135,Frauen Bundesliga,281,2023/2024,Regular Season,3164,SGS Essen 19/68,3168,SV Werder Bremen,1,1,2023-11-12T08:16:03.871290
3911775,2023-10-21,135,Frauen Bundesliga,281,2023/2024,Regular Season,3165,SC Freiburg,19106,Nürnberg W,0,2,2023-11-03T02:41:34.407422
3911776,2023-10-22,135,Frauen Bundesliga,281,2023/2024,Regular Season,929,VfL Wolfsburg WFC,3169,Hoffenheim W,2,2,2026-04-11T12:59:44.786943
3911777,2023-10-22,135,Frauen Bundesliga,281,2023/2024,Regular Season,3170,Eintracht Frankfurt W,924,Duisburg WFC,5,1,2026-04-07T15:16:54.830089
3911778,2023-10-22,135,Frauen Bundesliga,281,2023/2024,Regular Season,19107,RB Leipzig W,1069,Bayern München W,0,3,2026-04-07T10:18:34.961918
3911779,2023-11-04,135,Frauen Bundesliga,281,2023/2024,Regular Season,3169,Hoffenheim W,3165,SC Freiburg,2,3,2026-04-10T14:49:04.484236
3911780,2023-11-06,135,Frauen Bundesliga,281,2023/2024,Regular Season,3168,SV Werder Bremen,3170,Eintracht Frankfurt W,0,1,2026-04-07T18:31:29.149211
3911781,2023-11-03,135,Frauen Bundesliga,281,2023/2024,Regular Season,924,Duisburg WFC,19107,RB Leipzig W,1,1,2023-11-18T10:27:41.477041
3911782,2023-11-04,135,Frauen Bundesliga,281,2023/2024,Regular Season,3166,TSV Bayer 04 Leverkusen,3164,SGS Essen 19/68,0,0,2023-11-13T17:06:39.751810
3911783,2023-11-05,135,Frauen Bundesliga,281,2023/2024,Regular Season,1069,Bayern München W,929,VfL Wolfsburg WFC,2,1,2023-11-06T11:56:33.388770
3911784,2023-11-05,135,Frauen Bundesliga,281,2023/2024,Regular Season,19106,Nürnberg W,6602,Köln,1,3,2024-09-28T13:13:50.000469
3911785,2023-11-12,135,Frauen Bundesliga,281,2023/2024,Regular Season,929,VfL Wolfsburg WFC,3165,SC Freiburg,4,0,2024-09-01T07:31:49.198992
3911786,2023-11-10,135,Frauen Bundesliga,281,2023/2024,Regular Season,3170,Eintracht Frankfurt W,3166,TSV Bayer 04 Leverkusen,2,2,2026-04-07T15:17:49.981632
3911787,2023-11-11,135,Frauen Bundesliga,281,2023/2024,Regular Season,3164,SGS Essen 19/68,19106,Nürnberg W,5,0,2023-12-20T02:44:58.312758
3911788,2023-11-12,135,Frauen Bundesliga,281,2023/2024,Regular Season,1069,Bayern München W,924,Duisburg WFC,2,0,2026-04-07T10:13:42.294876
3911789,2023-11-13,135,Frauen Bundesliga,281,2023/2024,Regular Season,6602,Köln,3169,Hoffenheim W,1,2,2023-11-19T15:24:25.600287
3911790,2023-11-11,135,Frauen Bundesliga,281,2023/2024,Regular Season,19107,RB Leipzig W,3168,SV Werder Bremen,0,5,2024-01-13T20:57:08.792350
3911791,2023-11-18,135,Frauen Bundesliga,281,2023/2024,Regular Season,929,VfL Wolfsburg WFC,924,Duisburg WFC,2,0,2023-12-29T22:06:40.996624
3911792,2023-11-20,135,Frauen Bundesliga,281,2023/2024,Regular Season,3165,SC Freiburg,6602,Köln,3,3,2023-11-25T11:47:32.690023
3911793,2023-11-17,135,Frauen Bundesliga,281,2023/2024,Regular Season,3169,Hoffenheim W,3164,SGS Essen 19/68,0,3,2023-11-21T16:34:15.227674
3911794,2023-11-19,135,Frauen Bundesliga,281,2023/2024,Regular Season,3166,TSV Bayer 04 Leverkusen,19107,RB Leipzig W,1,1,2023-11-21T13:25:37.545571
3911795,2023-11-19,135,Frauen Bundesliga,281,2023/2024,Regular Season,3168,SV Werder Bremen,1069,Bayern München W,0,2,2026-04-07T10:14:42.223574
3911796,2023-11-18,135,Frauen Bundesliga,281,2023/2024,Regular Season,19106,Nürnberg W,3170,Eintracht Frankfurt W,0,2,2026-04-07T18:32:27.217962
3911797,2023-12-09,135,Frauen Bundesliga,281,2023/2024,Regular Season,3164,SGS Essen 19/68,3165,SC Freiburg,0,1,2023-12-24T16:44:22.539877
3911798,2023-12-09,135,Frauen Bundesliga,281,2023/2024,Regular Season,6602,Köln,929,VfL Wolfsburg WFC,1,4,2024-03-31T13:28:23.988658
3911799,2023-12-10,135,Frauen Bundesliga,281,2023/2024,Regular Season,924,Duisburg WFC,3168,SV Werder Bremen,0,2,2024-01-15T04:23:39.715261
3911800,2023-12-11,135,Frauen Bundesliga,281,2023/2024,Regular Season,1069,Bayern München W,3166,TSV Bayer 04 Leverkusen,3,0,2026-04-07T10:15:49.362040
3911801,2023-12-08,135,Frauen Bundesliga,281,2023/2024,Regular Season,19107,RB Leipzig W,19106,Nürnberg W,0,0,2023-12-12T12:23:00.042512
3911802,2023-12-10,135,Frauen Bundesliga,281,2023/2024,Regular Season,3170,Eintracht Frankfurt W,3169,Hoffenheim W,3,1,2026-04-11T13:00:50.915066
3912183,2023-12-17,135,Frauen Bundesliga,281,2023/2024,Regular Season,3169,Hoffenheim W,19107,RB Leipzig W,2,1,2026-04-10T14:50:13.237851
3912184,2023-12-16,135,Frauen Bundesliga,281,2023/2024,Regular Season,3165,SC Freiburg,3170,Eintracht Frankfurt W,0,4,2026-04-07T18:33:30.191100
3912185,2023-12-16,135,Frauen Bundesliga,281,2023/2024,Regular Season,6602,Köln,3164,SGS Essen 19/68,0,1,2023-12-21T09:07:28.453495
3912186,2023-12-18,135,Frauen Bundesliga,281,2023/2024,Regular Season,929,VfL Wolfsburg WFC,3168,SV Werder Bremen,1,0,2024-01-15T00:02:28.159451
3912187,2023-12-17,135,Frauen Bundesliga,281,2023/2024,Regular Season,19106,Nürnberg W,1069,Bayern München W,1,1,2026-04-07T10:16:54.420761
3912188,2024-01-28,135,Frauen Bundesliga,281,2023/2024,Regular Season,924,Duisburg WFC,19106,Nürnberg W,1,2,2024-02-12T00:28:57.591722
3912189,2024-01-26,135,Frauen Bundesliga,281,2023/2024,Regular Season,3168,SV Werder Bremen,3166,TSV Bayer 04 Leverkusen,2,1,2024-02-04T22:07:24.650987
3912190,2024-01-27,135,Frauen Bundesliga,281,2023/2024,Regular Season,1069,Bayern München W,3169,Hoffenheim W,1,0,2026-04-11T13:01:52.275288
3912191,2024-01-27,135,Frauen Bundesliga,281,2023/2024,Regular Season,19107,RB Leipzig W,3165,SC Freiburg,0,2,2024-02-09T14:23:09.215524
3912192,2024-01-29,135,Frauen Bundesliga,281,2023/2024,Regular Season,3164,SGS Essen 19/68,929,VfL Wolfsburg WFC,1,3,2024-02-11T11:52:12.828118
3912193,2024-01-28,135,Frauen Bundesliga,281,2023/2024,Regular Season,3170,Eintracht Frankfurt W,6602,Köln,1,0,2026-04-08T01:47:02.780679
3912194,2024-02-04,135,Frauen Bundesliga,281,2023/2024,Regular Season,3170,Eintracht Frankfurt W,3164,SGS Essen 19/68,1,0,2026-04-07T15:19:44.530254
3912195,2024-02-03,135,Frauen Bundesliga,281,2023/2024,Regular Season,19107,RB Leipzig W,6602,Köln,2,1,2024-02-10T03:05:58.389447
3912196,2024-02-05,135,Frauen Bundesliga,281,2023/2024,Regular Season,1069,Bayern München W,3165,SC Freiburg,4,0,2026-04-07T10:18:59.758505
3912197,2024-02-04,135,Frauen Bundesliga,281,2023/2024,Regular Season,3166,TSV Bayer 04 Leverkusen,929,VfL Wolfsburg WFC,1,1,2025-12-13T21:53:35.010636
3912198,2024-02-02,135,Frauen Bundesliga,281,2023/2024,Regular Season,924,Duisburg WFC,3169,Hoffenheim W,0,2,2026-04-11T13:02:52.006877
3912199,2024-02-03,135,Frauen Bundesliga,281,2023/2024,Regular Season,3168,SV Werder Bremen,19106,Nürnberg W,4,0,2024-02-03T23:56:10.142397
3912200,2024-02-11,135,Frauen Bundesliga,281,2023/2024,Regular Season,929,VfL Wolfsburg WFC,3170,Eintracht Frankfurt W,3,0,2026-04-07T18:34:23.668295
3912201,2024-02-10,135,Frauen Bundesliga,281,2023/2024,Regular Season,3169,Hoffenheim W,3168,SV Werder Bremen,1,1,2026-04-10T14:51:15.978207
3912202,2024-02-11,135,Frauen Bundesliga,281,2023/2024,Regular Season,3165,SC Freiburg,924,Duisburg WFC,1,1,2024-02-13T17:12:20.713805
3912203,2024-02-10,135,Frauen Bundesliga,281,2023/2024,Regular Season,6602,Köln,1069,Bayern München W,0,5,2026-04-07T10:20:03.742562
3912204,2024-02-09,135,Frauen Bundesliga,281,2023/2024,Regular Season,3164,SGS Essen 19/68,19107,RB Leipzig W,4,4,2024-02-20T18:15:24.600281
3912205,2024-02-12,135,Frauen Bundesliga,281,2023/2024,Regular Season,19106,Nürnberg W,3166,TSV Bayer 04 Leverkusen,1,2,2024-02-13T12:38:33.405573
3912206,2024-02-17,135,Frauen Bundesliga,281,2023/2024,Regular Season,3168,SV Werder Bremen,3165,SC Freiburg,0,3,2024-06-15T12:06:24.105761
3912207,2024-02-17,135,Frauen Bundesliga,281,2023/2024,Regular Season,19106,Nürnberg W,929,VfL Wolfsburg WFC,1,9,2024-09-27T14:44:48.504026
3912208,2024-02-18,135,Frauen Bundesliga,281,2023/2024,Regular Season,924,Duisburg WFC,6602,Köln,0,0,2024-02-22T15:29:09.576553
3912209,2024-02-18,135,Frauen Bundesliga,281,2023/2024,Regular Season,3166,TSV Bayer 04 Leverkusen,3169,Hoffenheim W,1,2,2026-04-11T13:03:54.105991
3912210,2024-02-16,135,Frauen Bundesliga,281,2023/2024,Regular Season,19107,RB Leipzig W,3170,Eintracht Frankfurt W,2,1,2026-04-07T18:35:21.408410
3912211,2024-02-18,135,Frauen Bundesliga,281,2023/2024,Regular Season,1069,Bayern München W,3164,SGS Essen 19/68,2,0,2026-04-07T10:21:06.367309
3912212,2024-03-10,135,Frauen Bundesliga,281,2023/2024,Regular Season,3165,SC Freiburg,3166,TSV Bayer 04 Leverkusen,0,0,2024-03-24T18:32:58.620855
3912213,2024-03-10,135,Frauen Bundesliga,281,2023/2024,Regular Season,6602,Köln,3168,SV Werder Bremen,2,1,2024-03-15T00:55:53.831313
3912214,2024-03-08,135,Frauen Bundesliga,281,2023/2024,Regular Season,3164,SGS Essen 19/68,924,Duisburg WFC,4,1,2024-03-14T03:22:38.412415
3912215,2024-03-09,135,Frauen Bundesliga,281,2023/2024,Regular Season,3170,Eintracht Frankfurt W,1069,Bayern München W,1,2,2026-04-08T01:47:57.664945
3912216,2024-03-11,135,Frauen Bundesliga,281,2023/2024,Regular Season,929,VfL Wolfsburg WFC,19107,RB Leipzig W,4,0,2024-03-12T08:07:57.350057
3912217,2024-03-09,135,Frauen Bundesliga,281,2023/2024,Regular Season,3169,Hoffenheim W,19106,Nürnberg W,2,0,2026-04-10T14:52:19.591919
3912218,2024-03-16,135,Frauen Bundesliga,281,2023/2024,Regular Season,1069,Bayern München W,19107,RB Leipzig W,5,0,2026-04-07T10:23:14.982092
3912219,2024-03-15,135,Frauen Bundesliga,281,2023/2024,Regular Season,3169,Hoffenheim W,929,VfL Wolfsburg WFC,2,1,2026-04-10T14:53:20.366512
3912220,2024-03-18,135,Frauen Bundesliga,281,2023/2024,Regular Season,3166,TSV Bayer 04 Leverkusen,6602,Köln,2,0,2024-03-24T13:35:15.153150
3912221,2024-03-16,135,Frauen Bundesliga,281,2023/2024,Regular Season,3168,SV Werder Bremen,3164,SGS Essen 19/68,0,0,2024-03-21T05:06:22.033813
3912222,2024-03-17,135,Frauen Bundesliga,281,2023/2024,Regular Season,19106,Nürnberg W,3165,SC Freiburg,0,0,2024-03-18T03:50:00.209375
3912223,2024-03-17,135,Frauen Bundesliga,281,2023/2024,Regular Season,924,Duisburg WFC,3170,Eintracht Frankfurt W,1,2,2026-04-07T18:36:26.755970
3912224,2024-03-23,135,Frauen Bundesliga,281,2023/2024,Regular Season,929,VfL Wolfsburg WFC,1069,Bayern München W,0,4,2026-04-07T10:14:57.117441
3912225,2024-03-24,135,Frauen Bundesliga,281,2023/2024,Regular Season,3164,SGS Essen 19/68,3166,TSV Bayer 04 Leverkusen,0,0,2024-03-27T04:30:28.760187
3912226,2024-03-23,135,Frauen Bundesliga,281,2023/2024,Regular Season,6602,Köln,19106,Nürnberg W,3,4,2024-03-24T08:16:23.097298
3912227,2024-03-22,135,Frauen Bundesliga,281,2023/2024,Regular Season,3165,SC Freiburg,3169,Hoffenheim W,2,4,2026-04-11T13:04:55.271022
3912228,2024-03-24,135,Frauen Bundesliga,281,2023/2024,Regular Season,19107,RB Leipzig W,924,Duisburg WFC,3,0,2024-03-26T05:57:36.401976
3912229,2024-03-25,135,Frauen Bundesliga,281,2023/2024,Regular Season,3170,Eintracht Frankfurt W,3168,SV Werder Bremen,2,0,2026-04-08T01:48:53.953316
3912230,2024-04-14,135,Frauen Bundesliga,281,2023/2024,Regular Season,19106,Nürnberg W,3164,SGS Essen 19/68,0,4,2024-04-15T01:07:59.188942
3912231,2024-04-13,135,Frauen Bundesliga,281,2023/2024,Regular Season,3165,SC Freiburg,929,VfL Wolfsburg WFC,1,4,2024-06-13T15:47:37.076067
3912232,2024-04-15,135,Frauen Bundesliga,281,2023/2024,Regular Season,3169,Hoffenheim W,6602,Köln,1,1,2026-04-10T14:54:34.208126
3912233,2024-04-14,135,Frauen Bundesliga,281,2023/2024,Regular Season,924,Duisburg WFC,1069,Bayern München W,1,5,2026-04-07T10:16:01.708941
3912234,2024-04-12,135,Frauen Bundesliga,281,2023/2024,Regular Season,3168,SV Werder Bremen,19107,RB Leipzig W,1,1,2024-04-17T15:43:18.301379
3912235,2024-04-13,135,Frauen Bundesliga,281,2023/2024,Regular Season,3166,TSV Bayer 04 Leverkusen,3170,Eintracht Frankfurt W,2,0,2026-04-07T18:37:23.257024
3912236,2024-04-20,135,Frauen Bundesliga,281,2023/2024,Regular Season,3164,SGS Essen 19/68,3169,Hoffenheim W,2,1,2026-04-11T13:05:50.947635
3912237,2024-04-21,135,Frauen Bundesliga,281,2023/2024,Regular Season,924,Duisburg WFC,929,VfL Wolfsburg WFC,1,4,2024-04-22T12:54:23.646439
3912238,2024-04-21,135,Frauen Bundesliga,281,2023/2024,Regular Season,6602,Köln,3165,SC Freiburg,2,0,2024-04-27T20:17:10.402230
3912239,2024-04-22,135,Frauen Bundesliga,281,2023/2024,Regular Season,1069,Bayern München W,3168,SV Werder Bremen,3,0,2026-04-07T10:17:09.740513
3912240,2024-04-19,135,Frauen Bundesliga,281,2023/2024,Regular Season,19107,RB Leipzig W,3166,TSV Bayer 04 Leverkusen,1,0,2024-04-24T18:59:40.965164
3912241,2024-04-20,135,Frauen Bundesliga,281,2023/2024,Regular Season,3170,Eintracht Frankfurt W,19106,Nürnberg W,4,1,2026-04-08T01:41:56.794260
3912242,2024-05-06,135,Frauen Bundesliga,281,2023/2024,Regular Season,19106,Nürnberg W,19107,RB Leipzig W,0,1,2024-05-07T07:13:36.487405
3912243,2024-05-04,135,Frauen Bundesliga,281,2023/2024,Regular Season,3169,Hoffenheim W,3170,Eintracht Frankfurt W,1,3,2026-04-10T16:06:20.623639
3912244,2024-05-05,135,Frauen Bundesliga,281,2023/2024,Regular Season,3165,SC Freiburg,3164,SGS Essen 19/68,0,1,2024-05-06T20:16:05.254997
3912245,2024-05-03,135,Frauen Bundesliga,281,2023/2024,Regular Season,929,VfL Wolfsburg WFC,6602,Köln,5,1,2024-07-02T13:39:59.421234
3912246,2024-05-05,135,Frauen Bundesliga,281,2023/2024,Regular Season,3168,SV Werder Bremen,924,Duisburg WFC,4,2,2024-05-08T19:45:07.567937
3912247,2024-05-04,135,Frauen Bundesliga,281,2023/2024,Regular Season,3166,TSV Bayer 04 Leverkusen,1069,Bayern München W,1,2,2026-04-07T10:18:11.497530
3912248,2024-05-10,135,Frauen Bundesliga,281,2023/2024,Regular Season,19107,RB Leipzig W,3169,Hoffenheim W,3,0,2026-04-11T12:57:27.491415
3912249,2024-05-11,135,Frauen Bundesliga,281,2023/2024,Regular Season,3164,SGS Essen 19/68,6602,Köln,2,1,2024-05-12T16:25:33.308635
3912250,2024-05-12,135,Frauen Bundesliga,281,2023/2024,Regular Season,3168,SV Werder Bremen,929,VfL Wolfsburg WFC,0,3,2024-05-13T06:18:04.108715
3912251,2024-05-11,135,Frauen Bundesliga,281,2023/2024,Regular Season,924,Duisburg WFC,3166,TSV Bayer 04 Leverkusen,1,3,2024-05-16T20:33:28.897711
3912252,2024-05-12,135,Frauen Bundesliga,281,2023/2024,Regular Season,1069,Bayern München W,19106,Nürnberg W,4,0,2026-04-07T10:19:14.161926
3912253,2024-05-13,135,Frauen Bundesliga,281,2023/2024,Regular Season,3170,Eintracht Frankfurt W,3165,SC Freiburg,4,2,2026-04-07T15:20:37.607241
3912254,2024-05-20,135,Frauen Bundesliga,281,2023/2024,Regular Season,3166,TSV Bayer 04 Leverkusen,3168,SV Werder Bremen,2,3,2024-05-30T12:27:23.989602
3912255,2024-05-20,135,Frauen Bundesliga,281,2023/2024,Regular Season,19106,Nürnberg W,924,Duisburg WFC,2,1,2024-05-21T03:14:44.967281
3912256,2024-05-20,135,Frauen Bundesliga,281,2023/2024,Regular Season,3169,Hoffenheim W,1069,Bayern München W,1,4,2026-04-10T14:46:29.219613
3912257,2024-05-20,135,Frauen Bundesliga,281,2023/2024,Regular Season,6602,Köln,3170,Eintracht Frankfurt W,0,1,2026-04-07T18:29:48.122856
3912258,2024-05-20,135,Frauen Bundesliga,281,2023/2024,Regular Season,3165,SC Freiburg,19107,RB Leipzig W,2,1,2024-05-29T15:20:26.164578
3912259,2024-05-20,135,Frauen Bundesliga,281,2023/2024,Regular Season,929,VfL Wolfsburg WFC,3164,SGS Essen 19/68,6,0,2024-08-08T11:43:18.535290
3913800,2023-12-15,135,Frauen Bundesliga,281,2023/2024,Regular Season,3166,TSV Bayer 04 Leverkusen,924,Duisburg WFC,4,1,2024-01-26T13:30:50.154071
3910736,2023-10-04,182,Liga F,281,2023/2024,Regular Season,3281,Sevilla FC,3269,Costa Adeje Tenerife,5,1,2023-10-11T19:06:00.445026
3910737,2023-10-04,182,Liga F,281,2023/2024,Regular Season,3282,Real Madrid CF W,3279,Real Betis Balompié,5,1,2026-04-10T16:01:37.962758
3910738,2023-10-04,182,Liga F,281,2023/2024,Regular Season,3275,SD Eibar,3278,Madrid CFF,1,6,2023-10-31T00:37:40.500587
3910739,2023-10-04,182,Liga F,281,2023/2024,Regular Season,3270,Athletic Club Bilbao,18938,Granada W,1,0,2024-02-03T14:50:55.015439
3910740,2023-10-05,182,Liga F,281,2023/2024,Regular Season,937,Barcelona WFC,3277,Valencia CF,6,0,2023-10-19T04:55:59.021514
3910741,2023-10-04,182,Liga F,281,2023/2024,Regular Season,3272,Real Sociedad de Fútbol,3274,Levante UD Femenino,1,1,2023-10-15T04:08:38.352617
3910742,2023-10-05,182,Liga F,281,2023/2024,Regular Season,11864,FC Levante Badalona,3280,CD Sporting de Huelva,1,1,2024-04-05T15:26:51.689273
3910743,2023-10-03,182,Liga F,281,2023/2024,Regular Season,6604,Villarreal,1105,Atletico Madrid W,1,3,2023-10-10T10:53:16.983619
3910744,2023-09-15,182,Liga F,281,2023/2024,Regular Season,3277,Valencia CF,3282,Real Madrid CF W,0,2,2026-04-11T15:25:19.146286
3910745,2023-09-16,182,Liga F,281,2023/2024,Regular Season,3279,Real Betis Balompié,6604,Villarreal,1,0,2023-10-03T17:37:56.366820
3910746,2023-09-16,182,Liga F,281,2023/2024,Regular Season,1105,Atletico Madrid W,3270,Athletic Club Bilbao,3,0,2026-04-08T01:41:40.677266
3910747,2023-09-16,182,Liga F,281,2023/2024,Regular Season,3275,SD Eibar,11864,FC Levante Badalona,1,2,2023-09-17T23:55:37.323709
3910748,2023-09-16,182,Liga F,281,2023/2024,Regular Season,3278,Madrid CFF,937,Barcelona WFC,0,2,2023-09-17T09:49:16.621119
3910749,2023-09-17,182,Liga F,281,2023/2024,Regular Season,3269,Costa Adeje Tenerife,3280,CD Sporting de Huelva,2,0,2024-04-05T15:25:08.763838
3910750,2023-09-17,182,Liga F,281,2023/2024,Regular Season,18938,Granada W,3272,Real Sociedad de Fútbol,2,1,2024-02-03T14:51:52.485071
3910751,2023-09-17,182,Liga F,281,2023/2024,Regular Season,3274,Levante UD Femenino,3281,Sevilla FC,2,0,2023-09-18T11:31:28.725113
3910931,2023-09-30,182,Liga F,281,2023/2024,Regular Season,6604,Villarreal,3277,Valencia CF,1,2,2023-10-20T14:16:44.246065
3910932,2023-09-30,182,Liga F,281,2023/2024,Regular Season,18938,Granada W,3275,SD Eibar,1,2,2024-02-03T14:52:39.669594
3910933,2023-09-30,182,Liga F,281,2023/2024,Regular Season,3281,Sevilla FC,3278,Madrid CFF,1,5,2023-10-29T03:39:04.807897
3910934,2023-09-30,182,Liga F,281,2023/2024,Regular Season,3274,Levante UD Femenino,1105,Atletico Madrid W,1,1,2026-04-07T13:45:52.623104
3910935,2023-10-01,182,Liga F,281,2023/2024,Regular Season,3272,Real Sociedad de Fútbol,3279,Real Betis Balompié,2,1,2023-10-10T12:05:12.040771
3910936,2023-10-01,182,Liga F,281,2023/2024,Regular Season,3280,CD Sporting de Huelva,937,Barcelona WFC,1,2,2024-04-05T15:25:59.374763
3910937,2023-10-01,182,Liga F,281,2023/2024,Regular Season,3269,Costa Adeje Tenerife,3282,Real Madrid CF W,1,2,2026-04-11T15:26:07.364341
3910938,2023-10-01,182,Liga F,281,2023/2024,Regular Season,11864,FC Levante Badalona,3270,Athletic Club Bilbao,2,1,2024-09-28T20:48:41.699852
3910939,2023-10-08,182,Liga F,281,2023/2024,Regular Season,3278,Madrid CFF,18938,Granada W,1,0,2024-02-03T14:53:31.930284
3910940,2023-10-08,182,Liga F,281,2023/2024,Regular Season,3275,SD Eibar,3269,Costa Adeje Tenerife,0,1,2023-10-14T09:14:14.343986
3910941,2023-10-09,182,Liga F,281,2023/2024,Regular Season,3270,Athletic Club Bilbao,3280,CD Sporting de Huelva,3,0,2024-04-05T15:27:43.248314
3910942,2023-10-07,182,Liga F,281,2023/2024,Regular Season,1105,Atletico Madrid W,3281,Sevilla FC,2,1,2026-04-08T01:39:13.522176
3910943,2023-10-08,182,Liga F,281,2023/2024,Regular Season,937,Barcelona WFC,3272,Real Sociedad de Fútbol,3,0,2023-10-30T06:17:47.742741
3910944,2023-10-08,182,Liga F,281,2023/2024,Regular Season,3279,Real Betis Balompié,3274,Levante UD Femenino,0,4,2023-10-27T05:00:53.367858
3910945,2023-10-07,182,Liga F,281,2023/2024,Regular Season,3282,Real Madrid CF W,6604,Villarreal,1,0,2026-04-10T16:02:36.394451
3910946,2023-10-09,182,Liga F,281,2023/2024,Regular Season,3277,Valencia CF,11864,FC Levante Badalona,1,1,2023-10-10T18:18:02.265507
3910947,2023-10-14,182,Liga F,281,2023/2024,Regular Season,18938,Granada W,3282,Real Madrid CF W,2,5,2026-04-11T15:27:07.996733
3910948,2023-10-14,182,Liga F,281,2023/2024,Regular Season,3281,Sevilla FC,3277,Valencia CF,1,2,2023-10-15T18:20:07.730223
3910949,2023-10-14,182,Liga F,281,2023/2024,Regular Season,6604,Villarreal,3270,Athletic Club Bilbao,3,0,2023-10-31T12:15:33.819750
3910950,2023-10-15,182,Liga F,281,2023/2024,Regular Season,3274,Levante UD Femenino,11864,FC Levante Badalona,1,1,2023-10-16T16:54:17.556781
3910951,2023-10-15,182,Liga F,281,2023/2024,Regular Season,3280,CD Sporting de Huelva,3278,Madrid CFF,1,3,2024-09-01T12:40:29.436616
3910952,2023-10-15,182,Liga F,281,2023/2024,Regular Season,3269,Costa Adeje Tenerife,3279,Real Betis Balompié,1,0,2024-08-05T15:24:27.166356
3910953,2023-10-14,182,Liga F,281,2023/2024,Regular Season,3272,Real Sociedad de Fútbol,3275,SD Eibar,3,1,2023-10-29T03:48:28.142535
3910954,2023-10-15,182,Liga F,281,2023/2024,Regular Season,1105,Atletico Madrid W,937,Barcelona WFC,0,1,2026-04-08T01:40:16.429451
3910955,2023-10-21,182,Liga F,281,2023/2024,Regular Season,937,Barcelona WFC,18938,Granada W,6,1,2024-02-03T14:54:28.725063
3910956,2023-10-22,182,Liga F,281,2023/2024,Regular Season,11864,FC Levante Badalona,3281,Sevilla FC,1,2,2023-11-12T16:45:42.401116
3910957,2023-10-22,182,Liga F,281,2023/2024,Regular Season,3278,Madrid CFF,3269,Costa Adeje Tenerife,3,2,2023-10-28T23:19:30.897343
3910958,2023-10-21,182,Liga F,281,2023/2024,Regular Season,3279,Real Betis Balompié,3277,Valencia CF,2,2,2023-10-28T16:01:24.178061
3910959,2023-10-21,182,Liga F,281,2023/2024,Regular Season,3275,SD Eibar,6604,Villarreal,0,0,2023-10-29T03:46:03.719130
3910960,2023-10-21,182,Liga F,281,2023/2024,Regular Season,3280,CD Sporting de Huelva,1105,Atletico Madrid W,0,2,2026-04-07T13:46:54.662137
3910961,2023-10-22,182,Liga F,281,2023/2024,Regular Season,3282,Real Madrid CF W,3274,Levante UD Femenino,1,2,2026-04-10T16:03:31.932832
3910962,2023-10-22,182,Liga F,281,2023/2024,Regular Season,3270,Athletic Club Bilbao,3272,Real Sociedad de Fútbol,2,1,2023-11-05T21:00:08.236418
3910963,2023-11-05,182,Liga F,281,2023/2024,Regular Season,18938,Granada W,11864,FC Levante Badalona,0,1,2024-02-03T14:55:19.321164
3910964,2023-11-05,182,Liga F,281,2023/2024,Regular Season,937,Barcelona WFC,3281,Sevilla FC,8,0,2024-01-26T15:50:24.522502
3910965,2023-11-04,182,Liga F,281,2023/2024,Regular Season,3272,Real Sociedad de Fútbol,6604,Villarreal,1,0,2023-11-09T15:55:32.975962
3910966,2023-11-04,182,Liga F,281,2023/2024,Regular Season,3275,SD Eibar,3282,Real Madrid CF W,0,1,2026-04-11T15:28:04.731854
3910967,2023-11-04,182,Liga F,281,2023/2024,Regular Season,3279,Real Betis Balompié,3270,Athletic Club Bilbao,1,0,2023-11-12T08:15:00.760468
3910968,2023-11-05,182,Liga F,281,2023/2024,Regular Season,3269,Costa Adeje Tenerife,1105,Atletico Madrid W,2,1,2026-04-07T13:47:55.016690
3910969,2023-11-05,182,Liga F,281,2023/2024,Regular Season,3278,Madrid CFF,3274,Levante UD Femenino,0,1,2023-11-06T12:12:04.256035
3910970,2023-11-04,182,Liga F,281,2023/2024,Regular Season,3277,Valencia CF,3280,CD Sporting de Huelva,2,0,2024-09-28T13:13:45.830854
3910971,2023-11-11,182,Liga F,281,2023/2024,Regular Season,1105,Atletico Madrid W,3275,SD Eibar,3,0,2026-04-08T01:41:11.791250
3910972,2023-11-12,182,Liga F,281,2023/2024,Regular Season,11864,FC Levante Badalona,3269,Costa Adeje Tenerife,3,1,2023-12-02T12:59:38.556009
3910973,2023-11-12,182,Liga F,281,2023/2024,Regular Season,3274,Levante UD Femenino,3277,Valencia CF,3,1,2024-01-16T03:00:17.951379
3910974,2023-11-10,182,Liga F,281,2023/2024,Regular Season,3282,Real Madrid CF W,3272,Real Sociedad de Fútbol,7,1,2023-11-11T16:48:48.903914
3910975,2023-11-11,182,Liga F,281,2023/2024,Regular Season,6604,Villarreal,937,Barcelona WFC,0,6,2023-11-12T08:57:23.626901
3910976,2023-11-12,182,Liga F,281,2023/2024,Regular Season,3281,Sevilla FC,18938,Granada W,1,0,2023-11-18T13:17:27.503597
3910977,2023-11-11,182,Liga F,281,2023/2024,Regular Season,3280,CD Sporting de Huelva,3279,Real Betis Balompié,1,3,2024-04-05T15:30:16.214171
3910978,2023-11-12,182,Liga F,281,2023/2024,Regular Season,3270,Athletic Club Bilbao,3278,Madrid CFF,1,2,2023-11-13T10:47:05.228802
3910979,2023-11-19,182,Liga F,281,2023/2024,Regular Season,18938,Granada W,6604,Villarreal,1,2,2023-11-22T15:18:47.904814
3910980,2023-11-19,182,Liga F,281,2023/2024,Regular Season,3279,Real Betis Balompié,11864,FC Levante Badalona,1,0,2023-11-20T11:13:04.905799
3910981,2023-11-18,182,Liga F,281,2023/2024,Regular Season,3272,Real Sociedad de Fútbol,3281,Sevilla FC,1,2,2023-11-22T10:47:53.743183
3910982,2023-11-18,182,Liga F,281,2023/2024,Regular Season,3275,SD Eibar,3280,CD Sporting de Huelva,1,0,2024-06-11T14:09:57.868450
3910983,2023-11-18,182,Liga F,281,2023/2024,Regular Season,3277,Valencia CF,3270,Athletic Club Bilbao,1,2,2023-12-24T14:17:38.761138
3910984,2023-11-19,182,Liga F,281,2023/2024,Regular Season,3278,Madrid CFF,1105,Atletico Madrid W,1,4,2026-04-07T13:48:57.047754
3910985,2023-11-18,182,Liga F,281,2023/2024,Regular Season,3269,Costa Adeje Tenerife,3274,Levante UD Femenino,0,1,2023-11-19T10:20:52.176061
3910986,2023-11-19,182,Liga F,281,2023/2024,Regular Season,937,Barcelona WFC,3282,Real Madrid CF W,5,0,2026-04-11T15:29:06.767726
3910987,2023-11-26,182,Liga F,281,2023/2024,Regular Season,1105,Atletico Madrid W,18938,Granada W,2,0,2026-04-08T01:42:14.005618
3910988,2023-11-26,182,Liga F,281,2023/2024,Regular Season,11864,FC Levante Badalona,3278,Madrid CFF,3,4,2023-12-16T10:13:33.422973
3910989,2023-11-26,182,Liga F,281,2023/2024,Regular Season,3282,Real Madrid CF W,3280,CD Sporting de Huelva,5,2,2026-04-10T16:04:25.456420
3910990,2023-11-25,182,Liga F,281,2023/2024,Regular Season,3272,Real Sociedad de Fútbol,3277,Valencia CF,2,0,2023-12-08T05:06:56.796951
3910991,2023-11-25,182,Liga F,281,2023/2024,Regular Season,3281,Sevilla FC,3279,Real Betis Balompié,6,0,2023-11-26T15:15:06.355755
3910992,2023-11-25,182,Liga F,281,2023/2024,Regular Season,3274,Levante UD Femenino,3275,SD Eibar,3,0,2023-11-26T11:52:50.215017
3910993,2023-11-25,182,Liga F,281,2023/2024,Regular Season,6604,Villarreal,3269,Costa Adeje Tenerife,1,1,2023-12-03T19:49:05.784834
3910994,2023-11-26,182,Liga F,281,2023/2024,Regular Season,3270,Athletic Club Bilbao,937,Barcelona WFC,0,4,2023-11-27T06:35:28.871086
3910995,2023-12-09,182,Liga F,281,2023/2024,Regular Season,3282,Real Madrid CF W,3281,Sevilla FC,1,3,2026-04-10T16:05:26.118153
3910996,2023-12-10,182,Liga F,281,2023/2024,Regular Season,3279,Real Betis Balompié,1105,Atletico Madrid W,0,2,2026-04-07T13:50:06.165412
3910997,2023-12-10,182,Liga F,281,2023/2024,Regular Season,6604,Villarreal,11864,FC Levante Badalona,2,2,2023-12-16T17:20:25.690653
3910998,2023-12-09,182,Liga F,281,2023/2024,Regular Season,3269,Costa Adeje Tenerife,18938,Granada W,2,0,2024-01-16T02:38:08.193310
3910999,2023-12-10,182,Liga F,281,2023/2024,Regular Season,3277,Valencia CF,3278,Madrid CFF,3,4,2023-12-14T15:22:35.176279
3911000,2023-12-09,182,Liga F,281,2023/2024,Regular Season,3280,CD Sporting de Huelva,3272,Real Sociedad de Fútbol,1,2,2024-04-05T15:32:00.611787
3911001,2023-12-09,182,Liga F,281,2023/2024,Regular Season,937,Barcelona WFC,3275,SD Eibar,5,0,2023-12-10T14:53:05.963310
3911002,2023-12-10,182,Liga F,281,2023/2024,Regular Season,3270,Athletic Club Bilbao,3274,Levante UD Femenino,1,0,2023-12-18T23:08:59.754150
3911003,2023-12-17,182,Liga F,281,2023/2024,Regular Season,11864,FC Levante Badalona,3282,Real Madrid CF W,0,2,2026-04-11T15:30:03.603922
3911004,2023-12-17,182,Liga F,281,2023/2024,Regular Season,18938,Granada W,3277,Valencia CF,0,1,2024-01-28T16:13:49.474951
3911005,2023-12-16,182,Liga F,281,2023/2024,Regular Season,3274,Levante UD Femenino,3280,CD Sporting de Huelva,2,0,2024-04-05T15:25:05.711528
3911006,2023-12-16,182,Liga F,281,2023/2024,Regular Season,3278,Madrid CFF,6604,Villarreal,2,0,2024-01-04T12:52:22.054043
3911007,2023-12-17,182,Liga F,281,2023/2024,Regular Season,3281,Sevilla FC,3270,Athletic Club Bilbao,1,1,2023-12-18T07:25:24.911481
3911008,2023-12-17,182,Liga F,281,2023/2024,Regular Season,3269,Costa Adeje Tenerife,937,Barcelona WFC,0,2,2024-01-16T02:38:59.035777
3911009,2023-12-16,182,Liga F,281,2023/2024,Regular Season,3275,SD Eibar,3279,Real Betis Balompié,3,2,2024-01-28T16:03:07.207617
3911010,2023-12-16,182,Liga F,281,2023/2024,Regular Season,1105,Atletico Madrid W,3272,Real Sociedad de Fútbol,1,1,2026-04-08T01:43:13.193448
3911292,2024-01-07,182,Liga F,281,2023/2024,Regular Season,3272,Real Sociedad de Fútbol,3269,Costa Adeje Tenerife,3,3,2024-01-24T16:09:39.758683
3911293,2024-01-06,182,Liga F,281,2023/2024,Regular Season,937,Barcelona WFC,11864,FC Levante Badalona,9,1,2024-01-07T14:36:35.352436
3911294,2024-01-07,182,Liga F,281,2023/2024,Regular Season,3277,Valencia CF,1105,Atletico Madrid W,1,6,2026-04-07T13:51:08.910289
3911295,2024-01-06,182,Liga F,281,2023/2024,Regular Season,6604,Villarreal,3274,Levante UD Femenino,0,5,2024-01-07T08:35:16.572966
3911296,2024-01-07,182,Liga F,281,2023/2024,Regular Season,3282,Real Madrid CF W,3278,Madrid CFF,2,1,2026-04-10T16:03:27.879125
3911297,2024-01-07,182,Liga F,281,2023/2024,Regular Season,3280,CD Sporting de Huelva,3281,Sevilla FC,1,3,2024-04-05T15:26:01.409210
3911298,2024-01-07,182,Liga F,281,2023/2024,Regular Season,3270,Athletic Club Bilbao,3275,SD Eibar,2,0,2024-01-10T04:04:41.106667
3911299,2024-01-07,182,Liga F,281,2023/2024,Regular Season,3279,Real Betis Balompié,18938,Granada W,2,3,2024-01-27T17:25:37.319859
3911300,2024-01-20,182,Liga F,281,2023/2024,Regular Season,11864,FC Levante Badalona,3272,Real Sociedad de Fútbol,0,2,2024-02-05T02:10:02.834052
3911301,2024-01-20,182,Liga F,281,2023/2024,Regular Season,3278,Madrid CFF,3279,Real Betis Balompié,3,1,2024-01-21T05:29:59.619823
3911302,2024-01-21,182,Liga F,281,2023/2024,Regular Season,3269,Costa Adeje Tenerife,3270,Athletic Club Bilbao,1,1,2024-01-21T20:36:49.442257
3911303,2024-01-20,182,Liga F,281,2023/2024,Regular Season,3281,Sevilla FC,6604,Villarreal,3,1,2024-02-14T18:35:04.094764
3911304,2024-01-21,182,Liga F,281,2023/2024,Regular Season,3275,SD Eibar,3277,Valencia CF,1,0,2024-01-30T14:30:40.411406
3911305,2024-01-21,182,Liga F,281,2023/2024,Regular Season,18938,Granada W,3280,CD Sporting de Huelva,0,1,2024-04-05T15:26:51.943082
3911306,2024-02-14,182,Liga F,281,2023/2024,Regular Season,937,Barcelona WFC,3274,Levante UD Femenino,1,1,2024-08-05T15:25:32.465154
3911307,2024-02-14,182,Liga F,281,2023/2024,Regular Season,1105,Atletico Madrid W,3282,Real Madrid CF W,1,1,2026-04-11T15:32:55.463202
3911308,2024-01-27,182,Liga F,281,2023/2024,Regular Season,3270,Athletic Club Bilbao,3282,Real Madrid CF W,0,1,2026-04-11T15:31:03.929592
3911309,2024-01-27,182,Liga F,281,2023/2024,Regular Season,3277,Valencia CF,3269,Costa Adeje Tenerife,1,1,2025-12-13T11:06:18.951330
3911310,2024-01-28,182,Liga F,281,2023/2024,Regular Season,3281,Sevilla FC,3275,SD Eibar,3,0,2024-02-21T16:16:05.276492
3911311,2024-01-28,182,Liga F,281,2023/2024,Regular Season,3272,Real Sociedad de Fútbol,3278,Madrid CFF,1,1,2024-02-09T06:40:49.065480
3911312,2024-01-28,182,Liga F,281,2023/2024,Regular Season,3274,Levante UD Femenino,18938,Granada W,2,2,2024-02-10T15:40:07.279702
3911313,2024-01-27,182,Liga F,281,2023/2024,Regular Season,11864,FC Levante Badalona,1105,Atletico Madrid W,1,1,2026-04-07T13:52:09.692347
3911314,2024-01-27,182,Liga F,281,2023/2024,Regular Season,3280,CD Sporting de Huelva,6604,Villarreal,0,1,2024-04-05T15:27:38.525956
3911315,2024-01-28,182,Liga F,281,2023/2024,Regular Season,3279,Real Betis Balompié,937,Barcelona WFC,0,6,2024-02-04T22:52:15.045718
3911471,2024-02-03,182,Liga F,281,2023/2024,Regular Season,1105,Atletico Madrid W,3274,Levante UD Femenino,0,1,2026-04-08T01:44:10.433355
3911472,2024-02-04,182,Liga F,281,2023/2024,Regular Season,937,Barcelona WFC,3280,CD Sporting de Huelva,4,0,2024-05-21T13:50:23.228710
3911473,2024-02-03,182,Liga F,281,2023/2024,Regular Season,3278,Madrid CFF,3281,Sevilla FC,3,3,2024-02-06T07:39:33.851670
3911474,2024-02-03,182,Liga F,281,2023/2024,Regular Season,3282,Real Madrid CF W,3277,Valencia CF,7,1,2026-04-10T16:04:23.920467
3911475,2024-02-03,182,Liga F,281,2023/2024,Regular Season,6604,Villarreal,3279,Real Betis Balompié,2,1,2024-02-04T10:46:48.934638
3911476,2024-02-04,182,Liga F,281,2023/2024,Regular Season,3275,SD Eibar,3272,Real Sociedad de Fútbol,0,2,2024-02-07T08:15:26.202718
3911477,2024-02-03,182,Liga F,281,2023/2024,Regular Season,18938,Granada W,3270,Athletic Club Bilbao,2,0,2024-02-04T00:18:58.959301
3911478,2024-02-04,182,Liga F,281,2023/2024,Regular Season,3269,Costa Adeje Tenerife,11864,FC Levante Badalona,1,1,2024-05-22T07:38:27.658133
3911479,2024-02-10,182,Liga F,281,2023/2024,Regular Season,3277,Valencia CF,6604,Villarreal,0,1,2025-12-13T11:07:27.486337
3911480,2024-02-10,182,Liga F,281,2023/2024,Regular Season,11864,FC Levante Badalona,3275,SD Eibar,1,1,2024-02-11T10:01:31.989852
3911481,2024-02-11,182,Liga F,281,2023/2024,Regular Season,3272,Real Sociedad de Fútbol,18938,Granada W,1,1,2024-02-23T17:16:16.870894
3911482,2024-02-10,182,Liga F,281,2023/2024,Regular Season,3281,Sevilla FC,937,Barcelona WFC,0,3,2024-02-11T10:23:57.895526
3911483,2024-02-11,182,Liga F,281,2023/2024,Regular Season,3280,CD Sporting de Huelva,3270,Athletic Club Bilbao,1,2,2024-07-01T00:28:54.400753
3911484,2024-02-11,182,Liga F,281,2023/2024,Regular Season,3279,Real Betis Balompié,3282,Real Madrid CF W,1,4,2026-04-11T15:32:02.057927
3911485,2024-02-11,182,Liga F,281,2023/2024,Regular Season,3274,Levante UD Femenino,3269,Costa Adeje Tenerife,1,0,2024-02-12T00:50:58.735115
3911486,2024-02-11,182,Liga F,281,2023/2024,Regular Season,1105,Atletico Madrid W,3278,Madrid CFF,1,1,2026-04-08T01:45:11.797440
3911487,2024-02-18,182,Liga F,281,2023/2024,Regular Season,3278,Madrid CFF,11864,FC Levante Badalona,2,1,2024-02-21T18:20:14.951579
3911488,2024-02-17,182,Liga F,281,2023/2024,Regular Season,3270,Athletic Club Bilbao,3279,Real Betis Balompié,1,0,2025-12-13T16:10:51.198799
3911489,2024-02-18,182,Liga F,281,2023/2024,Regular Season,937,Barcelona WFC,1105,Atletico Madrid W,2,0,2026-04-07T13:53:26.959672
3911490,2024-02-17,182,Liga F,281,2023/2024,Regular Season,18938,Granada W,3281,Sevilla FC,2,2,2024-02-21T17:05:26.335087
3911491,2024-02-18,182,Liga F,281,2023/2024,Regular Season,3282,Real Madrid CF W,3269,Costa Adeje Tenerife,2,1,2026-04-10T16:05:25.245913
3911492,2024-02-18,182,Liga F,281,2023/2024,Regular Season,3275,SD Eibar,3274,Levante UD Femenino,0,0,2024-02-19T01:03:40.726407
3911493,2024-02-17,182,Liga F,281,2023/2024,Regular Season,6604,Villarreal,3272,Real Sociedad de Fútbol,1,1,2025-10-22T17:33:50.923956
3911494,2024-02-17,182,Liga F,281,2023/2024,Regular Season,3280,CD Sporting de Huelva,3277,Valencia CF,1,3,2024-06-12T17:06:35.912155
3911495,2024-03-09,182,Liga F,281,2023/2024,Regular Season,3278,Madrid CFF,3275,SD Eibar,1,2,2024-03-14T21:41:46.506602
3911496,2024-03-10,182,Liga F,281,2023/2024,Regular Season,1105,Atletico Madrid W,3280,CD Sporting de Huelva,1,0,2026-04-08T01:41:18.121729
3911497,2024-03-10,182,Liga F,281,2023/2024,Regular Season,3274,Levante UD Femenino,3270,Athletic Club Bilbao,1,2,2024-08-05T15:30:14.127876
3911498,2024-03-10,182,Liga F,281,2023/2024,Regular Season,3272,Real Sociedad de Fútbol,937,Barcelona WFC,1,7,2024-03-11T05:14:03.765284
3911499,2024-03-09,182,Liga F,281,2023/2024,Regular Season,11864,FC Levante Badalona,18938,Granada W,1,2,2024-03-15T18:11:43.066404
3911500,2024-03-10,182,Liga F,281,2023/2024,Regular Season,3277,Valencia CF,3279,Real Betis Balompié,2,2,2024-03-14T21:42:32.685929
3911501,2024-03-09,182,Liga F,281,2023/2024,Regular Season,3281,Sevilla FC,3282,Real Madrid CF W,0,1,2026-04-11T15:25:05.294225
3911502,2024-03-09,182,Liga F,281,2023/2024,Regular Season,3269,Costa Adeje Tenerife,6604,Villarreal,1,1,2024-03-14T19:15:13.282399
3911503,2024-03-17,182,Liga F,281,2023/2024,Regular Season,3270,Athletic Club Bilbao,3277,Valencia CF,2,0,2025-12-13T11:09:44.187417
3911504,2024-03-17,182,Liga F,281,2023/2024,Regular Season,937,Barcelona WFC,3269,Costa Adeje Tenerife,7,0,2024-03-18T04:13:16.063485
3911505,2024-03-17,182,Liga F,281,2023/2024,Regular Season,3279,Real Betis Balompié,3272,Real Sociedad de Fútbol,0,0,2025-12-13T11:08:39.134839
3911506,2024-03-17,182,Liga F,281,2023/2024,Regular Season,18938,Granada W,1105,Atletico Madrid W,0,1,2026-04-07T13:54:23.174079
3911507,2024-03-16,182,Liga F,281,2023/2024,Regular Season,3281,Sevilla FC,11864,FC Levante Badalona,3,0,2024-03-23T02:51:12.892640
3911508,2024-03-16,182,Liga F,281,2023/2024,Regular Season,3280,CD Sporting de Huelva,3274,Levante UD Femenino,1,1,2024-04-05T15:32:08.115587
3911509,2024-03-16,182,Liga F,281,2023/2024,Regular Season,6604,Villarreal,3278,Madrid CFF,1,4,2024-03-22T08:31:40.464786
3911510,2024-03-16,182,Liga F,281,2023/2024,Regular Season,3282,Real Madrid CF W,3275,SD Eibar,1,0,2026-04-10T16:06:25.028304
3911511,2024-03-24,182,Liga F,281,2023/2024,Regular Season,11864,FC Levante Badalona,6604,Villarreal,1,1,2024-03-25T13:06:16.446478
3911512,2024-03-24,182,Liga F,281,2023/2024,Regular Season,3278,Madrid CFF,3280,CD Sporting de Huelva,2,1,2024-04-05T15:33:02.111528
3911513,2024-03-23,182,Liga F,281,2023/2024,Regular Season,3272,Real Sociedad de Fútbol,3270,Athletic Club Bilbao,0,1,2024-03-24T10:19:57.917577
3911514,2024-03-24,182,Liga F,281,2023/2024,Regular Season,3275,SD Eibar,1105,Atletico Madrid W,1,1,2026-04-07T13:45:29.646319
3911515,2024-03-24,182,Liga F,281,2023/2024,Regular Season,3282,Real Madrid CF W,937,Barcelona WFC,0,3,2026-04-10T16:07:31.278848
3911516,2024-03-23,182,Liga F,281,2023/2024,Regular Season,3277,Valencia CF,18938,Granada W,4,1,2024-03-30T10:24:35.410815
3911517,2024-03-23,182,Liga F,281,2023/2024,Regular Season,3274,Levante UD Femenino,3279,Real Betis Balompié,7,0,2024-03-24T11:35:02.812027
3911518,2024-03-23,182,Liga F,281,2023/2024,Regular Season,3269,Costa Adeje Tenerife,3281,Sevilla FC,5,0,2024-03-25T17:19:47.177329
3911519,2024-03-31,182,Liga F,281,2023/2024,Regular Season,3270,Athletic Club Bilbao,11864,FC Levante Badalona,4,1,2024-04-01T06:11:59.379466
3911520,2024-03-30,182,Liga F,281,2023/2024,Regular Season,1105,Atletico Madrid W,3277,Valencia CF,1,0,2026-04-08T01:42:11.007541
3911521,2024-03-31,182,Liga F,281,2023/2024,Regular Season,18938,Granada W,3278,Madrid CFF,3,0,2024-04-04T08:05:42.539613
3911522,2024-03-30,182,Liga F,281,2023/2024,Regular Season,3279,Real Betis Balompié,3275,SD Eibar,0,0,2024-03-31T02:22:11.612037
3911523,2024-03-31,182,Liga F,281,2023/2024,Regular Season,3280,CD Sporting de Huelva,3269,Costa Adeje Tenerife,1,2,2024-04-05T15:24:54.252738
3911524,2024-03-31,182,Liga F,281,2023/2024,Regular Season,3274,Levante UD Femenino,937,Barcelona WFC,0,5,2024-04-01T04:58:29.923547
3911525,2024-03-30,182,Liga F,281,2023/2024,Regular Season,6604,Villarreal,3282,Real Madrid CF W,0,2,2026-04-11T15:26:05.850049
3911526,2024-03-30,182,Liga F,281,2023/2024,Regular Season,3281,Sevilla FC,3272,Real Sociedad de Fútbol,4,2,2024-08-05T15:28:30.351657
3911527,2024-04-14,182,Liga F,281,2023/2024,Regular Season,3270,Athletic Club Bilbao,1105,Atletico Madrid W,1,0,2026-04-07T13:46:27.988416
3911528,2024-04-13,182,Liga F,281,2023/2024,Regular Season,937,Barcelona WFC,6604,Villarreal,5,1,2024-04-14T09:49:53.563746
3911529,2024-04-13,182,Liga F,281,2023/2024,Regular Season,3272,Real Sociedad de Fútbol,3280,CD Sporting de Huelva,1,1,2024-04-15T13:31:33.530597
3911530,2024-04-13,182,Liga F,281,2023/2024,Regular Season,3275,SD Eibar,3281,Sevilla FC,3,0,2024-04-18T15:44:07.643096
3911531,2024-04-14,182,Liga F,281,2023/2024,Regular Season,3282,Real Madrid CF W,18938,Granada W,5,0,2026-04-10T16:08:31.867017
3911532,2024-04-14,182,Liga F,281,2023/2024,Regular Season,3277,Valencia CF,3274,Levante UD Femenino,1,1,2025-11-23T11:02:49.226055
3911533,2024-04-14,182,Liga F,281,2023/2024,Regular Season,3269,Costa Adeje Tenerife,3278,Madrid CFF,2,2,2024-04-15T23:23:00.310871
3911534,2024-04-13,182,Liga F,281,2023/2024,Regular Season,11864,FC Levante Badalona,3279,Real Betis Balompié,1,2,2024-04-14T12:47:55.362476
3911535,2024-04-21,182,Liga F,281,2023/2024,Regular Season,1105,Atletico Madrid W,3279,Real Betis Balompié,5,1,2026-04-08T01:43:06.049402
3911536,2024-04-20,182,Liga F,281,2023/2024,Regular Season,18938,Granada W,3269,Costa Adeje Tenerife,2,1,2024-06-12T23:01:13.346367
3911537,2024-04-20,182,Liga F,281,2023/2024,Regular Season,3274,Levante UD Femenino,3282,Real Madrid CF W,2,4,2026-04-11T15:27:10.949252
3911538,2024-04-20,182,Liga F,281,2023/2024,Regular Season,3278,Madrid CFF,3270,Athletic Club Bilbao,2,1,2024-04-21T17:52:32.243061
3911539,2024-04-24,182,Liga F,281,2023/2024,Regular Season,11864,FC Levante Badalona,937,Barcelona WFC,2,4,2024-04-25T08:10:25.202441
3911540,2024-04-21,182,Liga F,281,2023/2024,Regular Season,3277,Valencia CF,3272,Real Sociedad de Fútbol,3,0,2024-04-27T13:42:39.981657
3911541,2024-04-20,182,Liga F,281,2023/2024,Regular Season,3280,CD Sporting de Huelva,3275,SD Eibar,0,1,2024-04-21T21:50:49.634936
3911542,2024-04-21,182,Liga F,281,2023/2024,Regular Season,6604,Villarreal,3281,Sevilla FC,1,2,2025-10-24T02:56:48.570076
3911543,2024-05-01,182,Liga F,281,2023/2024,Regular Season,937,Barcelona WFC,3278,Madrid CFF,8,0,2024-05-02T06:41:32.400516
3911544,2024-04-27,182,Liga F,281,2023/2024,Regular Season,3279,Real Betis Balompié,3280,CD Sporting de Huelva,3,1,2024-04-28T07:09:54.805229
3911545,2024-04-27,182,Liga F,281,2023/2024,Regular Season,3269,Costa Adeje Tenerife,3277,Valencia CF,1,0,2024-05-04T12:49:17.778817
3911546,2024-04-28,182,Liga F,281,2023/2024,Regular Season,3275,SD Eibar,3270,Athletic Club Bilbao,0,2,2024-04-28T20:16:22.336265
3911547,2024-04-28,182,Liga F,281,2023/2024,Regular Season,3272,Real Sociedad de Fútbol,1105,Atletico Madrid W,0,2,2026-04-07T13:47:30.976456
3911548,2024-04-28,182,Liga F,281,2023/2024,Regular Season,3282,Real Madrid CF W,11864,FC Levante Badalona,2,1,2026-04-10T16:09:28.646381
3911549,2024-04-27,182,Liga F,281,2023/2024,Regular Season,6604,Villarreal,18938,Granada W,1,2,2024-04-28T16:54:53.452950
3911550,2024-04-27,182,Liga F,281,2023/2024,Regular Season,3281,Sevilla FC,3274,Levante UD Femenino,1,3,2024-04-28T06:46:34.726519
3911551,2024-05-04,182,Liga F,281,2023/2024,Regular Season,3270,Athletic Club Bilbao,6604,Villarreal,1,0,2024-05-05T09:59:39.625563
3911552,2024-05-04,182,Liga F,281,2023/2024,Regular Season,1105,Atletico Madrid W,3269,Costa Adeje Tenerife,1,0,2026-04-08T01:43:57.553736
3911553,2024-05-05,182,Liga F,281,2023/2024,Regular Season,3274,Levante UD Femenino,3272,Real Sociedad de Fútbol,4,3,2024-05-05T18:55:51.884197
3911554,2024-05-05,182,Liga F,281,2023/2024,Regular Season,3278,Madrid CFF,3282,Real Madrid CF W,0,1,2026-04-11T15:28:17.341353
3911555,2024-05-05,182,Liga F,281,2023/2024,Regular Season,3279,Real Betis Balompié,3281,Sevilla FC,1,1,2024-05-06T08:29:39.058605
3911556,2024-05-04,182,Liga F,281,2023/2024,Regular Season,18938,Granada W,937,Barcelona WFC,1,4,2024-06-13T08:49:59.043666
3911557,2024-05-05,182,Liga F,281,2023/2024,Regular Season,3280,CD Sporting de Huelva,11864,FC Levante Badalona,1,2,2024-05-06T09:53:23.396991
3911558,2024-05-04,182,Liga F,281,2023/2024,Regular Season,3277,Valencia CF,3275,SD Eibar,0,2,2024-05-08T20:57:12.278214
3911559,2024-05-11,182,Liga F,281,2023/2024,Regular Season,11864,FC Levante Badalona,3274,Levante UD Femenino,1,1,2024-05-12T03:48:22.824500
3911560,2024-05-12,182,Liga F,281,2023/2024,Regular Season,3278,Madrid CFF,3277,Valencia CF,6,1,2024-05-17T10:06:00.710727
3911561,2024-05-12,182,Liga F,281,2023/2024,Regular Season,3281,Sevilla FC,3280,CD Sporting de Huelva,2,0,2024-05-16T11:41:09.077434
3911562,2024-05-10,182,Liga F,281,2023/2024,Regular Season,937,Barcelona WFC,3270,Athletic Club Bilbao,7,0,2024-05-11T08:41:03.578251
3911563,2024-05-11,182,Liga F,281,2023/2024,Regular Season,3282,Real Madrid CF W,1105,Atletico Madrid W,2,3,2026-04-10T16:10:27.296440
3911564,2024-05-11,182,Liga F,281,2023/2024,Regular Season,18938,Granada W,3279,Real Betis Balompié,2,3,2024-05-12T07:04:49.070767
3911565,2024-05-12,182,Liga F,281,2023/2024,Regular Season,3269,Costa Adeje Tenerife,3272,Real Sociedad de Fútbol,0,1,2024-05-13T20:17:53.476520
3911566,2024-05-10,182,Liga F,281,2023/2024,Regular Season,6604,Villarreal,3275,SD Eibar,1,1,2024-05-11T22:34:32.840417
3911625,2024-05-24,182,Liga F,281,2023/2024,Regular Season,1105,Atletico Madrid W,11864,FC Levante Badalona,3,1,2026-04-08T01:44:54.985283
3911626,2024-05-24,182,Liga F,281,2023/2024,Regular Season,3270,Athletic Club Bilbao,3269,Costa Adeje Tenerife,4,1,2024-05-25T03:10:07.449445
3911627,2024-05-25,182,Liga F,281,2023/2024,Regular Season,3274,Levante UD Femenino,6604,Villarreal,2,1,2024-05-25T21:45:39.431873
3911628,2024-05-26,182,Liga F,281,2023/2024,Regular Season,3279,Real Betis Balompié,3278,Madrid CFF,0,0,2024-05-27T08:13:22.168296
3911629,2024-05-14,182,Liga F,281,2023/2024,Regular Season,3275,SD Eibar,937,Barcelona WFC,0,4,2024-05-15T12:08:15.283975
3911630,2024-05-25,182,Liga F,281,2023/2024,Regular Season,3280,CD Sporting de Huelva,18938,Granada W,2,1,2024-05-26T05:03:14.024925
3911631,2024-05-26,182,Liga F,281,2023/2024,Regular Season,3272,Real Sociedad de Fútbol,3282,Real Madrid CF W,1,2,2026-04-11T15:29:16.626307
3911632,2024-05-26,182,Liga F,281,2023/2024,Regular Season,3277,Valencia CF,3281,Sevilla FC,3,1,2024-06-06T15:11:13.589294
3911633,2024-06-09,182,Liga F,281,2023/2024,Regular Season,6604,Villarreal,3280,CD Sporting de Huelva,2,0,2025-12-10T15:01:40.389494
3911634,2024-06-09,182,Liga F,281,2023/2024,Regular Season,3281,Sevilla FC,1105,Atletico Madrid W,1,1,2026-04-07T13:49:25.626251
3911635,2024-06-09,182,Liga F,281,2023/2024,Regular Season,3269,Costa Adeje Tenerife,3275,SD Eibar,1,1,2024-06-19T03:58:11.556740
3911636,2024-06-09,182,Liga F,281,2023/2024,Regular Season,937,Barcelona WFC,3279,Real Betis Balompié,5,1,2024-06-19T16:09:47.052801
3911637,2024-06-09,182,Liga F,281,2023/2024,Regular Season,3282,Real Madrid CF W,3270,Athletic Club Bilbao,1,0,2026-04-10T16:11:30.322733
3911638,2024-06-09,182,Liga F,281,2023/2024,Regular Season,3278,Madrid CFF,3272,Real Sociedad de Fútbol,2,3,2024-06-10T10:22:07.713075
3911639,2024-06-09,182,Liga F,281,2023/2024,Regular Season,18938,Granada W,3274,Levante UD Femenino,0,3,2024-06-18T17:33:54.195543
3911640,2024-06-09,182,Liga F,281,2023/2024,Regular Season,11864,FC Levante Badalona,3277,Valencia CF,3,0,2024-06-24T21:52:54.554854
3911641,2024-06-14,182,Liga F,281,2023/2024,Regular Season,3280,CD Sporting de Huelva,3282,Real Madrid CF W,1,4,2026-04-11T15:30:12.023889
3911642,2024-06-15,182,Liga F,281,2023/2024,Regular Season,3272,Real Sociedad de Fútbol,11864,FC Levante Badalona,2,2,2024-07-22T07:47:03.292673
3911643,2024-06-16,182,Liga F,281,2023/2024,Regular Season,3277,Valencia CF,937,Barcelona WFC,0,3,2024-08-05T15:26:23.319216
3911644,2024-06-15,182,Liga F,281,2023/2024,Regular Season,3275,SD Eibar,18938,Granada W,0,2,2024-06-22T14:39:16.204122
3911645,2024-06-15,182,Liga F,281,2023/2024,Regular Season,3279,Real Betis Balompié,3269,Costa Adeje Tenerife,1,0,2024-06-29T04:40:06.046811
3911646,2024-06-15,182,Liga F,281,2023/2024,Regular Season,3274,Levante UD Femenino,3278,Madrid CFF,3,0,2024-06-25T09:55:53.907884
3911647,2024-06-15,182,Liga F,281,2023/2024,Regular Season,1105,Atletico Madrid W,6604,Villarreal,1,0,2026-04-08T01:45:42.672933
3911648,2024-06-16,182,Liga F,281,2023/2024,Regular Season,3270,Athletic Club Bilbao,3281,Sevilla FC,2,1,2024-06-17T14:43:27.011680
3939969,2024-06-21,223,Copa America,282,2024,Group Stage,779,Argentina,1833,Canada,2,0,2026-05-01T09:26:12.868905
3939970,2024-06-22,223,Copa America,282,2024,Group Stage,784,Peru,3562,Chile,0,0,2026-05-01T16:26:44.940945
3939971,2024-06-23,223,Copa America,282,2024,Group Stage,794,Mexico,2305,Jamaica,1,0,2026-05-01T15:54:43.173347
3939972,2024-06-22,223,Copa America,282,2024,Group Stage,3565,Ecuador,3563,Venezuela,1,2,2026-05-01T16:27:32.764341
3939973,2024-06-24,223,Copa America,282,2024,Group Stage,783,Uruguay,798,Panama,3,1,2026-05-01T15:56:46.634167
3939974,2024-06-23,223,Copa America,282,2024,Group Stage,1839,United States,3564,Bolivia,2,0,2026-05-01T15:55:47.472835
3939975,2024-06-24,223,Copa America,282,2024,Group Stage,769,Colombia,3567,Paraguay,2,1,2026-05-01T15:57:43.788446
3939976,2024-06-25,223,Copa America,282,2024,Group Stage,781,Brazil,795,Costa Rica,0,0,2026-05-01T09:27:18.120783
3939977,2024-06-26,223,Copa America,282,2024,Group Stage,3562,Chile,779,Argentina,0,1,2026-05-01T15:58:54.486840
3939978,2024-06-25,223,Copa America,282,2024,Group Stage,784,Peru,1833,Canada,0,1,2026-05-01T09:28:11.500987
3939979,2024-06-27,223,Copa America,282,2024,Group Stage,3563,Venezuela,794,Mexico,1,0,2026-05-01T15:59:52.657101
3939980,2024-06-26,223,Copa America,282,2024,Group Stage,3565,Ecuador,2305,Jamaica,3,1,2026-05-01T16:00:45.077382
3939981,2024-06-27,223,Copa America,282,2024,Group Stage,798,Panama,1839,United States,2,1,2026-05-01T16:28:20.068643
3939982,2024-06-28,223,Copa America,282,2024,Group Stage,783,Uruguay,3564,Bolivia,5,0,2026-05-01T16:26:23.907380
3939983,2024-06-29,223,Copa America,282,2024,Group Stage,3567,Paraguay,781,Brazil,1,4,2026-05-01T15:54:38.596475
3939984,2024-06-28,223,Copa America,282,2024,Group Stage,769,Colombia,795,Costa Rica,3,0,2026-05-01T09:29:08.810140
3939985,2024-06-30,223,Copa America,282,2024,Group Stage,1833,Canada,3562,Chile,0,0,2026-05-01T09:30:02.324526
3939986,2024-06-30,223,Copa America,282,2024,Group Stage,779,Argentina,784,Peru,2,0,2026-05-01T15:55:37.397656
3939987,2024-07-01,223,Copa America,282,2024,Group Stage,2305,Jamaica,3563,Venezuela,0,3,2026-05-02T01:59:50.209451
3939988,2024-07-01,223,Copa America,282,2024,Group Stage,794,Mexico,3565,Ecuador,0,0,2026-05-02T01:58:52.106255
3939989,2024-07-02,223,Copa America,282,2024,Group Stage,3564,Bolivia,798,Panama,1,3,2026-05-02T02:01:49.634066
3939990,2024-07-02,223,Copa America,282,2024,Group Stage,1839,United States,783,Uruguay,0,1,2026-05-02T02:00:44.640443
3939991,2024-07-03,223,Copa America,282,2024,Group Stage,781,Brazil,769,Colombia,1,1,2026-05-02T02:02:52.324442
3939992,2024-07-03,223,Copa America,282,2024,Group Stage,795,Costa Rica,3567,Paraguay,2,1,2026-05-01T09:30:58.803649
3942228,2024-07-05,223,Copa America,282,2024,Quarter-finals,779,Argentina,3565,Ecuador,1,1,2026-04-28T19:50:52.518728
3942229,2024-07-06,223,Copa America,282,2024,Quarter-finals,3563,Venezuela,1833,Canada,1,1,2026-04-28T19:52:01.993870
3942415,2024-07-07,223,Copa America,282,2024,Quarter-finals,783,Uruguay,781,Brazil,0,0,2026-04-28T19:53:00.527320
3942416,2024-07-06,223,Copa America,282,2024,Quarter-finals,769,Colombia,798,Panama,5,0,2026-05-13T12:24:48.807600
3942785,2024-07-10,223,Copa America,282,2024,Semi-finals,779,Argentina,1833,Canada,2,0,2026-04-28T19:54:55.193995
3942852,2024-07-11,223,Copa America,282,2024,Semi-finals,783,Uruguay,769,Colombia,0,1,2026-04-28T19:55:45.410480
3943076,2024-07-14,223,Copa America,282,2024,3rd Place Final,1833,Canada,783,Uruguay,2,2,2026-04-28T19:56:42.619096
3943077,2024-07-15,223,Copa America,282,2024,Final,779,Argentina,769,Colombia,1,0,2026-04-28T19:57:53.484308
3813264,2022-01-05,1238,Indian Super league,108,2021/2022,Regular Season,7282,Mohun Bagan Super Giant,7289,SC Delhi,2,2,2026-04-06T18:33:00.333142
3813265,2022-01-07,1238,Indian Super league,108,2021/2022,Regular Season,7286,East Bengal,7287,Mumbai City,0,0,2022-02-19T22:00:23.095275
3813266,2022-01-08,1238,Indian Super league,108,2021/2022,Regular Season,7288,Goa,7290,Chennaiyin,1,0,2022-02-19T22:05:26.473260
3813267,2021-12-07,1238,Indian Super league,108,2021/2022,Regular Season,7286,East Bengal,7288,Goa,3,4,2021-12-21T21:59:57.694647
3813268,2021-12-06,1238,Indian Super league,108,2021/2022,Regular Season,2021,Jamshedpur,7282,Mohun Bagan Super Giant,2,1,2021-12-21T21:54:41.606196
3813269,2021-12-14,1238,Indian Super league,108,2021/2022,Regular Season,7291,Odisha,2021,Jamshedpur,0,4,2021-12-25T18:50:25.161583
3813270,2021-11-22,1238,Indian Super league,108,2021/2022,Regular Season,7287,Mumbai City,7288,Goa,3,0,2021-12-21T20:39:54.869445
3813271,2022-01-02,1238,Indian Super league,108,2021/2022,Regular Season,7283,Kerala Blasters,7288,Goa,2,2,2022-01-05T20:57:40.202554
3813272,2021-12-18,1238,Indian Super league,108,2021/2022,Regular Season,7288,Goa,7289,SC Delhi,1,1,2021-12-21T11:44:07.458965
3813273,2022-01-03,1238,Indian Super league,108,2021/2022,Regular Season,7291,Odisha,7287,Mumbai City,4,2,2022-02-19T21:43:43.817776
3813274,2021-12-04,1238,Indian Super league,108,2021/2022,Regular Season,7284,Bengaluru,7287,Mumbai City,1,3,2022-12-01T19:46:28.726444
3813275,2021-12-26,1238,Indian Super league,108,2021/2022,Regular Season,7283,Kerala Blasters,2021,Jamshedpur,1,1,2022-01-05T20:37:43.170238
3813276,2021-12-17,1238,Indian Super league,108,2021/2022,Regular Season,7285,NorthEast United,7286,East Bengal,2,0,2022-02-19T21:10:39.833790
3813277,2021-11-27,1238,Indian Super league,108,2021/2022,Regular Season,7287,Mumbai City,7289,SC Delhi,1,3,2021-12-21T21:01:59.589922
3813278,2021-12-22,1238,Indian Super league,108,2021/2022,Regular Season,7290,Chennaiyin,7283,Kerala Blasters,0,3,2021-12-25T19:13:10.524641
3813279,2021-12-18,1238,Indian Super league,108,2021/2022,Regular Season,7290,Chennaiyin,7291,Odisha,2,1,2023-02-24T05:03:33.136605
3813280,2021-12-03,1238,Indian Super league,108,2021/2022,Regular Season,7290,Chennaiyin,7286,East Bengal,0,0,2022-02-19T20:59:21.113723
3813281,2021-12-11,1238,Indian Super league,108,2021/2022,Regular Season,7282,Mohun Bagan Super Giant,7290,Chennaiyin,1,1,2026-04-06T18:30:56.438680
3813282,2021-12-19,1238,Indian Super league,108,2021/2022,Regular Season,7287,Mumbai City,7283,Kerala Blasters,0,3,2022-01-05T20:22:12.488795
3813283,2021-12-30,1238,Indian Super league,108,2021/2022,Regular Season,7290,Chennaiyin,7284,Bengaluru,2,4,2023-02-24T03:47:44.181716
3813284,2021-12-09,1238,Indian Super league,108,2021/2022,Regular Season,7287,Mumbai City,2021,Jamshedpur,4,2,2021-12-21T22:09:13.201473
3813285,2021-12-11,1238,Indian Super league,108,2021/2022,Regular Season,7288,Goa,7284,Bengaluru,2,1,2021-12-21T22:18:34.773660
3813286,2021-12-15,1238,Indian Super league,108,2021/2022,Regular Season,7287,Mumbai City,7290,Chennaiyin,1,0,2022-02-19T21:05:06.111449
3813287,2021-12-16,1238,Indian Super league,108,2021/2022,Regular Season,7284,Bengaluru,7282,Mohun Bagan Super Giant,3,3,2022-12-01T19:47:10.085720
3813288,2021-12-02,1238,Indian Super league,108,2021/2022,Regular Season,2021,Jamshedpur,7289,SC Delhi,1,1,2022-12-01T19:45:48.473179
3813289,2021-11-24,1238,Indian Super league,108,2021/2022,Regular Season,7291,Odisha,7284,Bengaluru,3,1,2022-12-01T19:45:11.307685
3813290,2021-12-13,1238,Indian Super league,108,2021/2022,Regular Season,7289,SC Delhi,7285,NorthEast United,5,1,2021-12-25T18:45:29.010269
3813291,2021-11-27,1238,Indian Super league,108,2021/2022,Regular Season,7286,East Bengal,7282,Mohun Bagan Super Giant,0,3,2021-12-21T21:06:50.075290
3813292,2021-11-28,1238,Indian Super league,108,2021/2022,Regular Season,7284,Bengaluru,7283,Kerala Blasters,1,1,2023-02-24T22:05:01.352443
3813293,2022-01-04,1238,Indian Super league,108,2021/2022,Regular Season,7284,Bengaluru,7286,East Bengal,1,1,2023-02-24T03:48:48.444992
3813294,2021-11-29,1238,Indian Super league,108,2021/2022,Regular Season,7285,NorthEast United,7290,Chennaiyin,1,2,2021-12-21T21:16:21.120677
3813295,2021-12-28,1238,Indian Super league,108,2021/2022,Regular Season,7289,SC Delhi,7291,Odisha,6,1,2022-02-19T21:27:32.706703
3813296,2021-11-25,1238,Indian Super league,108,2021/2022,Regular Season,7285,NorthEast United,7283,Kerala Blasters,0,0,2021-12-21T20:53:19.452660
3813297,2021-11-20,1238,Indian Super league,108,2021/2022,Regular Season,7284,Bengaluru,7285,NorthEast United,4,2,2023-02-24T05:26:35.972093
3813298,2021-11-21,1238,Indian Super league,108,2021/2022,Regular Season,7286,East Bengal,2021,Jamshedpur,1,1,2021-11-27T01:16:01.985130
3813299,2021-12-08,1238,Indian Super league,108,2021/2022,Regular Season,7289,SC Delhi,7284,Bengaluru,1,0,2021-12-21T22:04:16.908108
3813300,2021-12-05,1238,Indian Super league,108,2021/2022,Regular Season,7283,Kerala Blasters,7291,Odisha,2,1,2021-12-21T21:50:16.914676
3813301,2021-12-10,1238,Indian Super league,108,2021/2022,Regular Season,7291,Odisha,7285,NorthEast United,1,0,2022-01-05T20:17:18.289800
3813302,2022-01-06,1238,Indian Super league,108,2021/2022,Regular Season,2021,Jamshedpur,7285,NorthEast United,3,2,2022-03-03T16:15:12.977402
3813303,2021-12-29,1238,Indian Super league,108,2021/2022,Regular Season,7282,Mohun Bagan Super Giant,7288,Goa,2,1,2026-04-06T18:32:04.458525
3813304,2021-12-23,1238,Indian Super league,108,2021/2022,Regular Season,7289,SC Delhi,7286,East Bengal,1,1,2022-01-05T20:33:08.204792
3813305,2022-01-09,1238,Indian Super league,108,2021/2022,Regular Season,7283,Kerala Blasters,7289,SC Delhi,1,0,2022-12-01T19:48:38.749934
3813306,2021-12-21,1238,Indian Super league,108,2021/2022,Regular Season,7285,NorthEast United,7282,Mohun Bagan Super Giant,2,3,2022-01-05T20:28:42.228277
3813307,2021-12-20,1238,Indian Super league,108,2021/2022,Regular Season,2021,Jamshedpur,7284,Bengaluru,0,0,2023-02-24T22:05:57.606478
3813308,2021-12-24,1238,Indian Super league,108,2021/2022,Regular Season,7291,Odisha,7288,Goa,1,1,2022-02-19T21:22:29.984793
3813309,2021-11-23,1238,Indian Super league,108,2021/2022,Regular Season,7289,SC Delhi,7290,Chennaiyin,0,1,2023-03-31T02:14:09.896947
3813310,2021-12-12,1238,Indian Super league,108,2021/2022,Regular Season,7286,East Bengal,7283,Kerala Blasters,1,1,2021-12-25T18:40:37.392860
3813311,2022-01-02,1238,Indian Super league,108,2021/2022,Regular Season,2021,Jamshedpur,7290,Chennaiyin,0,1,2022-02-19T21:38:13.781424
3813312,2021-12-01,1238,Indian Super league,108,2021/2022,Regular Season,7282,Mohun Bagan Super Giant,7287,Mumbai City,1,5,2026-04-06T17:12:28.223488
3813313,2022-01-23,1238,Indian Super league,108,2021/2022,Regular Season,7282,Mohun Bagan Super Giant,7291,Odisha,0,0,2026-04-06T18:33:57.872951
3813314,2021-11-19,1238,Indian Super league,108,2021/2022,Regular Season,7282,Mohun Bagan Super Giant,7283,Kerala Blasters,4,2,2026-04-06T17:11:17.178112
3813315,2021-11-26,1238,Indian Super league,108,2021/2022,Regular Season,7288,Goa,2021,Jamshedpur,1,3,2021-12-21T20:57:46.820691
3813316,2021-12-04,1238,Indian Super league,108,2021/2022,Regular Season,7285,NorthEast United,7288,Goa,2,1,2021-12-21T21:45:03.837327
3813317,2021-11-30,1238,Indian Super league,108,2021/2022,Regular Season,7291,Odisha,7286,East Bengal,6,4,2021-12-21T21:21:29.224454
3813318,2021-12-27,1238,Indian Super league,108,2021/2022,Regular Season,7285,NorthEast United,7287,Mumbai City,3,3,2022-12-01T19:47:56.417429
3817848,2022-02-15,1238,Indian Super league,108,2021/2022,Regular Season,7288,Goa,7282,Mohun Bagan Super Giant,0,2,2022-02-16T11:30:33.411173
3817849,2022-01-10,1238,Indian Super league,108,2021/2022,Regular Season,7287,Mumbai City,7284,Bengaluru,0,3,2022-02-19T22:16:45.168159
3817850,2022-01-11,1238,Indian Super league,108,2021/2022,Regular Season,2021,Jamshedpur,7286,East Bengal,1,0,2022-02-19T22:21:37.157415
3817851,2022-01-12,1238,Indian Super league,108,2021/2022,Regular Season,7291,Odisha,7283,Kerala Blasters,0,2,2024-08-05T11:25:08.835790
3817852,2022-02-06,1238,Indian Super league,108,2021/2022,Regular Season,7290,Chennaiyin,7287,Mumbai City,0,1,2022-03-03T17:43:24.493733
3817853,2022-01-19,1238,Indian Super league,108,2021/2022,Regular Season,7288,Goa,7286,East Bengal,1,2,2022-02-19T22:46:04.536018
3817854,2022-02-27,1238,Indian Super league,108,2021/2022,Regular Season,7282,Mohun Bagan Super Giant,7284,Bengaluru,2,0,2026-04-06T18:28:26.806528
3817855,2022-02-19,1238,Indian Super league,108,2021/2022,Regular Season,7283,Kerala Blasters,7282,Mohun Bagan Super Giant,2,2,2022-03-03T18:59:17.264264
3817856,2022-03-07,1238,Indian Super league,108,2021/2022,Regular Season,7282,Mohun Bagan Super Giant,2021,Jamshedpur,0,1,2026-04-06T18:29:16.142832
3817857,2022-03-01,1238,Indian Super league,108,2021/2022,Regular Season,7289,SC Delhi,2021,Jamshedpur,0,3,2022-03-03T15:58:49.012448
3817858,2022-02-26,1238,Indian Super league,108,2021/2022,Regular Season,7283,Kerala Blasters,7290,Chennaiyin,3,0,2022-04-03T18:43:15.488809
3817859,2022-02-25,1238,Indian Super league,108,2021/2022,Regular Season,7285,NorthEast United,2021,Jamshedpur,2,3,2022-04-03T18:36:59.424099
3817860,2022-01-27,1238,Indian Super league,108,2021/2022,Regular Season,7291,Odisha,7289,SC Delhi,2,3,2022-02-19T23:05:46.316803
3817861,2022-01-30,1238,Indian Super league,108,2021/2022,Regular Season,7283,Kerala Blasters,7284,Bengaluru,0,1,2022-03-03T17:03:02.911228
3817862,2022-02-13,1238,Indian Super league,108,2021/2022,Regular Season,7287,Mumbai City,7291,Odisha,4,1,2022-03-03T18:24:30.321129
3817863,2022-02-19,1238,Indian Super league,108,2021/2022,Regular Season,7289,SC Delhi,7288,Goa,3,2,2022-03-03T18:53:21.440621
3817864,2022-02-03,1238,Indian Super league,108,2021/2022,Regular Season,7287,Mumbai City,7282,Mohun Bagan Super Giant,1,1,2022-03-03T17:27:42.794436
3817865,2022-01-18,1238,Indian Super league,108,2021/2022,Regular Season,7285,NorthEast United,7291,Odisha,0,2,2022-02-19T22:40:24.501047
3817866,2022-03-02,1238,Indian Super league,108,2021/2022,Regular Season,7283,Kerala Blasters,7287,Mumbai City,3,1,2022-12-01T19:55:25.147080
3817867,2022-01-25,1238,Indian Super league,108,2021/2022,Regular Season,7287,Mumbai City,7285,NorthEast United,1,1,2022-03-03T16:39:30.638591
3817868,2022-01-26,1238,Indian Super league,108,2021/2022,Regular Season,7284,Bengaluru,7290,Chennaiyin,3,0,2022-03-03T16:45:45.230435
3817869,2022-02-11,1238,Indian Super league,108,2021/2022,Regular Season,7284,Bengaluru,7289,SC Delhi,1,2,2022-03-03T18:11:29.479253
3817870,2022-03-06,1238,Indian Super league,108,2021/2022,Regular Season,7288,Goa,7283,Kerala Blasters,4,4,2022-04-14T17:02:43.532901
3817871,2022-01-31,1238,Indian Super league,108,2021/2022,Regular Season,7285,NorthEast United,7289,SC Delhi,0,5,2022-03-03T17:08:36.145458
3817872,2022-02-21,1238,Indian Super league,108,2021/2022,Regular Season,7284,Bengaluru,7291,Odisha,2,1,2022-03-03T19:12:00.419900
3817873,2022-02-12,1238,Indian Super league,108,2021/2022,Regular Season,7282,Mohun Bagan Super Giant,7285,NorthEast United,3,1,2026-04-06T17:13:29.231265
3817874,2022-01-23,1238,Indian Super league,108,2021/2022,Regular Season,7284,Bengaluru,7288,Goa,1,1,2022-02-19T22:58:16.581351
3817875,2022-01-28,1238,Indian Super league,108,2021/2022,Regular Season,2021,Jamshedpur,7288,Goa,1,0,2022-12-01T19:55:45.397358
3817876,2022-01-22,1238,Indian Super league,108,2021/2022,Regular Season,7290,Chennaiyin,7285,NorthEast United,2,1,2022-12-01T19:52:13.523067
3817877,2022-02-18,1238,Indian Super league,108,2021/2022,Regular Season,7285,NorthEast United,7284,Bengaluru,2,1,2024-09-28T17:57:15.057404
3817878,2022-01-24,1238,Indian Super league,108,2021/2022,Regular Season,7286,East Bengal,7289,SC Delhi,0,4,2022-03-03T16:33:56.719050
3817879,2022-01-13,1238,Indian Super league,108,2021/2022,Regular Season,7290,Chennaiyin,7289,SC Delhi,1,1,2022-12-01T19:51:20.992369
3817880,2022-02-16,1238,Indian Super league,108,2021/2022,Regular Season,7291,Odisha,7290,Chennaiyin,2,2,2022-03-03T18:36:17.138398
3817881,2022-02-10,1238,Indian Super league,108,2021/2022,Regular Season,2021,Jamshedpur,7283,Kerala Blasters,3,0,2022-04-03T18:07:32.891923
3817882,2022-02-02,1238,Indian Super league,108,2021/2022,Regular Season,7286,East Bengal,7290,Chennaiyin,2,2,2022-04-03T18:02:38.565934
3817883,2022-02-05,1238,Indian Super league,108,2021/2022,Regular Season,7284,Bengaluru,2021,Jamshedpur,3,1,2022-03-03T17:38:12.405606
3817884,2022-02-08,1238,Indian Super league,108,2021/2022,Regular Season,7289,SC Delhi,7282,Mohun Bagan Super Giant,1,2,2022-03-03T17:55:11.372765
3817885,2022-02-22,1238,Indian Super league,108,2021/2022,Regular Season,7287,Mumbai City,7286,East Bengal,1,0,2022-04-17T14:11:24.386459
3817886,2022-02-04,1238,Indian Super league,108,2021/2022,Regular Season,7283,Kerala Blasters,7285,NorthEast United,2,1,2022-03-03T17:33:11.361949
3817887,2022-03-05,1238,Indian Super league,108,2021/2022,Regular Season,7289,SC Delhi,7287,Mumbai City,2,1,2022-04-03T19:26:10.994403
3817888,2022-01-29,1238,Indian Super league,108,2021/2022,Regular Season,7282,Mohun Bagan Super Giant,7286,East Bengal,3,1,2026-04-06T18:27:36.670369
3817889,2022-03-03,1238,Indian Super league,108,2021/2022,Regular Season,7290,Chennaiyin,7282,Mohun Bagan Super Giant,0,1,2022-06-08T12:40:59.857067
3817890,2022-01-14,1238,Indian Super league,108,2021/2022,Regular Season,7288,Goa,7285,NorthEast United,1,1,2022-03-03T16:21:22.380186
3817891,2022-03-05,1238,Indian Super league,108,2021/2022,Regular Season,7286,East Bengal,7284,Bengaluru,0,1,2024-09-28T17:58:04.808537
3817892,2022-02-24,1238,Indian Super league,108,2021/2022,Regular Season,7291,Odisha,7282,Mohun Bagan Super Giant,1,1,2022-04-03T18:31:12.408826
3817893,2022-02-28,1238,Indian Super league,108,2021/2022,Regular Season,7286,East Bengal,7285,NorthEast United,1,1,2022-04-03T19:01:37.549368
3817894,2022-02-01,1238,Indian Super league,108,2021/2022,Regular Season,7288,Goa,7291,Odisha,1,1,2022-03-03T17:14:42.699299
3817895,2022-02-09,1238,Indian Super league,108,2021/2022,Regular Season,7290,Chennaiyin,7288,Goa,0,5,2022-03-03T18:01:50.452351
3817896,2022-02-07,1238,Indian Super league,108,2021/2022,Regular Season,7286,East Bengal,7291,Odisha,1,2,2024-09-29T17:46:01.175308
3817897,2022-02-23,1238,Indian Super league,108,2021/2022,Regular Season,7289,SC Delhi,7283,Kerala Blasters,2,1,2022-04-14T16:56:32.005086
3817898,2022-02-26,1238,Indian Super league,108,2021/2022,Regular Season,7288,Goa,7287,Mumbai City,0,2,2022-04-03T18:49:25.763890
3817899,2022-03-04,1238,Indian Super league,108,2021/2022,Regular Season,2021,Jamshedpur,7291,Odisha,5,1,2022-04-03T19:19:31.185823
3817900,2022-02-20,1238,Indian Super league,108,2021/2022,Regular Season,7290,Chennaiyin,2021,Jamshedpur,1,4,2022-03-03T19:06:36.076838
3817901,2022-02-17,1238,Indian Super league,108,2021/2022,Regular Season,2021,Jamshedpur,7287,Mumbai City,3,2,2022-04-14T16:50:42.280271
3817902,2022-02-14,1238,Indian Super league,108,2021/2022,Regular Season,7283,Kerala Blasters,7286,East Bengal,1,0,2022-12-01T19:54:42.700219
3827335,2022-03-15,1238,Indian Super league,108,2021/2022,Play-offs - Semi-Finals,7283,Kerala Blasters,2021,Jamshedpur,1,1,2022-05-17T22:00:48.247246
3827336,2022-03-16,1238,Indian Super league,108,2021/2022,Play-offs - Semi-Finals,7282,Mohun Bagan Super Giant,7289,SC Delhi,1,0,2026-04-06T18:30:07.700525
3827337,2022-03-11,1238,Indian Super league,108,2021/2022,Play-offs - Semi-Finals,2021,Jamshedpur,7283,Kerala Blasters,0,1,2022-04-14T17:12:45.886818
3827338,2022-03-12,1238,Indian Super league,108,2021/2022,Play-offs - Semi-Finals,7289,SC Delhi,7282,Mohun Bagan Super Giant,3,1,2022-12-01T19:56:17.158053
3827767,2022-03-20,1238,Indian Super league,108,2021/2022,Championship - Final,7289,SC Delhi,7283,Kerala Blasters,1,1,2024-02-12T17:41:31.729787
3920384,2024-01-13,1267,African Cup of Nations,107,2023,Group Stage,3374,Côte d'Ivoire,4894,Guinea-Bissau,2,0,2024-02-09T16:53:45.011531
3920385,2024-01-14,1267,African Cup of Nations,107,2023,Group Stage,774,Egypt,4978,Mozambique,2,2,2026-05-02T05:45:40.421570
3920386,2024-01-14,1267,African Cup of Nations,107,2023,Group Stage,775,Nigeria,4992,Equatorial Guinea,1,1,2026-05-02T05:47:21.958847
3920387,2024-01-14,1267,African Cup of Nations,107,2023,Group Stage,4885,Ghana,4924,Cape Verde Islands,1,2,2026-05-02T05:46:31.806178
3920388,2024-01-15,1267,African Cup of Nations,107,2023,Group Stage,787,Senegal,4934,Gambia,3,0,2026-05-02T05:49:05.017814
3920389,2024-01-15,1267,African Cup of Nations,107,2023,Group Stage,2722,Cameroon,4892,Guinea,1,1,2026-05-02T05:48:09.875766
3920390,2024-01-15,1267,African Cup of Nations,107,2023,Group Stage,4898,Algeria,4901,Angola,1,1,2026-05-02T05:49:59.122726
3920391,2024-01-16,1267,African Cup of Nations,107,2023,Group Stage,4930,Mali,4976,South Africa,2,0,2026-05-02T05:52:56.492397
3920392,2024-01-16,1267,African Cup of Nations,107,2023,Group Stage,4921,Burkina Faso,4932,Mauritania,1,0,2026-05-02T05:50:53.445278
3920393,2024-01-16,1267,African Cup of Nations,107,2023,Group Stage,777,Tunisia,4980,Namibia,0,1,2026-05-02T05:51:55.200021
3920394,2024-01-17,1267,African Cup of Nations,107,2023,Group Stage,788,Morocco,4953,Tanzania,3,0,2026-05-02T05:54:46.548766
3920395,2024-01-17,1267,African Cup of Nations,107,2023,Group Stage,4881,Congo DR,4963,Zambia,1,1,2026-05-02T05:53:48.946881
3920396,2024-01-18,1267,African Cup of Nations,107,2023,Group Stage,774,Egypt,4885,Ghana,2,2,2026-05-02T05:56:31.061203
3920397,2024-01-18,1267,African Cup of Nations,107,2023,Group Stage,4992,Equatorial Guinea,4894,Guinea-Bissau,4,2,2026-05-02T05:55:36.901610
3920398,2024-01-18,1267,African Cup of Nations,107,2023,Group Stage,3374,Côte d'Ivoire,775,Nigeria,0,1,2024-02-10T15:39:30.828369
3920399,2024-01-19,1267,African Cup of Nations,107,2023,Group Stage,4924,Cape Verde Islands,4978,Mozambique,3,0,2026-05-02T05:59:06.800066
3920400,2024-01-19,1267,African Cup of Nations,107,2023,Group Stage,787,Senegal,2722,Cameroon,3,1,2026-05-02T05:58:12.096660
3920401,2024-01-19,1267,African Cup of Nations,107,2023,Group Stage,4892,Guinea,4934,Gambia,1,0,2026-05-02T05:57:22.352825
3920402,2024-01-20,1267,African Cup of Nations,107,2023,Group Stage,4898,Algeria,4921,Burkina Faso,2,2,2026-05-02T05:52:49.738082
3920403,2024-01-20,1267,African Cup of Nations,107,2023,Group Stage,4932,Mauritania,4901,Angola,2,3,2026-05-02T05:59:58.227373
3920404,2024-01-20,1267,African Cup of Nations,107,2023,Group Stage,777,Tunisia,4930,Mali,1,1,2026-05-02T05:52:05.261629
3920405,2024-01-21,1267,African Cup of Nations,107,2023,Group Stage,788,Morocco,4881,Congo DR,1,1,2026-05-02T05:55:21.424403
3920406,2024-01-21,1267,African Cup of Nations,107,2023,Group Stage,4963,Zambia,4953,Tanzania,1,1,2026-05-02T05:54:35.319654
3920407,2024-01-21,1267,African Cup of Nations,107,2023,Group Stage,4976,South Africa,4980,Namibia,4,0,2026-05-02T05:53:44.252368
3920408,2024-01-22,1267,African Cup of Nations,107,2023,Group Stage,4992,Equatorial Guinea,3374,Côte d'Ivoire,4,0,2026-01-11T17:14:45.479345
3920409,2024-01-22,1267,African Cup of Nations,107,2023,Group Stage,4894,Guinea-Bissau,775,Nigeria,0,1,2026-05-02T05:57:00.296561
3920410,2024-01-22,1267,African Cup of Nations,107,2023,Group Stage,4978,Mozambique,4885,Ghana,2,2,2026-05-12T21:18:08.827431
3920411,2024-01-22,1267,African Cup of Nations,107,2023,Group Stage,4924,Cape Verde Islands,774,Egypt,2,2,2026-05-02T05:57:52.322844
3920412,2024-01-23,1267,African Cup of Nations,107,2023,Group Stage,4892,Guinea,787,Senegal,0,2,2026-05-02T05:53:44.316177
3920413,2024-01-23,1267,African Cup of Nations,107,2023,Group Stage,4934,Gambia,2722,Cameroon,2,3,2026-05-02T05:58:38.856282
3920414,2024-01-23,1267,African Cup of Nations,107,2023,Group Stage,4901,Angola,4921,Burkina Faso,2,0,2026-05-02T05:59:28.199337
3920415,2024-01-23,1267,African Cup of Nations,107,2023,Group Stage,4932,Mauritania,4898,Algeria,1,0,2026-05-02T05:52:46.062182
3920416,2024-01-24,1267,African Cup of Nations,107,2023,Group Stage,4976,South Africa,777,Tunisia,0,0,2026-05-02T05:54:42.238963
3920417,2024-01-24,1267,African Cup of Nations,107,2023,Group Stage,4980,Namibia,4930,Mali,0,0,2026-05-02T05:55:28.782913
3920418,2024-01-24,1267,African Cup of Nations,107,2023,Group Stage,4953,Tanzania,4881,Congo DR,0,0,2026-05-02T05:56:25.673150
3920419,2024-01-24,1267,African Cup of Nations,107,2023,Group Stage,4963,Zambia,788,Morocco,0,1,2026-05-02T14:01:26.644144
3922237,2024-01-27,1267,African Cup of Nations,107,2023,Round of 16,4901,Angola,4980,Namibia,3,0,2026-05-02T01:57:48.102349
3922238,2024-01-27,1267,African Cup of Nations,107,2023,Round of 16,775,Nigeria,2722,Cameroon,2,0,2026-05-02T14:22:39.738322
3922239,2024-01-28,1267,African Cup of Nations,107,2023,Round of 16,4992,Equatorial Guinea,4892,Guinea,0,1,2026-05-02T14:24:36.229512
3922240,2024-01-28,1267,African Cup of Nations,107,2023,Round of 16,774,Egypt,4881,Congo DR,1,1,2026-05-02T14:23:45.490823
3922241,2024-01-29,1267,African Cup of Nations,107,2023,Round of 16,4924,Cape Verde Islands,4932,Mauritania,1,0,2026-05-02T14:25:32.600267
3922242,2024-01-29,1267,African Cup of Nations,107,2023,Round of 16,787,Senegal,3374,Côte d'Ivoire,1,1,2026-05-02T01:59:01.541948
3922243,2024-01-30,1267,African Cup of Nations,107,2023,Round of 16,788,Morocco,4976,South Africa,0,2,2026-05-02T01:59:57.635438
3922244,2024-01-30,1267,African Cup of Nations,107,2023,Round of 16,4930,Mali,4921,Burkina Faso,2,1,2026-05-02T14:26:29.856507
3922321,2024-02-02,1267,African Cup of Nations,107,2023,Quarter-finals,775,Nigeria,4901,Angola,1,0,2026-05-02T02:00:56.035988
3922356,2024-02-02,1267,African Cup of Nations,107,2023,Quarter-finals,4881,Congo DR,4892,Guinea,3,1,2026-05-02T02:01:49.622695
3922658,2024-02-03,1267,African Cup of Nations,107,2023,Quarter-finals,4924,Cape Verde Islands,4976,South Africa,0,0,2026-05-02T02:04:15.076948
3922659,2024-02-03,1267,African Cup of Nations,107,2023,Quarter-finals,4930,Mali,3374,Côte d'Ivoire,1,2,2026-05-02T02:03:04.475633
3922837,2024-02-07,1267,African Cup of Nations,107,2023,Semi-finals,775,Nigeria,4976,South Africa,1,1,2026-05-02T02:05:23.826134
3922838,2024-02-07,1267,African Cup of Nations,107,2023,Semi-finals,3374,Côte d'Ivoire,4881,Congo DR,1,0,2024-02-13T15:29:15.994740
3923880,2024-02-10,1267,African Cup of Nations,107,2023,3rd Place Final,4976,South Africa,4881,Congo DR,0,0,2026-05-02T02:06:23.996186
3923881,2024-02-11,1267,African Cup of Nations,107,2023,Final,775,Nigeria,3374,Côte d'Ivoire,1,2,2026-05-02T01:57:22.880456
3888787,1979-09-07,1470,FIFA U20 World Cup,274,1979,Final,9763,Argentina U20,17403,Soviet Union U20,3,1,2024-02-13T14:20:59.825440
