source_system,team_id,match_date,shots,shots_on_target,goals,penalty_goals,xg,goals_minus_xg
statsbomb,1,2016-01-02,15,3,1,0,1.8596375313,-0.8596375313
statsbomb,22,2016-01-02,17,3,0,0,2.8228705340,-2.8228705340
statsbomb,23,2016-01-02,11,4,0,0,1.0814080150,-1.0814080150
statsbomb,24,2016-01-02,23,1,0,0,1.8159626205,-1.8159626205
statsbomb,25,2016-01-02,10,4,0,0,0.9872714480,-0.9872714480
statsbomb,26,2016-01-02,9,4,1,0,0.6221843470,0.3778156530
statsbomb,27,2016-01-02,18,5,2,0,2.5320326430,-0.5320326430
statsbomb,28,2016-01-02,10,0,0,0,0.9365025570,-0.9365025570
statsbomb,30,2016-01-02,11,4,1,0,0.8410488180,0.1589511820
statsbomb,36,2016-01-02,16,5,2,0,0.9432198607,1.0567801393
statsbomb,37,2016-01-02,15,6,0,0,1.5359523210,-1.5359523210
statsbomb,39,2016-01-02,19,6,2,0,1.5109995810,0.4890004190
statsbomb,40,2016-01-02,17,10,2,0,2.1619705250,-0.1619705250
statsbomb,41,2016-01-02,13,5,2,0,1.1291239080,0.8708760920
statsbomb,56,2016-01-02,10,1,1,0,1.1692610670,-0.1692610670
statsbomb,59,2016-01-02,8,3,1,0,0.4154271360,0.5845728640
statsbomb,209,2016-01-02,8,1,0,0,0.8188341340,-0.8188341340
statsbomb,212,2016-01-02,16,2,1,0,1.1719935750,-0.1719935750
statsbomb,214,2016-01-02,4,1,0,0,0.2255017710,-0.2255017710
statsbomb,217,2016-01-02,10,2,0,0,1.0104624300,-1.0104624300
statsbomb,221,2016-01-02,9,1,0,0,0.5833666770,-0.5833666770
statsbomb,223,2016-01-02,14,4,2,0,2.6394524277,-0.6394524277
statsbomb,29,2016-01-03,12,3,1,0,0.7238449710,0.2761550290
statsbomb,31,2016-01-03,8,3,0,0,0.9195690890,-0.9195690890
statsbomb,33,2016-01-03,10,4,3,0,1.8763646950,1.1236353050
statsbomb,38,2016-01-03,19,4,1,0,0.8274244150,0.1725755850
statsbomb,207,2016-01-03,12,4,2,1,2.6168363040,-0.6168363040
statsbomb,208,2016-01-03,12,5,2,0,0.7776239050,1.2223760950
statsbomb,210,2016-01-03,15,7,2,0,0.8446137150,1.1553862850
statsbomb,213,2016-01-03,16,6,1,0,2.3896160185,-1.3896160185
statsbomb,215,2016-01-03,15,4,2,1,2.1309009070,-0.1309009070
statsbomb,218,2016-01-03,11,6,0,0,1.6140540155,-1.6140540155
statsbomb,219,2016-01-03,11,4,1,0,0.9740782147,0.0259217853
statsbomb,220,2016-01-03,17,4,2,0,1.1467011530,0.8532988470
statsbomb,222,2016-01-03,6,4,2,1,1.3212802750,0.6787197250
statsbomb,322,2016-01-03,6,5,4,0,0.9489480450,3.0510519550
statsbomb,360,2016-01-03,13,5,2,0,1.0034129990,0.9965870010
statsbomb,1049,2016-01-03,9,4,2,0,0.8743724500,1.1256275500
statsbomb,216,2016-01-04,11,2,2,0,1.9832456720,0.0167543280
statsbomb,1041,2016-01-04,17,3,1,0,1.3639521650,-0.3639521650
statsbomb,233,2016-01-05,18,10,2,0,2.3503155870,-0.3503155870
statsbomb,234,2016-01-05,11,6,3,0,1.0610296350,1.9389703650
statsbomb,224,2016-01-06,15,6,3,0,1.3642900424,1.6357099576
statsbomb,226,2016-01-06,8,1,0,0,0.2927308920,-0.2927308920
statsbomb,227,2016-01-06,17,7,2,0,0.9858191980,1.0141808020
statsbomb,228,2016-01-06,20,6,1,0,1.2040745504,-0.2040745504
statsbomb,229,2016-01-06,14,5,3,0,2.3283245480,0.6716754520
statsbomb,230,2016-01-06,18,6,2,0,1.9683975720,0.0316024280
statsbomb,231,2016-01-06,12,7,3,0,1.7968410004,1.2031589996
statsbomb,232,2016-01-06,30,3,1,0,1.8227664678,-0.8227664678
statsbomb,236,2016-01-06,15,0,0,0,0.6327146450,-0.6327146450
statsbomb,238,2016-01-06,14,3,1,0,0.9882432898,0.0117567102
statsbomb,239,2016-01-06,11,5,3,0,1.6038181220,1.3961818780
statsbomb,240,2016-01-06,9,4,1,0,1.7000013620,-0.7000013620
statsbomb,241,2016-01-06,9,4,1,1,1.1585380550,-0.1585380550
statsbomb,243,2016-01-06,19,5,0,0,1.9329529520,-1.9329529520
statsbomb,290,2016-01-06,16,4,0,0,0.5517108570,-0.5517108570
statsbomb,291,2016-01-06,5,2,2,0,0.1645667724,1.8354332276
statsbomb,1683,2016-01-06,5,2,0,0,0.1734876890,-0.1734876890
statsbomb,2256,2016-01-06,11,3,1,0,0.8891965760,0.1108034240
statsbomb,131,2016-01-08,13,3,2,0,1.7797756435,0.2202243565
statsbomb,2736,2016-01-08,5,0,0,0,0.3566725295,-0.3566725295
statsbomb,129,2016-01-09,13,6,2,1,1.6546105747,0.3453894253
statsbomb,130,2016-01-09,8,3,3,0,1.6461763340,1.3538236660
statsbomb,133,2016-01-09,10,4,1,0,0.5194093260,0.4805906740
statsbomb,134,2016-01-09,12,5,2,0,0.7634504250,1.2365495750
statsbomb,137,2016-01-09,21,8,4,0,2.0097175857,1.9902824143
statsbomb,139,2016-01-09,12,4,0,0,1.8166617565,-1.8166617565
statsbomb,140,2016-01-09,17,3,0,0,0.8197496945,-0.8197496945
statsbomb,145,2016-01-09,13,5,2,0,0.9461018660,1.0538981340
statsbomb,146,2016-01-09,13,3,1,0,1.4819679130,-0.4819679130
statsbomb,156,2016-01-09,8,3,1,0,0.3912534630,0.6087465370
statsbomb,160,2016-01-09,10,2,2,0,0.4326181670,1.5673818330
statsbomb,165,2016-01-09,6,2,1,0,0.8530532420,0.1469467580
statsbomb,213,2016-01-09,4,4,2,1,1.2472842100,0.7527157900
statsbomb,215,2016-01-09,12,4,0,0,0.8923093520,-0.8923093520
statsbomb,216,2016-01-09,9,3,1,0,0.7356887850,0.2643112150
statsbomb,217,2016-01-09,17,8,4,0,3.2089038155,0.7910961845
statsbomb,218,2016-01-09,11,2,0,0,0.6680314530,-0.6680314530
statsbomb,219,2016-01-09,18,4,0,0,0.9053543226,-0.9053543226
statsbomb,220,2016-01-09,23,9,5,0,2.5223320635,2.4776679365
statsbomb,221,2016-01-09,10,4,2,0,0.7966022650,1.2033977350
statsbomb,229,2016-01-09,11,4,1,0,0.7432047780,0.2567952220
statsbomb,230,2016-01-09,10,5,1,0,0.8372717240,0.1627282760
statsbomb,236,2016-01-09,10,5,3,0,1.5418432230,1.4581567770
statsbomb,239,2016-01-09,18,6,1,0,1.0146437410,-0.0146437410
statsbomb,243,2016-01-09,18,5,1,0,1.2889180940,-0.2889180940
statsbomb,360,2016-01-09,10,4,1,0,0.3274236250,0.6725763750
statsbomb,1049,2016-01-09,8,4,0,0,0.3746677152,-0.3746677152
statsbomb,1683,2016-01-09,13,6,2,0,1.5654436110,0.4345563890
statsbomb,135,2016-01-10,9,2,1,1,1.3197880730,-0.3197880730
statsbomb,136,2016-01-10,9,3,1,0,0.6220700374,0.3779299626
statsbomb,142,2016-01-10,8,1,0,0,0.2526270498,-0.2526270498
statsbomb,143,2016-01-10,10,3,1,0,0.7438103570,0.2561896430
statsbomb,144,2016-01-10,18,6,2,0,1.7171342370,0.2828657630
statsbomb,147,2016-01-10,15,3,0,0,0.8227803420,-0.8227803420
statsbomb,207,2016-01-10,10,3,0,0,0.6747793870,-0.6747793870
statsbomb,208,2016-01-10,5,3,1,0,0.3504987720,0.6495012280
statsbomb,209,2016-01-10,6,1,0,0,0.2486630510,-0.2486630510
statsbomb,210,2016-01-10,24,7,2,0,2.9406832717,-0.9406832717
statsbomb,212,2016-01-10,10,3,2,0,1.3168200900,0.6831799100
statsbomb,214,2016-01-10,7,4,1,0,0.3762884780,0.6237115220
statsbomb,222,2016-01-10,7,3,2,0,1.2624952610,0.7375047390
statsbomb,223,2016-01-10,11,3,1,0,1.3496817530,-0.3496817530
statsbomb,224,2016-01-10,13,5,2,0,1.2100493120,0.7899506880
statsbomb,226,2016-01-10,31,7,0,0,2.4177482990,-2.4177482990
statsbomb,227,2016-01-10,24,9,5,1,2.4979322780,2.5020677220
statsbomb,228,2016-01-10,14,2,0,0,0.5650243293,-0.5650243293
statsbomb,231,2016-01-10,8,2,1,0,0.2772939150,0.7227060850
statsbomb,232,2016-01-10,15,6,1,1,1.7217855535,-0.7217855535
statsbomb,233,2016-01-10,13,2,2,0,1.5718869886,0.4281130114
statsbomb,234,2016-01-10,9,2,1,0,0.8276618810,0.1723381190
statsbomb,238,2016-01-10,22,6,0,0,1.8346720780,-1.8346720780
statsbomb,240,2016-01-10,16,2,0,0,1.2950413190,-1.2950413190
statsbomb,241,2016-01-10,19,7,0,0,1.7814703185,-1.7814703185
statsbomb,290,2016-01-10,12,4,1,0,0.9105254490,0.0894745510
statsbomb,291,2016-01-10,9,4,1,0,0.6453324275,0.3546675725
statsbomb,322,2016-01-10,20,7,2,1,2.3990252860,-0.3990252860
statsbomb,1041,2016-01-10,12,2,0,0,0.7033438010,-0.7033438010
statsbomb,2256,2016-01-10,9,1,1,0,1.0060230490,-0.0060230490
statsbomb,28,2016-01-12,11,4,1,0,0.4240502276,0.5759497724
statsbomb,31,2016-01-12,9,1,0,0,0.4005079474,-0.4005079474
statsbomb,37,2016-01-12,14,6,3,1,2.1130973697,0.8869026303
statsbomb,39,2016-01-12,12,4,3,1,1.8573539870,1.1426460130
statsbomb,40,2016-01-12,9,5,3,0,0.7601447650,2.2398552350
statsbomb,59,2016-01-12,13,3,0,0,0.6971317860,-0.6971317860
statsbomb,1,2016-01-13,14,4,3,0,1.7672762590,1.2327237410
statsbomb,22,2016-01-13,10,2,1,0,1.0786178400,-0.0786178400
statsbomb,23,2016-01-13,4,1,0,0,0.1045038500,-0.1045038500
statsbomb,24,2016-01-13,23,7,3,0,1.1898924880,1.8101075120
statsbomb,25,2016-01-13,15,6,2,0,1.7850304600,0.2149695400
statsbomb,26,2016-01-13,11,4,2,1,1.2939793370,0.7060206630
statsbomb,27,2016-01-13,14,6,2,0,0.9022306670,1.0977693330
statsbomb,29,2016-01-13,7,2,0,0,0.3436778500,-0.3436778500
statsbomb,30,2016-01-13,17,4,2,0,1.5029287480,0.4970712520
statsbomb,33,2016-01-13,14,2,1,0,1.4257015220,-0.4257015220
statsbomb,36,2016-01-13,22,5,0,0,1.3650258350,-1.3650258350
statsbomb,38,2016-01-13,21,6,0,0,1.4610406488,-1.4610406488
statsbomb,41,2016-01-13,7,5,3,0,2.1823739390,0.8176260610
statsbomb,56,2016-01-13,5,2,1,0,0.3276438340,0.6723561660
statsbomb,136,2016-01-15,11,5,2,2,1.8660353701,0.1339646299
statsbomb,145,2016-01-15,9,4,1,0,0.7046237498,0.2953762502
statsbomb,22,2016-01-16,12,5,1,0,2.2303264320,-1.2303264320
statsbomb,25,2016-01-16,9,4,3,1,1.2990787630,1.7009212370
statsbomb,27,2016-01-16,10,0,0,0,0.4693489870,-0.4693489870
statsbomb,28,2016-01-16,15,7,3,1,2.2614535500,0.7385464500
statsbomb,29,2016-01-16,9,4,2,0,1.3462771480,0.6537228520
statsbomb,31,2016-01-16,9,3,0,0,0.9376706130,-0.9376706130
statsbomb,33,2016-01-16,14,8,3,0,2.1686114980,0.8313885020
statsbomb,36,2016-01-16,17,4,4,0,1.8720053480,2.1279946520
statsbomb,37,2016-01-16,23,10,2,0,2.3817809190,-0.3817809190
statsbomb,38,2016-01-16,26,11,4,1,2.7280815660,1.2719184340
statsbomb,40,2016-01-16,10,3,1,0,1.5746773520,-0.5746773520
statsbomb,41,2016-01-16,5,2,1,0,0.5228732080,0.4771267920
statsbomb,56,2016-01-16,10,3,0,0,0.4287345755,-0.4287345755
statsbomb,59,2016-01-16,14,5,1,0,1.0482208985,-0.0482208985
statsbomb,130,2016-01-16,9,5,0,0,0.6517639595,-0.6517639595
statsbomb,131,2016-01-16,12,3,1,0,0.9044508504,0.0955491496
statsbomb,133,2016-01-16,12,4,2,0,0.8051716970,1.1948283030
statsbomb,134,2016-01-16,19,13,4,2,3.1497473207,0.8502526793
statsbomb,139,2016-01-16,8,1,0,0,1.0196677210,-1.0196677210
statsbomb,142,2016-01-16,9,4,2,0,0.9786888785,1.0213111215
statsbomb,143,2016-01-16,10,7,0,0,0.3244141755,-0.3244141755
statsbomb,144,2016-01-16,9,1,1,0,0.5130718940,0.4869281060
statsbomb,146,2016-01-16,14,3,1,0,0.8132206960,0.1867793040
statsbomb,156,2016-01-16,10,4,2,0,0.4781814395,1.5218185605
statsbomb,160,2016-01-16,19,4,2,0,2.2805826610,-0.2805826610
statsbomb,209,2016-01-16,13,6,4,0,2.0933403770,1.9066596230
statsbomb,210,2016-01-16,16,6,1,1,2.9235439200,-1.9235439200
statsbomb,213,2016-01-16,8,3,2,0,1.0289948850,0.9710051150
statsbomb,218,2016-01-16,15,2,0,0,0.5585656190,-0.5585656190
statsbomb,219,2016-01-16,7,4,1,0,1.4241994160,-0.4241994160
statsbomb,221,2016-01-16,16,8,3,0,1.1416639090,1.8583360910
statsbomb,222,2016-01-16,9,2,0,0,0.7939054800,-0.7939054800
statsbomb,223,2016-01-16,14,4,1,0,1.1897754290,-0.1897754290
statsbomb,227,2016-01-16,20,6,3,0,1.7452821254,1.2547178746
statsbomb,228,2016-01-16,19,5,0,0,1.5511667010,-1.5511667010
statsbomb,232,2016-01-16,10,3,1,1,1.2787719190,-0.2787719190
statsbomb,238,2016-01-16,12,2,0,0,0.6223358930,-0.6223358930
statsbomb,241,2016-01-16,21,9,4,1,2.3647412655,1.6352587345
statsbomb,291,2016-01-16,18,5,1,0,0.7369985563,0.2630014437
statsbomb,2736,2016-01-16,2,1,1,0,0.3038789400,0.6961210600
statsbomb,1,2016-01-17,8,3,0,0,0.4921812640,-0.4921812640
statsbomb,24,2016-01-17,20,5,0,0,1.4190357160,-1.4190357160
statsbomb,30,2016-01-17,14,5,0,0,0.9237031410,-0.9237031410
statsbomb,39,2016-01-17,7,1,1,0,0.5090192713,0.4909807287
statsbomb,129,2016-01-17,6,4,2,0,0.6789292000,1.3210708000
statsbomb,135,2016-01-17,9,2,1,0,0.5948685893,0.4051314107
statsbomb,137,2016-01-17,19,5,0,0,1.1171413970,-1.1171413970
statsbomb,140,2016-01-17,7,3,1,0,0.6838200390,0.3161799610
statsbomb,147,2016-01-17,15,9,3,0,2.1029114000,0.8970886000
statsbomb,165,2016-01-17,8,2,0,0,0.7152875210,-0.7152875210
statsbomb,207,2016-01-17,13,5,2,0,0.9695052740,1.0304947260
statsbomb,208,2016-01-17,11,3,0,0,0.5019394720,-0.5019394720
statsbomb,212,2016-01-17,11,5,3,0,1.9866264410,1.0133735590
statsbomb,214,2016-01-17,13,5,1,0,1.3371369360,-0.3371369360
statsbomb,215,2016-01-17,9,3,0,0,1.0888043100,-1.0888043100
statsbomb,216,2016-01-17,19,5,3,0,1.8696133480,1.1303866520
statsbomb,217,2016-01-17,20,8,6,1,2.8181907580,3.1818092420
statsbomb,220,2016-01-17,17,9,5,0,2.2209547350,2.7790452650
statsbomb,224,2016-01-17,14,8,4,1,2.5983508170,1.4016491830
statsbomb,226,2016-01-17,10,3,1,1,1.3497466700,-0.3497466700
statsbomb,229,2016-01-17,17,4,1,0,1.7217843640,-0.7217843640
statsbomb,230,2016-01-17,8,3,0,0,0.5261178955,-0.5261178955
statsbomb,231,2016-01-17,15,5,1,0,0.8460131065,0.1539868935
statsbomb,233,2016-01-17,18,10,4,0,2.7966985750,1.2033014250
statsbomb,234,2016-01-17,12,4,1,0,1.4999960800,-0.4999960800
statsbomb,236,2016-01-17,10,3,2,1,1.3555023500,0.6444976500
statsbomb,239,2016-01-17,15,1,0,0,1.3175135590,-1.3175135590
statsbomb,240,2016-01-17,8,3,2,0,0.9341696040,1.0658303960
statsbomb,243,2016-01-17,4,3,2,0,1.2965012100,0.7034987900
statsbomb,290,2016-01-17,14,5,1,0,1.2114256715,-0.2114256715
statsbomb,360,2016-01-17,18,8,2,0,1.6946656740,0.3053343260
statsbomb,1041,2016-01-17,9,2,1,0,0.6574412910,0.3425587090
statsbomb,1683,2016-01-17,9,5,2,1,1.7782135980,0.2217864020
statsbomb,2256,2016-01-17,11,3,0,0,0.7672823800,-0.7672823800
statsbomb,23,2016-01-18,12,2,0,0,0.5881520310,-0.5881520310
statsbomb,26,2016-01-18,10,2,1,0,0.4898934340,0.5101065660
statsbomb,322,2016-01-18,12,7,5,0,1.7142395060,3.2857604940
statsbomb,1049,2016-01-18,4,1,1,0,0.9642138057,0.0357861943
statsbomb,232,2016-01-20,13,3,1,0,1.7274506770,-0.7274506770
statsbomb,241,2016-01-20,8,5,1,0,0.8708971990,0.1291028010
statsbomb,134,2016-01-22,10,3,0,0,1.3482308490,-1.3482308490
statsbomb,160,2016-01-22,8,1,0,0,0.3957009734,-0.3957009734
statsbomb,210,2016-01-22,9,3,1,0,1.3246149210,-0.3246149210
statsbomb,1041,2016-01-22,13,7,5,0,4.6758840063,0.3241159937
statsbomb,22,2016-01-23,14,5,3,0,1.8746358920,1.1253641080
statsbomb,23,2016-01-23,13,5,2,0,2.1225202690,-0.1225202690
statsbomb,24,2016-01-23,14,7,5,0,1.6221035210,3.3778964790
statsbomb,25,2016-01-23,7,2,1,0,0.5732301040,0.4267698960
statsbomb,27,2016-01-23,5,0,0,0,0.4686896860,-0.4686896860
statsbomb,28,2016-01-23,15,5,1,0,1.1829695100,-0.1829695100
statsbomb,30,2016-01-23,3,2,0,0,0.1519450890,-0.1519450890
statsbomb,31,2016-01-23,11,3,0,0,0.9216595530,-0.9216595530
statsbomb,36,2016-01-23,16,3,2,1,1.8198590730,0.1801409270
statsbomb,37,2016-01-23,12,2,1,0,0.8755261870,0.1244738130
statsbomb,38,2016-01-23,24,11,3,0,1.4633146048,1.5366853952
statsbomb,39,2016-01-23,8,1,0,0,0.1837368766,-0.1837368766
statsbomb,40,2016-01-23,10,3,2,0,0.9143906526,1.0856093474
statsbomb,41,2016-01-23,10,5,1,0,0.4900463050,0.5099536950
statsbomb,56,2016-01-23,7,5,4,1,1.2293922120,2.7706077880
statsbomb,59,2016-01-23,16,3,0,0,0.6328570640,-0.6328570640
statsbomb,131,2016-01-23,16,10,5,0,2.2071510903,2.7928489097
statsbomb,133,2016-01-23,7,4,3,0,0.6109754580,2.3890245420
statsbomb,136,2016-01-23,8,2,2,0,0.5697293830,1.4302706170
statsbomb,139,2016-01-23,16,2,1,0,1.1652077470,-0.1652077470
statsbomb,140,2016-01-23,9,4,2,0,0.8390315057,1.1609684943
statsbomb,142,2016-01-23,16,3,1,1,1.8662321130,-0.8662321130
statsbomb,143,2016-01-23,22,5,1,1,2.0330128110,-1.0330128110
statsbomb,144,2016-01-23,9,2,2,0,0.9925897520,1.0074102480
statsbomb,145,2016-01-23,11,4,1,0,0.4221883733,0.5778116267
statsbomb,146,2016-01-23,8,5,1,0,0.7339410450,0.2660589550
statsbomb,165,2016-01-23,13,4,1,0,1.2323962255,-0.2323962255
statsbomb,175,2016-01-23,5,3,1,0,1.1550501810,-0.1550501810
statsbomb,209,2016-01-23,3,1,0,0,0.1814829900,-0.1814829900
statsbomb,214,2016-01-23,11,5,2,0,1.0577396900,0.9422603100
statsbomb,216,2016-01-23,9,2,2,0,1.9283652980,0.0716347020
statsbomb,217,2016-01-23,11,5,2,0,2.1318753850,-0.1318753850
statsbomb,222,2016-01-23,14,5,2,0,1.0703166166,0.9296833834
statsbomb,223,2016-01-23,14,7,1,0,1.0945495540,-0.0945495540
statsbomb,228,2016-01-23,18,3,0,0,1.0545183444,-1.0545183444
statsbomb,243,2016-01-23,10,5,2,0,1.2201429440,0.7798570560
statsbomb,290,2016-01-23,16,6,2,0,1.2032402130,0.7967597870
statsbomb,291,2016-01-23,11,2,0,0,0.8268796076,-0.8268796076
statsbomb,360,2016-01-23,26,10,3,0,3.1138505568,-0.1138505568
statsbomb,904,2016-01-23,17,8,1,0,2.0127959500,-1.0127959500
statsbomb,1049,2016-01-23,20,9,3,0,2.3053342740,0.6946657260
statsbomb,2736,2016-01-23,4,1,0,0,0.1685729190,-0.1685729190
statsbomb,1,2016-01-24,10,1,0,0,1.1486089580,-1.1486089580
statsbomb,26,2016-01-24,7,5,2,1,1.2572347900,0.7427652100
statsbomb,29,2016-01-24,19,2,0,0,1.5548943600,-1.5548943600
statsbomb,33,2016-01-24,12,4,1,0,1.1831136200,-0.1831136200
statsbomb,129,2016-01-24,15,5,4,0,2.9449806200,1.0550193800
statsbomb,130,2016-01-24,10,3,0,0,1.5882195720,-1.5882195720
statsbomb,135,2016-01-24,5,1,1,0,0.3996347020,0.6003652980
statsbomb,137,2016-01-24,22,9,1,0,1.9464689162,-0.9464689162
statsbomb,147,2016-01-24,7,3,1,0,0.7836734810,0.2163265190
statsbomb,156,2016-01-24,13,4,1,0,2.3826316125,-1.3826316125
statsbomb,207,2016-01-24,10,3,1,0,0.9732414520,0.0267585480
statsbomb,212,2016-01-24,21,3,0,0,1.2605556349,-1.2605556349
statsbomb,213,2016-01-24,7,2,0,0,0.3112722745,-0.3112722745
statsbomb,215,2016-01-24,10,5,4,0,0.9295863760,3.0704136240
statsbomb,218,2016-01-24,5,2,1,0,0.3802414440,0.6197585560
statsbomb,219,2016-01-24,8,2,1,0,1.1015694800,-0.1015694800
statsbomb,220,2016-01-24,20,8,1,0,3.3095584787,-2.3095584787
statsbomb,224,2016-01-24,15,7,1,0,0.7997010990,0.2002989010
statsbomb,226,2016-01-24,17,9,1,0,2.1141387320,-1.1141387320
statsbomb,227,2016-01-24,23,9,4,1,3.5025866038,0.4974133962
statsbomb,229,2016-01-24,6,1,0,0,0.2198336440,-0.2198336440
statsbomb,230,2016-01-24,19,8,1,0,1.5510124843,-0.5510124843
statsbomb,231,2016-01-24,7,5,1,0,1.3556852930,-0.3556852930
statsbomb,232,2016-01-24,14,2,0,0,0.5926737513,-0.5926737513
statsbomb,233,2016-01-24,10,2,0,0,0.5185347375,-0.5185347375
statsbomb,234,2016-01-24,8,5,2,0,0.6621824060,1.3378175940
statsbomb,236,2016-01-24,24,7,4,1,2.4291818564,1.5708181436
statsbomb,238,2016-01-24,18,6,1,0,1.8835716900,-0.8835716900
statsbomb,239,2016-01-24,13,2,2,0,1.0211865750,0.9788134250
statsbomb,240,2016-01-24,16,7,2,0,1.3758349625,0.6241650375
statsbomb,241,2016-01-24,9,2,0,0,0.6958187730,-0.6958187730
statsbomb,322,2016-01-24,9,2,2,1,2.0221643690,-0.0221643690
statsbomb,1683,2016-01-24,12,4,1,0,0.8968901850,0.1031098150
statsbomb,2256,2016-01-24,16,8,4,0,2.3124263746,1.6875736254
statsbomb,208,2016-01-25,13,4,2,0,1.0680424007,0.9319575993
statsbomb,221,2016-01-25,12,8,3,0,1.6901366920,1.3098633080
statsbomb,143,2016-01-29,12,4,1,0,0.9962606550,0.0037393450
statsbomb,147,2016-01-29,16,3,1,0,1.7174995680,-0.7174995680
statsbomb,129,2016-01-30,9,4,0,0,0.5115873870,-0.5115873870
statsbomb,130,2016-01-30,14,6,1,1,2.2837303590,-1.2837303590
statsbomb,133,2016-01-30,13,5,0,0,0.8000540563,-0.8000540563
statsbomb,137,2016-01-30,9,2,0,0,1.0007360670,-1.0007360670
statsbomb,139,2016-01-30,8,4,4,1,1.6993013120,2.3006986880
statsbomb,142,2016-01-30,6,4,2,0,1.0080802630,0.9919197370
statsbomb,144,2016-01-30,10,3,1,0,0.7690372310,0.2309627690
statsbomb,145,2016-01-30,19,10,3,0,2.4917461150,0.5082538850
statsbomb,156,2016-01-30,12,4,0,0,1.6055781037,-1.6055781037
statsbomb,160,2016-01-30,16,3,0,0,1.0701206419,-1.0701206419
statsbomb,165,2016-01-30,9,4,2,0,1.4439213065,0.5560786935
statsbomb,178,2016-01-30,7,2,0,0,0.2031658960,-0.2031658960
statsbomb,210,2016-01-30,11,4,2,0,0.5354672660,1.4645327340
statsbomb,212,2016-01-30,7,3,1,0,0.6798960760,0.3201039240
statsbomb,215,2016-01-30,14,3,1,0,1.4582571500,-0.4582571500
statsbomb,216,2016-01-30,11,3,0,0,1.4116641140,-1.4116641140
statsbomb,217,2016-01-30,10,4,2,0,0.5706675280,1.4293324720
statsbomb,218,2016-01-30,8,1,1,0,1.1505086660,-0.1505086660
statsbomb,222,2016-01-30,13,7,1,1,2.2235051910,-1.2235051910
statsbomb,223,2016-01-30,7,4,2,0,1.3336534390,0.6663465610
statsbomb,228,2016-01-30,6,5,1,0,1.5576182510,-0.5576182510
statsbomb,229,2016-01-30,21,6,3,0,1.0770898686,1.9229101314
statsbomb,232,2016-01-30,9,1,1,0,0.9927873374,0.0072126626
statsbomb,291,2016-01-30,14,4,1,0,0.6314996200,0.3685003800
statsbomb,322,2016-01-30,11,3,1,0,0.9282240000,0.0717760000
statsbomb,904,2016-01-30,14,6,3,1,1.9070451190,1.0929548810
statsbomb,1049,2016-01-30,8,3,0,0,0.6812161810,-0.6812161810
statsbomb,1683,2016-01-30,13,1,1,1,1.1573045760,-0.1573045760
statsbomb,2256,2016-01-30,5,1,1,0,0.6419175680,0.3580824320
statsbomb,2736,2016-01-30,7,3,1,0,0.7113211244,0.2886788756
statsbomb,134,2016-01-31,8,3,0,0,0.6238648504,-0.6238648504
statsbomb,136,2016-01-31,16,6,0,0,2.2581767880,-2.2581767880
statsbomb,140,2016-01-31,9,4,2,1,1.8032712970,0.1967287030
statsbomb,146,2016-01-31,21,7,4,0,1.8050165110,2.1949834890
statsbomb,207,2016-01-31,18,3,0,0,2.9070552960,-2.9070552960
statsbomb,208,2016-01-31,13,5,2,1,1.6954999950,0.3045000050
statsbomb,209,2016-01-31,5,2,1,0,0.5641067610,0.4358932390
statsbomb,213,2016-01-31,14,8,3,0,2.2480781415,0.7519218585
statsbomb,214,2016-01-31,15,5,0,0,1.4793263870,-1.4793263870
statsbomb,220,2016-01-31,18,7,5,1,2.3991637690,2.6008362310
statsbomb,221,2016-01-31,22,4,1,0,0.8225228682,0.1774771318
statsbomb,224,2016-01-31,30,10,4,0,3.6646477720,0.3353522280
statsbomb,226,2016-01-31,10,2,0,0,0.5037612023,-0.5037612023
statsbomb,227,2016-01-31,20,6,4,0,2.1500217680,1.8499782320
statsbomb,230,2016-01-31,11,1,0,0,0.3763403470,-0.3763403470
statsbomb,231,2016-01-31,6,2,0,0,0.1587031090,-0.1587031090
statsbomb,233,2016-01-31,11,2,0,0,1.2833106060,-1.2833106060
statsbomb,234,2016-01-31,15,6,2,0,1.8753497870,0.1246502130
statsbomb,236,2016-01-31,17,1,0,0,0.6895614044,-0.6895614044
statsbomb,238,2016-01-31,12,3,0,0,1.6719480550,-1.6719480550
statsbomb,239,2016-01-31,11,2,0,0,0.8527532640,-0.8527532640
statsbomb,240,2016-01-31,8,5,3,1,1.3510877540,1.6489122460
statsbomb,241,2016-01-31,17,5,0,0,1.5969398044,-1.5969398044
statsbomb,243,2016-01-31,14,5,3,0,1.9062890670,1.0937109330
statsbomb,290,2016-01-31,7,2,1,0,0.2544365910,0.7455634090
statsbomb,1041,2016-01-31,9,3,1,1,1.4943951690,-0.4943951690
statsbomb,219,2016-02-01,17,4,2,0,1.2376656648,0.7623343352
statsbomb,360,2016-02-01,7,3,2,0,1.4937751920,0.5062248080
statsbomb,1,2016-02-02,23,11,0,0,2.4339661670,-2.4339661670
statsbomb,22,2016-02-02,13,6,2,0,1.2081829190,0.7918170810
statsbomb,24,2016-02-02,14,1,0,0,0.4551553670,-0.4551553670
statsbomb,25,2016-02-02,14,4,0,0,0.9884922977,-0.9884922977
statsbomb,26,2016-02-02,18,4,1,0,1.4963637720,-0.4963637720
statsbomb,27,2016-02-02,18,6,1,0,2.1919570540,-1.1919570540
statsbomb,28,2016-02-02,8,4,2,0,0.7516617770,1.2483382230
statsbomb,30,2016-02-02,10,0,0,0,0.6166179830,-0.6166179830
statsbomb,31,2016-02-02,14,4,1,0,1.5427313640,-0.5427313640
statsbomb,36,2016-02-02,7,2,1,0,0.5827144120,0.4172855880
statsbomb,38,2016-02-02,17,6,3,1,2.5177934230,0.4822065770
statsbomb,39,2016-02-02,15,5,3,0,2.4604988650,0.5395011350
statsbomb,40,2016-02-02,26,6,2,0,2.6677341764,-0.6677341764
statsbomb,41,2016-02-02,12,2,0,0,1.1856944300,-1.1856944300
statsbomb,56,2016-02-02,11,2,0,0,1.1751372700,-1.1751372700
statsbomb,59,2016-02-02,5,2,0,0,0.1588249040,-0.1588249040
statsbomb,129,2016-02-02,7,4,1,0,1.1428886260,-0.1428886260
statsbomb,139,2016-02-02,12,3,0,0,0.4929863970,-0.4929863970
statsbomb,147,2016-02-02,4,1,1,0,0.2286109700,0.7713890300
statsbomb,229,2016-02-02,13,5,2,0,1.8789045970,0.1210954030
statsbomb,232,2016-02-02,18,6,0,0,1.7356404200,-1.7356404200
statsbomb,2736,2016-02-02,11,3,0,0,0.2651639787,-0.2651639787
statsbomb,23,2016-02-03,13,3,0,0,0.9010310560,-0.9010310560
statsbomb,29,2016-02-03,20,7,3,2,3.1070674650,-0.1070674650
statsbomb,33,2016-02-03,13,5,0,0,0.9393715880,-0.9393715880
statsbomb,37,2016-02-03,7,3,0,0,0.6221098830,-0.6221098830
statsbomb,130,2016-02-03,7,1,0,0,0.6731885900,-0.6731885900
statsbomb,131,2016-02-03,16,7,3,0,2.0676569002,0.9323430998
statsbomb,133,2016-02-03,15,4,0,0,1.0767929110,-1.0767929110
statsbomb,136,2016-02-03,12,2,1,0,1.4804406625,-0.4804406625
statsbomb,137,2016-02-03,17,6,3,0,2.1257527500,0.8742472500
statsbomb,140,2016-02-03,10,2,0,0,0.4663952870,-0.4663952870
statsbomb,142,2016-02-03,12,5,4,0,2.0062300640,1.9937699360
statsbomb,143,2016-02-03,12,6,1,0,0.6071615396,0.3928384604
statsbomb,144,2016-02-03,15,8,3,0,1.9108463743,1.0891536257
statsbomb,145,2016-02-03,12,5,1,0,1.2756574190,-0.2756574190
statsbomb,146,2016-02-03,12,3,0,0,1.0574041630,-1.0574041630
statsbomb,156,2016-02-03,14,4,2,0,0.6927720610,1.3072279390
statsbomb,160,2016-02-03,4,2,1,0,0.4551454160,0.5448545840
statsbomb,165,2016-02-03,11,4,1,0,0.7191705400,0.2808294600
statsbomb,224,2016-02-03,11,2,0,0,0.5668120840,-0.5668120840
statsbomb,226,2016-02-03,13,4,2,0,1.7994080120,0.2005919880
statsbomb,227,2016-02-03,11,5,2,0,1.0955729671,0.9044270329
statsbomb,228,2016-02-03,18,4,1,0,1.8993103919,-0.8993103919
statsbomb,230,2016-02-03,5,2,1,0,0.3932204530,0.6067795470
statsbomb,231,2016-02-03,7,0,0,0,0.3001873490,-0.3001873490
statsbomb,233,2016-02-03,7,2,0,0,0.2422971560,-0.2422971560
statsbomb,234,2016-02-03,9,4,2,0,0.6694036380,1.3305963620
statsbomb,236,2016-02-03,8,0,0,0,0.5819604780,-0.5819604780
statsbomb,238,2016-02-03,24,8,1,0,2.2397962960,-1.2397962960
statsbomb,239,2016-02-03,11,5,2,0,0.5808943450,1.4191056550
statsbomb,240,2016-02-03,16,3,0,0,1.1853989043,-1.1853989043
statsbomb,241,2016-02-03,14,6,2,0,1.8953576790,0.1046423210
statsbomb,243,2016-02-03,17,9,2,1,1.8822428040,0.1177571960
statsbomb,290,2016-02-03,19,4,1,0,2.0334354430,-1.0334354430
statsbomb,291,2016-02-03,20,7,1,1,1.8611295401,-0.8611295401
statsbomb,1683,2016-02-03,10,2,1,0,1.0829244090,-0.0829244090
statsbomb,2256,2016-02-03,12,2,0,0,0.5962889710,-0.5962889710
statsbomb,134,2016-02-04,5,0,0,0,0.7041311505,-0.7041311505
statsbomb,135,2016-02-04,13,4,1,0,0.4162565421,0.5837434579
statsbomb,216,2016-02-05,5,2,0,0,0.3908290690,-0.3908290690
statsbomb,223,2016-02-05,9,5,3,0,1.9799057760,1.0200942240
statsbomb,22,2016-02-06,12,7,3,0,1.6403806900,1.3596193100
statsbomb,23,2016-02-06,3,0,0,0,0.0946455310,-0.0946455310
statsbomb,24,2016-02-06,18,5,2,0,1.8213078150,0.1786921850
statsbomb,25,2016-02-06,8,2,1,0,0.8120124150,0.1879875850
statsbomb,26,2016-02-06,19,4,1,0,1.8272887257,-0.8272887257
statsbomb,27,2016-02-06,7,0,0,0,0.4900740250,-0.4900740250
statsbomb,29,2016-02-06,14,6,3,1,2.6632938570,0.3367061430
statsbomb,30,2016-02-06,12,3,0,0,0.6750005002,-0.6750005002
statsbomb,31,2016-02-06,12,2,1,0,0.8925245760,0.1074754240
statsbomb,36,2016-02-06,20,4,1,0,1.0941543540,-0.0941543540
statsbomb,37,2016-02-06,20,7,1,0,1.5263864437,-0.5263864437
statsbomb,38,2016-02-06,26,7,1,0,2.2134976358,-1.2134976358
statsbomb,40,2016-02-06,19,2,0,0,0.8770243300,-0.8770243300
statsbomb,41,2016-02-06,7,2,2,0,0.5410910880,1.4589089120
statsbomb,56,2016-02-06,13,3,0,0,1.1463243450,-1.1463243450
statsbomb,59,2016-02-06,10,3,2,0,0.7414455280,1.2585544720
statsbomb,129,2016-02-06,8,4,1,0,1.5016868057,-0.5016868057
statsbomb,130,2016-02-06,9,2,0,0,0.5000362637,-0.5000362637
statsbomb,133,2016-02-06,11,1,0,0,0.4973380130,-0.4973380130
statsbomb,136,2016-02-06,13,3,0,0,0.5986114170,-0.5986114170
statsbomb,137,2016-02-06,9,3,3,0,0.5385622100,2.4614377900
statsbomb,139,2016-02-06,11,6,1,0,0.7077879847,0.2922120153
statsbomb,140,2016-02-06,16,4,0,0,1.4123651380,-1.4123651380
statsbomb,142,2016-02-06,3,0,0,0,0.0215950271,-0.0215950271
statsbomb,144,2016-02-06,16,6,0,0,1.5728606300,-1.5728606300
statsbomb,145,2016-02-06,6,0,0,0,0.6026444472,-0.6026444472
statsbomb,156,2016-02-06,12,5,2,0,1.5154129980,0.4845870020
statsbomb,160,2016-02-06,16,2,0,0,1.0806356760,-1.0806356760
statsbomb,165,2016-02-06,6,4,1,0,0.5229608630,0.4770391370
statsbomb,169,2016-02-06,9,1,0,0,0.8604050020,-0.8604050020
statsbomb,208,2016-02-06,9,4,0,0,0.4460999436,-0.4460999436
statsbomb,212,2016-02-06,13,4,3,0,2.1119574910,0.8880425090
statsbomb,215,2016-02-06,10,1,0,0,0.6912608280,-0.6912608280
statsbomb,219,2016-02-06,5,5,1,0,0.2924929040,0.7075070960
statsbomb,222,2016-02-06,2,2,0,0,0.3031415020,-0.3031415020
statsbomb,233,2016-02-06,6,2,0,0,0.4270607640,-0.4270607640
statsbomb,236,2016-02-06,10,2,0,0,0.5436162240,-0.5436162240
statsbomb,239,2016-02-06,12,2,1,0,0.9265373536,0.0734626464
statsbomb,240,2016-02-06,12,6,1,0,0.8232171440,0.1767828560
statsbomb,322,2016-02-06,6,2,1,0,0.3575190440,0.6424809560
statsbomb,360,2016-02-06,19,9,2,0,2.5491748112,-0.5491748112
statsbomb,904,2016-02-06,6,2,0,0,0.2868427820,-0.2868427820
statsbomb,1041,2016-02-06,11,2,1,0,0.9162242760,0.0837757240
statsbomb,2736,2016-02-06,11,5,2,1,1.7325358700,0.2674641300
statsbomb,1,2016-02-07,10,5,2,0,0.7565358854,1.2434641146
statsbomb,28,2016-02-07,18,4,0,0,0.6651769940,-0.6651769940
statsbomb,33,2016-02-07,17,5,1,0,1.8592885810,-0.8592885810
statsbomb,39,2016-02-07,16,6,1,0,0.8071752835,0.1928247165
statsbomb,131,2016-02-07,11,3,2,0,1.3281133640,0.6718866360
statsbomb,134,2016-02-07,10,3,1,1,1.0866538420,-0.0866538420
statsbomb,135,2016-02-07,14,8,4,0,2.7341355450,1.2658644550
statsbomb,143,2016-02-07,16,6,1,0,1.2356093665,-0.2356093665
statsbomb,146,2016-02-07,10,3,1,0,0.9376220706,0.0623779294
statsbomb,147,2016-02-07,18,6,1,0,0.9715775212,0.0284224788
statsbomb,207,2016-02-07,7,1,0,0,1.0208598417,-1.0208598417
statsbomb,209,2016-02-07,25,5,1,0,1.6020686905,-0.6020686905
statsbomb,213,2016-02-07,9,2,1,0,0.8283919770,0.1716080230
statsbomb,217,2016-02-07,11,4,1,0,1.0811465230,-0.0811465230
statsbomb,218,2016-02-07,6,2,1,0,1.0318980790,-0.0318980790
statsbomb,220,2016-02-07,14,4,2,0,1.9557655790,0.0442344210
statsbomb,221,2016-02-07,14,3,0,0,0.8459463010,-0.8459463010
statsbomb,224,2016-02-07,25,9,2,0,1.7941119510,0.2058880490
statsbomb,226,2016-02-07,10,4,3,0,0.7057210570,2.2942789430
statsbomb,227,2016-02-07,22,7,1,1,2.2134655660,-1.2134655660
statsbomb,228,2016-02-07,11,2,0,0,0.7909400547,-0.7909400547
statsbomb,229,2016-02-07,14,4,2,0,1.5168758210,0.4831241790
statsbomb,230,2016-02-07,9,5,1,0,1.2099193690,-0.2099193690
statsbomb,231,2016-02-07,8,3,1,1,1.0972748050,-0.0972748050
statsbomb,232,2016-02-07,23,6,2,0,1.8208779990,0.1791220010
statsbomb,234,2016-02-07,10,4,0,0,0.7841950810,-0.7841950810
statsbomb,238,2016-02-07,17,7,3,0,2.1514901510,0.8485098490
statsbomb,241,2016-02-07,12,3,1,0,0.9113661610,0.0886338390
statsbomb,243,2016-02-07,23,6,1,0,1.6750597000,-0.6750597000
statsbomb,290,2016-02-07,9,3,0,0,0.5209548392,-0.5209548392
statsbomb,291,2016-02-07,5,0,0,0,0.2968465906,-0.2968465906
statsbomb,1049,2016-02-07,14,2,1,0,0.8051254660,0.1948745340
statsbomb,1683,2016-02-07,3,0,0,0,0.1611085820,-0.1611085820
statsbomb,2256,2016-02-07,9,2,2,0,0.7755594087,1.2244405913
statsbomb,210,2016-02-08,12,6,5,0,1.6564508310,3.3435491690
statsbomb,214,2016-02-08,5,1,0,0,0.3155610860,-0.3155610860
statsbomb,226,2016-02-11,8,4,2,0,0.6363500097,1.3636499903
statsbomb,236,2016-02-11,18,7,5,1,3.5109391790,1.4890608210
statsbomb,134,2016-02-12,10,2,0,0,0.9392810450,-0.9392810450
statsbomb,145,2016-02-12,10,0,0,0,0.8292105460,-0.8292105460
statsbomb,229,2016-02-12,19,7,3,0,2.2010908707,0.7989091293
statsbomb,360,2016-02-12,16,4,2,0,1.5120547901,0.4879452099
statsbomb,1041,2016-02-12,11,5,2,0,1.7252482480,0.2747517520
statsbomb,1683,2016-02-12,8,2,1,0,1.1856191180,-0.1856191180
statsbomb,23,2016-02-13,11,4,2,1,1.7037684050,0.2962315950
statsbomb,25,2016-02-13,15,5,1,0,1.1569965295,-0.1569965295
statsbomb,26,2016-02-13,13,2,0,0,0.5939925110,-0.5939925110
statsbomb,27,2016-02-13,6,1,1,0,0.9871036770,0.0128963230
statsbomb,28,2016-02-13,11,2,1,0,1.2321236673,-0.2321236673
statsbomb,29,2016-02-13,32,5,0,0,1.7945858260,-1.7945858260
statsbomb,30,2016-02-13,11,6,3,0,0.6718568456,2.3281431544
statsbomb,31,2016-02-13,15,5,1,0,1.1423752250,-0.1423752250
statsbomb,33,2016-02-13,14,7,5,0,2.2408029840,2.7591970160
statsbomb,37,2016-02-13,10,3,1,0,0.6517624450,0.3482375550
statsbomb,39,2016-02-13,13,6,1,0,0.9509598740,0.0490401260
statsbomb,40,2016-02-13,12,6,2,0,1.6710817760,0.3289182240
statsbomb,41,2016-02-13,21,5,1,0,1.8082821010,-0.8082821010
statsbomb,56,2016-02-13,13,3,2,0,1.2062807260,0.7937192740
statsbomb,130,2016-02-13,10,3,0,0,0.5126626797,-0.5126626797
statsbomb,131,2016-02-13,12,4,0,0,1.5432317400,-1.5432317400
statsbomb,133,2016-02-13,6,3,3,0,0.5431930000,2.4568070000
statsbomb,139,2016-02-13,7,3,2,0,0.9763308050,1.0236691950
statsbomb,142,2016-02-13,9,3,2,0,1.1274236903,0.8725763097
statsbomb,143,2016-02-13,5,0,0,0,0.1246831850,-0.1246831850
statsbomb,144,2016-02-13,10,2,2,0,1.3043129180,0.6956870820
statsbomb,146,2016-02-13,12,8,4,0,2.0731520670,1.9268479330
statsbomb,156,2016-02-13,13,5,0,0,1.3072735710,-1.3072735710
statsbomb,160,2016-02-13,19,6,2,0,2.1591522230,-0.1591522230
statsbomb,165,2016-02-13,4,1,1,1,0.9366970570,0.0633029430
statsbomb,207,2016-02-13,18,5,2,0,1.3087999660,0.6912000340
statsbomb,214,2016-02-13,20,6,1,0,3.5280547330,-2.5280547330
statsbomb,215,2016-02-13,11,4,2,0,1.6806678470,0.3193321530
statsbomb,218,2016-02-13,4,2,2,0,0.3375056460,1.6624943540
statsbomb,219,2016-02-13,26,9,2,0,3.1412221040,-1.1412221040
statsbomb,220,2016-02-13,19,10,4,0,1.8690232000,2.1309768000
statsbomb,222,2016-02-13,12,5,1,0,0.7948328450,0.2051671550
statsbomb,223,2016-02-13,7,2,0,0,0.4179976907,-0.4179976907
statsbomb,224,2016-02-13,12,4,1,0,0.4926679414,0.5073320586
statsbomb,227,2016-02-13,8,1,0,0,0.2451383560,-0.2451383560
statsbomb,231,2016-02-13,11,4,1,1,1.3371092874,-0.3371092874
statsbomb,232,2016-02-13,16,2,1,0,0.9543995360,0.0456004640
statsbomb,290,2016-02-13,29,6,1,0,2.4346325280,-1.4346325280
statsbomb,291,2016-02-13,10,2,2,1,1.0663713983,0.9336286017
statsbomb,872,2016-02-13,14,6,1,0,1.3372974680,-0.3372974680
statsbomb,904,2016-02-13,13,2,1,0,1.4332955910,-0.4332955910
statsbomb,2736,2016-02-13,12,3,0,0,0.6835360556,-0.6835360556
statsbomb,1,2016-02-14,25,6,2,0,2.7460862650,-0.7460862650
statsbomb,22,2016-02-14,7,4,1,1,1.1009485060,-0.1009485060
statsbomb,24,2016-02-14,12,9,6,0,2.6483686066,3.3516313934
statsbomb,36,2016-02-14,18,2,1,0,1.9868047380,-0.9868047380
statsbomb,38,2016-02-14,6,3,2,1,1.2557549304,0.7442450696
statsbomb,59,2016-02-14,6,1,0,0,0.2265354400,-0.2265354400
statsbomb,129,2016-02-14,8,2,1,0,0.8622670880,0.1377329120
statsbomb,135,2016-02-14,20,6,1,0,1.4177273464,-0.4177273464
statsbomb,136,2016-02-14,9,3,1,0,0.7780368930,0.2219631070
statsbomb,137,2016-02-14,21,8,4,0,3.7991769305,0.2008230695
statsbomb,140,2016-02-14,15,7,1,0,1.0893889630,-0.0893889630
statsbomb,147,2016-02-14,12,6,1,0,1.8740379930,-0.8740379930
statsbomb,208,2016-02-14,11,3,0,0,0.5745394080,-0.5745394080
statsbomb,209,2016-02-14,10,4,1,1,1.3398894955,-0.3398894955
statsbomb,210,2016-02-14,12,6,3,0,2.4097020578,0.5902979422
statsbomb,212,2016-02-14,6,3,1,0,0.9357429060,0.0642570940
statsbomb,213,2016-02-14,9,5,2,0,1.5552320190,0.4447679810
statsbomb,216,2016-02-14,12,1,0,0,0.4361622749,-0.4361622749
statsbomb,217,2016-02-14,20,10,6,0,4.1761935780,1.8238064220
statsbomb,221,2016-02-14,8,3,0,0,0.6503849010,-0.6503849010
statsbomb,228,2016-02-14,9,2,0,0,0.2890356680,-0.2890356680
statsbomb,230,2016-02-14,10,2,0,0,1.7348115040,-1.7348115040
statsbomb,233,2016-02-14,6,2,1,0,0.4431934130,0.5568065870
statsbomb,234,2016-02-14,10,2,0,0,0.8521177430,-0.8521177430
statsbomb,238,2016-02-14,6,1,1,0,0.7054973280,0.2945026720
statsbomb,239,2016-02-14,12,7,2,0,1.3597324410,0.6402675590
statsbomb,240,2016-02-14,12,2,1,0,0.9281899070,0.0718100930
statsbomb,241,2016-02-14,20,6,2,1,3.0562151020,-1.0562151020
statsbomb,243,2016-02-14,14,7,2,0,0.7885388678,1.2114611322
statsbomb,322,2016-02-14,17,7,2,0,3.2586320320,-1.2586320320
statsbomb,1049,2016-02-14,14,2,0,0,1.2103088670,-1.2103088670
statsbomb,2256,2016-02-14,18,5,1,0,1.2688145480,-0.2688145480
statsbomb,217,2016-02-17,17,9,3,0,2.3628349910,0.6371650090
statsbomb,1041,2016-02-17,6,2,1,0,0.5703195940,0.4296804060
statsbomb,136,2016-02-19,10,2,0,0,0.5056944160,-0.5056944160
statsbomb,146,2016-02-19,14,2,0,0,1.1823832800,-1.1823832800
statsbomb,216,2016-02-19,14,6,0,0,1.7414468560,-1.7414468560
statsbomb,221,2016-02-19,12,6,3,1,1.8737793190,1.1262206810
statsbomb,224,2016-02-19,11,0,0,0,0.7493721640,-0.7493721640
statsbomb,240,2016-02-19,8,1,0,0,0.1978300940,-0.1978300940
statsbomb,129,2016-02-20,17,8,3,0,2.9326031270,0.0673968730
statsbomb,130,2016-02-20,13,3,1,0,1.4207870100,-0.4207870100
statsbomb,131,2016-02-20,15,8,4,0,1.3731639760,2.6268360240
statsbomb,133,2016-02-20,15,7,1,0,1.0962992245,-0.0962992245
statsbomb,139,2016-02-20,12,5,3,0,1.0879116595,1.9120883405
statsbomb,142,2016-02-20,14,7,3,0,0.7965017662,2.2034982338
statsbomb,145,2016-02-20,13,4,2,0,1.5793487020,0.4206512980
statsbomb,156,2016-02-20,10,3,1,0,0.6472681357,0.3527318643
statsbomb,160,2016-02-20,9,2,1,0,0.9793311290,0.0206688710
statsbomb,165,2016-02-20,27,10,4,0,2.8152899170,1.1847100830
statsbomb,208,2016-02-20,16,4,1,0,1.3523685270,-0.3523685270
statsbomb,209,2016-02-20,14,9,3,0,2.2660747600,0.7339252400
statsbomb,214,2016-02-20,16,9,1,0,2.4623919390,-1.4623919390
statsbomb,217,2016-02-20,12,8,2,0,2.6644066750,-0.6644066750
statsbomb,218,2016-02-20,18,5,1,0,1.5816308130,-0.5816308130
statsbomb,219,2016-02-20,17,4,0,0,0.9434045402,-0.9434045402
statsbomb,226,2016-02-20,21,8,3,0,2.4451001680,0.5548998320
statsbomb,231,2016-02-20,14,2,1,1,1.3579995235,-0.3579995235
statsbomb,234,2016-02-20,19,3,1,0,0.8814554420,0.1185445580
statsbomb,238,2016-02-20,8,3,3,0,1.0900960480,1.9099039520
statsbomb,322,2016-02-20,7,3,2,1,1.3593197985,0.6406802015
statsbomb,1041,2016-02-20,5,3,1,0,0.2333835780,0.7666164220
statsbomb,134,2016-02-21,8,1,0,0,0.6804309640,-0.6804309640
statsbomb,135,2016-02-21,15,1,1,0,0.8493979710,0.1506020290
statsbomb,137,2016-02-21,12,4,0,0,1.0273455960,-1.0273455960
statsbomb,140,2016-02-21,12,6,1,0,1.1649230480,-0.1649230480
statsbomb,143,2016-02-21,11,4,1,0,0.7857719003,0.2142280997
statsbomb,147,2016-02-21,8,3,1,0,0.5508534930,0.4491465070
statsbomb,180,2016-02-21,6,2,1,0,1.6448135870,-0.6448135870
statsbomb,207,2016-02-21,11,7,2,0,1.4359633990,0.5640366010
statsbomb,210,2016-02-21,9,4,1,0,0.6329352490,0.3670647510
statsbomb,212,2016-02-21,12,4,0,0,0.7085695820,-0.7085695820
statsbomb,213,2016-02-21,16,7,2,0,3.8437751840,-1.8437751840
statsbomb,215,2016-02-21,10,2,0,0,0.7993005110,-0.7993005110
statsbomb,220,2016-02-21,14,7,1,0,1.5978884460,-0.5978884460
statsbomb,222,2016-02-21,5,0,0,0,0.3462340120,-0.3462340120
statsbomb,223,2016-02-21,11,5,1,0,1.5647032660,-0.5647032660
statsbomb,228,2016-02-21,13,5,2,0,1.1744226298,0.8255773702
statsbomb,229,2016-02-21,24,5,5,0,2.1632215477,2.8367784523
statsbomb,230,2016-02-21,13,6,1,0,1.9505124940,-0.9505124940
statsbomb,232,2016-02-21,13,7,3,0,0.9042209980,2.0957790020
statsbomb,233,2016-02-21,22,8,2,1,2.2274475880,-0.2274475880
statsbomb,236,2016-02-21,18,2,0,0,0.7141372830,-0.7141372830
statsbomb,239,2016-02-21,15,9,3,0,2.4263109400,0.5736890600
statsbomb,241,2016-02-21,11,4,0,0,1.4688919410,-1.4688919410
statsbomb,290,2016-02-21,10,4,2,1,1.4600096815,0.5399903185
statsbomb,291,2016-02-21,9,1,0,0,0.6455555890,-0.6455555890
statsbomb,360,2016-02-21,14,4,2,0,1.7368646610,0.2631353390
statsbomb,904,2016-02-21,9,3,0,0,0.6232203735,-0.6232203735
statsbomb,1049,2016-02-21,15,4,1,0,1.8194942920,-0.8194942920
statsbomb,1683,2016-02-21,5,0,0,0,0.1736003120,-0.1736003120
statsbomb,2256,2016-02-21,5,2,0,0,0.3639592330,-0.3639592330
statsbomb,227,2016-02-22,20,4,1,0,1.1252820910,-0.1252820910
statsbomb,243,2016-02-22,7,2,1,0,0.5519953770,0.4480046230
statsbomb,136,2016-02-26,10,5,0,0,0.9855394560,-0.9855394560
statsbomb,208,2016-02-26,12,4,1,0,0.7146776300,0.2853223700
statsbomb,322,2016-02-26,10,4,0,0,0.3103057780,-0.3103057780
statsbomb,2736,2016-02-26,11,4,2,0,0.4505647455,1.5494352545
statsbomb,22,2016-02-27,14,3,1,0,1.9985859040,-0.9985859040
statsbomb,23,2016-02-27,14,1,0,0,0.9093750110,-0.9093750110
statsbomb,25,2016-02-27,8,3,1,0,1.0674827390,-0.0674827390
statsbomb,27,2016-02-27,11,5,3,0,1.1593494020,1.8406505980
statsbomb,28,2016-02-27,12,3,0,0,1.1564955310,-1.1564955310
statsbomb,30,2016-02-27,11,3,2,1,2.5902538287,-0.5902538287
statsbomb,31,2016-02-27,16,2,2,0,1.3277935720,0.6722064280
statsbomb,33,2016-02-27,17,4,2,0,1.4101153660,0.5898846340
statsbomb,40,2016-02-27,9,3,1,0,0.8649633010,0.1350366990
statsbomb,41,2016-02-27,13,4,0,0,1.1306195070,-1.1306195070
statsbomb,56,2016-02-27,9,1,0,0,0.6380323042,-0.6380323042
statsbomb,59,2016-02-27,5,1,1,0,0.1826066200,0.8173933800
statsbomb,130,2016-02-27,8,2,1,0,0.4091984010,0.5908015990
statsbomb,133,2016-02-27,11,6,0,0,0.5808396640,-0.5808396640
statsbomb,134,2016-02-27,18,5,2,0,1.7192948620,0.2807051380
statsbomb,139,2016-02-27,9,5,3,0,1.0393118710,1.9606881290
statsbomb,142,2016-02-27,15,3,2,1,2.7773632190,-0.7773632190
statsbomb,143,2016-02-27,6,2,0,0,0.3886420480,-0.3886420480
statsbomb,145,2016-02-27,8,2,2,1,1.0074660610,0.9925339390
statsbomb,146,2016-02-27,6,1,1,0,0.6728263980,0.3271736020
statsbomb,156,2016-02-27,15,7,4,0,1.1984398674,2.8015601326
statsbomb,165,2016-02-27,19,7,1,0,2.2100185990,-1.2100185990
statsbomb,209,2016-02-27,9,2,1,0,1.0350761620,-0.0350761620
statsbomb,210,2016-02-27,11,3,1,0,0.8752744560,0.1247255440
statsbomb,212,2016-02-27,10,5,1,0,0.7479492217,0.2520507783
statsbomb,214,2016-02-27,12,7,3,0,1.1086040405,1.8913959595
statsbomb,216,2016-02-27,14,2,0,0,0.6666398380,-0.6666398380
statsbomb,218,2016-02-27,20,4,2,0,2.1592055320,-0.1592055320
statsbomb,220,2016-02-27,15,4,0,0,0.8039348430,-0.8039348430
statsbomb,223,2016-02-27,8,3,1,0,1.2629146480,-0.2629146480
statsbomb,229,2016-02-27,15,6,3,0,1.5057498056,1.4942501944
statsbomb,241,2016-02-27,11,4,0,0,0.6137233040,-0.6137233040
statsbomb,243,2016-02-27,19,4,1,0,1.1943742910,-0.1943742910
statsbomb,290,2016-02-27,8,3,0,0,0.3627019120,-0.3627019120
statsbomb,360,2016-02-27,11,4,2,0,0.9929181253,1.0070818747
statsbomb,1041,2016-02-27,14,5,2,0,2.1650663680,-0.1650663680
statsbomb,1,2016-02-28,13,5,2,0,1.4340122530,0.5659877470
statsbomb,26,2016-02-28,11,4,1,0,1.3749928910,-0.3749928910
statsbomb,38,2016-02-28,34,15,2,0,3.2185072414,-1.2185072414
statsbomb,39,2016-02-28,7,5,3,0,0.4453171260,2.5546828740
statsbomb,129,2016-02-28,4,1,0,0,0.3207301760,-0.3207301760
statsbomb,131,2016-02-28,7,4,1,0,0.3708313397,0.6291686603
statsbomb,135,2016-02-28,15,5,1,0,1.2638823670,-0.2638823670
statsbomb,137,2016-02-28,14,8,2,0,1.2474637300,0.7525362700
statsbomb,140,2016-02-28,16,6,2,0,1.3947519800,0.6052480200
statsbomb,144,2016-02-28,13,5,0,0,0.9984490080,-0.9984490080
statsbomb,177,2016-02-28,14,6,3,1,2.3142302610,0.6857697390
statsbomb,207,2016-02-28,9,3,0,0,1.2257332740,-1.2257332740
statsbomb,213,2016-02-28,12,3,1,0,1.4966585800,-0.4966585800
statsbomb,215,2016-02-28,13,4,3,0,1.5391791435,1.4608208565
statsbomb,217,2016-02-28,15,8,2,0,2.0566948295,-0.0566948295
statsbomb,219,2016-02-28,14,2,0,0,1.0516216090,-1.0516216090
statsbomb,221,2016-02-28,8,1,0,0,0.6940757010,-0.6940757010
statsbomb,222,2016-02-28,9,3,3,0,1.0670402500,1.9329597500
statsbomb,224,2016-02-28,9,5,2,1,2.0486466980,-0.0486466980
statsbomb,226,2016-02-28,11,2,0,0,0.6706178940,-0.6706178940
statsbomb,228,2016-02-28,13,5,1,0,0.6577200970,0.3422799030
statsbomb,230,2016-02-28,13,4,2,0,2.3082112850,-0.3082112850
statsbomb,231,2016-02-28,16,6,1,0,1.3321092227,-0.3321092227
statsbomb,233,2016-02-28,11,4,0,0,0.4412134780,-0.4412134780
statsbomb,234,2016-02-28,26,6,2,0,1.5195329003,0.4804670997
statsbomb,238,2016-02-28,8,3,0,0,0.3459234740,-0.3459234740
statsbomb,240,2016-02-28,17,5,0,0,0.9920851790,-0.9920851790
statsbomb,291,2016-02-28,14,1,0,0,0.4470122187,-0.4470122187
statsbomb,904,2016-02-28,12,4,1,0,0.8494687786,0.1505312214
statsbomb,1049,2016-02-28,10,3,1,1,1.4381538677,-0.4381538677
statsbomb,1683,2016-02-28,10,4,1,1,1.4853107820,-0.4853107820
statsbomb,2256,2016-02-28,7,5,0,0,0.6689624930,-0.6689624930
statsbomb,227,2016-02-29,6,5,1,0,0.8349708980,0.1650291020
statsbomb,232,2016-02-29,8,6,2,1,1.9639408760,0.0360591240
statsbomb,236,2016-02-29,15,3,0,0,1.0948023796,-1.0948023796
statsbomb,239,2016-02-29,12,1,1,0,0.7527268927,0.2472731073
statsbomb,22,2016-03-01,23,6,1,0,2.1829719500,-1.1829719500
statsbomb,25,2016-03-01,6,1,0,0,0.5324099383,-0.5324099383
statsbomb,27,2016-03-01,11,3,2,0,1.1476425640,0.8523574360
statsbomb,28,2016-03-01,10,5,2,0,0.7096059495,1.2903940505
statsbomb,29,2016-03-01,10,6,3,0,1.8710072490,1.1289927510
statsbomb,31,2016-03-01,14,6,2,0,1.1187673422,0.8812326578
statsbomb,33,2016-03-01,10,2,2,0,0.9898510920,1.0101489080
statsbomb,41,2016-03-01,19,6,2,0,1.0557286610,0.9442713390
statsbomb,56,2016-03-01,13,2,1,0,1.0820943732,-0.0820943732
statsbomb,59,2016-03-01,14,5,1,0,0.6287817450,0.3712182550
statsbomb,208,2016-03-01,12,5,4,1,2.2062072760,1.7937927240
statsbomb,210,2016-03-01,7,1,0,0,0.8702647294,-0.8702647294
statsbomb,212,2016-03-01,14,5,2,1,2.1807618030,-0.1807618030
statsbomb,216,2016-03-01,10,2,0,0,0.5236068036,-0.5236068036
statsbomb,1,2016-03-02,17,5,1,0,1.3274736570,-0.3274736570
statsbomb,23,2016-03-02,14,3,0,0,1.8581121865,-1.8581121865
statsbomb,24,2016-03-02,11,7,3,0,1.1228887092,1.8771112908
statsbomb,26,2016-03-02,11,2,2,0,1.1740502400,0.8259497600
statsbomb,30,2016-03-02,9,2,1,0,0.2795712055,0.7204287945
statsbomb,36,2016-03-02,4,1,0,0,0.2084029520,-0.2084029520
statsbomb,37,2016-03-02,5,3,0,0,0.4044330600,-0.4044330600
statsbomb,38,2016-03-02,9,2,0,0,1.1326190270,-1.1326190270
statsbomb,39,2016-03-02,13,3,1,0,0.7169536305,0.2830463695
statsbomb,40,2016-03-02,14,3,1,0,0.8060585825,0.1939414175
statsbomb,176,2016-03-02,11,4,4,1,1.8090304265,2.1909695735
statsbomb,207,2016-03-02,12,2,1,0,1.3987717970,-0.3987717970
statsbomb,209,2016-03-02,11,4,0,0,0.6431967090,-0.6431967090
statsbomb,213,2016-03-02,15,4,1,0,1.7187591770,-0.7187591770
statsbomb,215,2016-03-02,13,6,4,0,2.8059460517,1.1940539483
statsbomb,219,2016-03-02,8,4,1,0,1.1383344750,-0.1383344750
statsbomb,220,2016-03-02,21,9,2,1,1.9921996970,0.0078003030
statsbomb,221,2016-03-02,12,4,1,0,1.2112835960,-0.2112835960
statsbomb,222,2016-03-02,6,3,0,0,0.6457293060,-0.6457293060
statsbomb,223,2016-03-02,10,1,1,0,0.4342390790,0.5657609210
statsbomb,322,2016-03-02,12,6,0,0,1.0723818984,-1.0723818984
statsbomb,904,2016-03-02,16,6,0,0,0.7845957530,-0.7845957530
statsbomb,214,2016-03-03,19,3,0,0,1.3155342850,-1.3155342850
statsbomb,217,2016-03-03,21,8,5,0,3.6095344060,1.3904655940
statsbomb,218,2016-03-03,9,6,3,0,1.2493928563,1.7506071437
statsbomb,360,2016-03-03,8,4,1,0,1.3013772670,-0.3013772670
statsbomb,1041,2016-03-03,4,0,0,0,0.1045924830,-0.1045924830
statsbomb,1049,2016-03-03,14,8,2,1,2.0029405330,-0.0029405330
statsbomb,129,2016-03-04,8,3,1,0,0.5322113900,0.4677886100
statsbomb,140,2016-03-04,14,5,2,1,1.5485334825,0.4514665175
statsbomb,229,2016-03-04,14,7,4,0,2.0361339810,1.9638660190
statsbomb,239,2016-03-04,11,1,1,1,1.1254098800,-0.1254098800
statsbomb,1,2016-03-05,11,4,2,0,0.7327627854,1.2672372146
statsbomb,22,2016-03-05,14,6,1,0,1.5373572550,-0.5373572550
statsbomb,23,2016-03-05,11,5,0,0,0.9581433490,-0.9581433490
statsbomb,25,2016-03-05,16,5,1,0,1.5801213150,-0.5801213150
statsbomb,26,2016-03-05,10,3,1,0,0.4789410380,0.5210589620
statsbomb,28,2016-03-05,16,5,2,0,1.1285468480,0.8714531520
statsbomb,29,2016-03-05,15,8,2,0,1.7149718735,0.2850281265
statsbomb,30,2016-03-05,17,6,1,0,1.5152481410,-0.5152481410
statsbomb,33,2016-03-05,20,7,1,0,1.3757944650,-0.3757944650
statsbomb,36,2016-03-05,22,9,4,0,3.2599375490,0.7400624510
statsbomb,37,2016-03-05,15,3,1,0,1.0877801060,-0.0877801060
statsbomb,38,2016-03-05,25,11,2,0,1.2487203470,0.7512796530
statsbomb,40,2016-03-05,17,5,3,0,1.6856949380,1.3143050620
statsbomb,41,2016-03-05,11,3,1,0,0.7876201340,0.2123798660
statsbomb,56,2016-03-05,8,3,0,0,0.6972228560,-0.6972228560
statsbomb,59,2016-03-05,3,1,0,0,0.4520634770,-0.4520634770
statsbomb,131,2016-03-05,8,6,0,0,0.8287552840,-0.8287552840
statsbomb,133,2016-03-05,9,2,0,0,0.7214251060,-0.7214251060
statsbomb,135,2016-03-05,7,1,0,0,1.5552413240,-1.5552413240
statsbomb,136,2016-03-05,17,6,2,0,1.7923979870,0.2076020130
statsbomb,139,2016-03-05,6,0,0,0,0.3271344170,-0.3271344170
statsbomb,143,2016-03-05,8,5,2,0,1.2566619650,0.7433380350
statsbomb,145,2016-03-05,7,1,0,0,0.3548527710,-0.3548527710
statsbomb,146,2016-03-05,12,2,1,1,1.6055050150,-0.6055050150
statsbomb,156,2016-03-05,9,4,0,0,0.3451879370,-0.3451879370
statsbomb,160,2016-03-05,4,2,1,0,0.1926724780,0.8073275220
statsbomb,165,2016-03-05,2,1,0,0,0.0864764940,-0.0864764940
statsbomb,172,2016-03-05,10,5,3,0,1.0887973710,1.9112026290
statsbomb,208,2016-03-05,10,3,1,0,0.4899458770,0.5100541230
statsbomb,209,2016-03-05,8,3,1,0,1.4012265840,-0.4012265840
statsbomb,213,2016-03-05,7,4,1,0,0.3943083077,0.6056916923
statsbomb,216,2016-03-05,14,4,1,0,1.0893351490,-0.0893351490
statsbomb,219,2016-03-05,15,6,3,0,2.8181897960,0.1818102040
statsbomb,220,2016-03-05,20,12,7,0,1.9203688893,5.0796311107
statsbomb,222,2016-03-05,12,2,0,0,0.9978399060,-0.9978399060
statsbomb,223,2016-03-05,5,2,2,0,0.7465068530,1.2534931470
statsbomb,226,2016-03-05,11,4,0,0,1.6937773580,-1.6937773580
statsbomb,227,2016-03-05,25,10,3,0,3.1157376607,-0.1157376607
statsbomb,231,2016-03-05,8,2,1,0,0.2982279660,0.7017720340
statsbomb,234,2016-03-05,16,8,3,0,3.2112081180,-0.2112081180
statsbomb,904,2016-03-05,20,5,2,1,1.5692638895,0.4307361105
statsbomb,2736,2016-03-05,25,7,0,0,2.1364796853,-2.1364796853
statsbomb,24,2016-03-06,18,5,2,1,1.7986266945,0.2013733055
statsbomb,27,2016-03-06,9,2,1,0,0.7228630210,0.2771369790
statsbomb,31,2016-03-06,15,4,1,0,1.1751480500,-0.1751480500
statsbomb,39,2016-03-06,7,1,0,0,0.3791659900,-0.3791659900
statsbomb,130,2016-03-06,18,7,1,0,1.0756865062,-0.0756865062
statsbomb,134,2016-03-06,12,7,4,0,1.2845975198,2.7154024802
statsbomb,137,2016-03-06,16,8,4,0,4.3247954180,-0.3247954180
statsbomb,142,2016-03-06,11,5,1,0,1.6215083070,-0.6215083070
statsbomb,144,2016-03-06,11,5,1,0,0.6077972830,0.3922027170
statsbomb,147,2016-03-06,20,8,1,0,2.1103122697,-1.1103122697
statsbomb,207,2016-03-06,10,3,1,0,0.4973391730,0.5026608270
statsbomb,210,2016-03-06,15,3,1,0,1.6507652270,-0.6507652270
statsbomb,212,2016-03-06,21,5,3,0,1.9944979170,1.0055020830
statsbomb,215,2016-03-06,11,6,2,0,1.0763371400,0.9236628600
statsbomb,217,2016-03-06,10,7,4,1,2.3340229040,1.6659770960
statsbomb,218,2016-03-06,11,4,2,0,0.6614254650,1.3385745350
statsbomb,221,2016-03-06,10,3,1,0,0.3016871020,0.6983128980
statsbomb,224,2016-03-06,9,4,2,0,1.1631176700,0.8368823300
statsbomb,228,2016-03-06,13,4,0,0,0.6105068447,-0.6105068447
statsbomb,230,2016-03-06,6,2,0,0,0.1410888997,-0.1410888997
statsbomb,232,2016-03-06,15,4,2,0,1.0859794290,0.9140205710
statsbomb,233,2016-03-06,15,5,1,0,1.3385854960,-0.3385854960
statsbomb,236,2016-03-06,12,5,1,1,1.3799346090,-0.3799346090
statsbomb,238,2016-03-06,10,5,3,0,1.1955985450,1.8044014550
statsbomb,240,2016-03-06,17,3,0,0,1.0464739000,-1.0464739000
statsbomb,241,2016-03-06,13,4,1,0,2.0540347305,-1.0540347305
statsbomb,243,2016-03-06,14,5,0,0,0.9923939810,-0.9923939810
statsbomb,290,2016-03-06,10,1,0,0,1.2902669170,-1.2902669170
statsbomb,291,2016-03-06,22,4,2,0,1.1479751350,0.8520248650
statsbomb,322,2016-03-06,7,0,0,0,0.5416062920,-0.5416062920
statsbomb,1041,2016-03-06,5,1,0,0,0.3555029800,-0.3555029800
statsbomb,1049,2016-03-06,10,4,0,0,0.4305673550,-0.4305673550
statsbomb,1683,2016-03-06,6,2,0,0,0.4575166343,-0.4575166343
statsbomb,2256,2016-03-06,9,4,1,0,0.5664512080,0.4335487920
statsbomb,214,2016-03-07,9,7,2,0,1.6738772800,0.3261227200
statsbomb,360,2016-03-07,7,1,1,0,0.2316480100,0.7683519900
statsbomb,144,2016-03-09,8,2,0,0,0.4438238410,-0.4438238410
statsbomb,147,2016-03-09,6,5,1,0,0.8611362100,0.1388637900
statsbomb,160,2016-03-09,16,5,0,0,1.5042077540,-1.5042077540
statsbomb,2736,2016-03-09,5,1,0,0,0.3533076490,-0.3533076490
statsbomb,129,2016-03-11,12,7,2,0,1.4483848760,0.5516151240
statsbomb,156,2016-03-11,10,4,2,0,1.3751442080,0.6248557920
statsbomb,223,2016-03-11,13,2,1,0,0.4492276345,0.5507723655
statsbomb,224,2016-03-11,16,7,1,0,1.3630514790,-0.3630514790
statsbomb,232,2016-03-11,7,2,0,0,0.4075420500,-0.4075420500
statsbomb,1041,2016-03-11,9,4,0,0,0.8687549620,-0.8687549620
statsbomb,25,2016-03-12,11,4,2,0,0.5748636010,1.4251363990
statsbomb,26,2016-03-12,13,3,2,0,1.5288385593,0.4711614407
statsbomb,28,2016-03-12,13,5,3,0,0.9624117966,2.0375882034
statsbomb,30,2016-03-12,14,2,1,0,0.9422361010,0.0577638990
statsbomb,36,2016-03-12,15,3,0,0,0.7758567220,-0.7758567220
statsbomb,56,2016-03-12,5,0,0,0,0.2177378540,-0.2177378540
statsbomb,130,2016-03-12,21,11,4,2,4.7414521100,-0.7414521100
statsbomb,135,2016-03-12,16,2,0,0,0.8710843720,-0.8710843720
statsbomb,136,2016-03-12,10,3,2,0,1.8918583755,0.1081416245
statsbomb,139,2016-03-12,11,6,0,0,1.2708964822,-1.2708964822
statsbomb,140,2016-03-12,10,4,0,0,0.7611338710,-0.7611338710
statsbomb,142,2016-03-12,7,3,2,0,1.3252616250,0.6747383750
statsbomb,143,2016-03-12,9,4,2,0,0.9675157880,1.0324842120
statsbomb,146,2016-03-12,13,2,0,0,0.5835116764,-0.5835116764
statsbomb,147,2016-03-12,11,3,1,0,0.7888968370,0.2111031630
statsbomb,160,2016-03-12,19,4,1,0,1.1086152847,-0.1086152847
statsbomb,165,2016-03-12,15,10,1,0,1.8754869800,-0.8754869800
statsbomb,209,2016-03-12,7,1,1,0,0.3964822113,0.6035177887
statsbomb,210,2016-03-12,15,6,0,0,0.7450548257,-0.7450548257
statsbomb,212,2016-03-12,16,7,3,0,2.0453963628,0.9546036372
statsbomb,216,2016-03-12,6,1,0,0,0.2647826750,-0.2647826750
statsbomb,217,2016-03-12,15,9,5,0,2.9313305090,2.0686694910
statsbomb,219,2016-03-12,6,1,0,0,0.4414289350,-0.4414289350
statsbomb,234,2016-03-12,13,5,1,0,0.8561696430,0.1438303570
statsbomb,238,2016-03-12,17,3,2,0,1.5830090550,0.4169909450
statsbomb,240,2016-03-12,6,1,1,0,0.5293137170,0.4706862830
statsbomb,290,2016-03-12,15,5,1,0,1.7579580240,-0.7579580240
statsbomb,322,2016-03-12,7,1,1,0,0.8192336030,0.1807663970
statsbomb,360,2016-03-12,12,3,1,0,1.2979680160,-0.2979680160
statsbomb,2736,2016-03-12,10,1,1,0,0.8146223950,0.1853776050
statsbomb,38,2016-03-13,18,8,2,0,2.1315593910,-0.1315593910
statsbomb,59,2016-03-13,12,2,0,0,1.1835343155,-1.1835343155
statsbomb,131,2016-03-13,22,14,8,0,5.7232138080,2.2767861920
statsbomb,133,2016-03-13,16,3,0,0,1.1702205665,-1.1702205665
statsbomb,134,2016-03-13,13,4,2,0,1.2150621180,0.7849378820
statsbomb,137,2016-03-13,17,6,2,0,2.3303083510,-0.3303083510
statsbomb,144,2016-03-13,12,8,2,0,0.6662884880,1.3337115120
statsbomb,145,2016-03-13,6,0,0,0,0.2297264943,-0.2297264943
statsbomb,171,2016-03-13,10,5,0,0,1.2839622890,-1.2839622890
statsbomb,207,2016-03-13,6,1,0,0,0.7315212640,-0.7315212640
statsbomb,208,2016-03-13,15,4,1,0,1.4466833795,-0.4466833795
statsbomb,213,2016-03-13,14,4,3,0,3.8956528950,-0.8956528950
statsbomb,215,2016-03-13,19,9,3,0,2.1472724393,0.8527275607
statsbomb,218,2016-03-13,3,1,1,0,0.7467422200,0.2532577800
statsbomb,220,2016-03-13,12,4,2,0,1.0053570350,0.9946429650
statsbomb,221,2016-03-13,14,6,1,0,0.9902488370,0.0097511630
statsbomb,222,2016-03-13,13,5,2,0,1.3413856420,0.6586143580
statsbomb,226,2016-03-13,12,4,1,0,0.5880441735,0.4119558265
statsbomb,227,2016-03-13,18,7,1,1,1.9511107136,-0.9511107136
statsbomb,228,2016-03-13,11,1,0,0,0.8766948380,-0.8766948380
statsbomb,229,2016-03-13,15,7,2,0,1.6046867590,0.3953132410
statsbomb,230,2016-03-13,10,3,1,0,0.4117759880,0.5882240120
statsbomb,231,2016-03-13,19,6,0,0,0.9168425630,-0.9168425630
statsbomb,233,2016-03-13,13,6,3,2,2.3297174560,0.6702825440
statsbomb,236,2016-03-13,5,2,2,0,0.9670763770,1.0329236230
statsbomb,239,2016-03-13,10,4,1,0,0.6928010137,0.3071989863
statsbomb,241,2016-03-13,8,5,2,0,0.8600719810,1.1399280190
statsbomb,243,2016-03-13,10,2,0,0,0.4802859560,-0.4802859560
statsbomb,291,2016-03-13,13,5,1,0,0.8738100830,0.1261899170
statsbomb,904,2016-03-13,13,3,0,0,1.1164172584,-1.1164172584
statsbomb,1683,2016-03-13,12,3,2,1,1.7182998980,0.2817001020
statsbomb,2256,2016-03-13,5,1,0,0,0.2401975720,-0.2401975720
statsbomb,22,2016-03-14,10,1,1,0,0.9309546730,0.0690453270
statsbomb,37,2016-03-14,13,2,0,0,0.8732609620,-0.8732609620
statsbomb,214,2016-03-14,10,2,0,0,0.6614184030,-0.6614184030
statsbomb,1049,2016-03-14,8,1,1,0,0.4041527170,0.5958472830
statsbomb,134,2016-03-18,13,7,5,0,1.4699803400,3.5300196600
statsbomb,147,2016-03-18,14,5,2,0,1.4260023285,0.5739976715
statsbomb,216,2016-03-18,8,4,1,0,0.6729239930,0.3270760070
statsbomb,322,2016-03-18,20,6,1,0,2.7557934310,-1.7557934310
statsbomb,1,2016-03-19,11,3,2,0,1.8303701920,0.1696298080
statsbomb,22,2016-03-19,8,3,1,0,1.3213069590,-0.3213069590
statsbomb,23,2016-03-19,9,4,1,0,0.7222179230,0.2777820770
statsbomb,26,2016-03-19,10,1,1,0,0.5910539350,0.4089460650
statsbomb,27,2016-03-19,10,0,0,0,0.4584850520,-0.4584850520
statsbomb,29,2016-03-19,8,2,0,0,0.4588307630,-0.4588307630
statsbomb,30,2016-03-19,9,6,2,0,1.4278713720,0.5721286280
statsbomb,31,2016-03-19,13,4,0,0,0.6114667513,-0.6114667513
statsbomb,33,2016-03-19,22,5,2,1,2.4053193710,-0.4053193710
statsbomb,40,2016-03-19,13,5,2,0,0.8864179680,1.1135820320
statsbomb,56,2016-03-19,7,1,1,0,0.6976725330,0.3023274670
statsbomb,59,2016-03-19,12,2,0,0,1.0717371930,-1.0717371930
statsbomb,130,2016-03-19,10,3,0,0,1.0603969013,-1.0603969013
statsbomb,133,2016-03-19,4,2,1,0,0.2597358105,0.7402641895
statsbomb,135,2016-03-19,9,4,3,0,2.0484347130,0.9515652870
statsbomb,137,2016-03-19,8,4,2,1,1.7968902930,0.2031097070
statsbomb,139,2016-03-19,7,1,0,0,0.5113607190,-0.5113607190
statsbomb,140,2016-03-19,24,6,2,0,1.0295909210,0.9704090790
statsbomb,142,2016-03-19,2,2,1,0,0.1692769400,0.8307230600
statsbomb,143,2016-03-19,6,2,1,0,0.2278245830,0.7721754170
statsbomb,144,2016-03-19,7,1,0,0,0.3147031100,-0.3147031100
statsbomb,145,2016-03-19,23,10,5,1,3.9570135820,1.0429864180
statsbomb,156,2016-03-19,20,3,0,0,1.3538508087,-1.3538508087
statsbomb,165,2016-03-19,5,2,1,0,0.8567258990,0.1432741010
statsbomb,208,2016-03-19,13,7,1,0,1.4977726264,-0.4977726264
statsbomb,210,2016-03-19,15,3,0,0,0.8037957650,-0.8037957650
statsbomb,212,2016-03-19,4,1,1,0,0.3093126840,0.6906873160
statsbomb,218,2016-03-19,16,5,0,0,1.1993879190,-1.1993879190
statsbomb,219,2016-03-19,14,7,1,0,0.9114847931,0.0885152069
statsbomb,221,2016-03-19,7,1,1,0,0.5655379252,0.4344620748
statsbomb,223,2016-03-19,14,5,1,0,0.8577883705,0.1422116295
statsbomb,229,2016-03-19,18,6,1,0,1.2867397120,-0.2867397120
statsbomb,238,2016-03-19,6,2,1,0,0.3485957565,0.6514042435
statsbomb,290,2016-03-19,12,3,0,0,0.6348666280,-0.6348666280
statsbomb,360,2016-03-19,22,6,2,0,1.7848851190,0.2151148810
statsbomb,1041,2016-03-19,12,3,2,0,1.9190997700,0.0809002300
statsbomb,1049,2016-03-19,11,2,2,1,1.3640985108,0.6359014892
statsbomb,2256,2016-03-19,13,2,0,0,0.6243010070,-0.6243010070
statsbomb,24,2016-03-20,18,9,2,0,1.5086214450,0.4913785550
statsbomb,25,2016-03-20,16,5,3,0,1.9336931440,1.0663068560
statsbomb,28,2016-03-20,2,0,0,0,0.2544506500,-0.2544506500
statsbomb,36,2016-03-20,25,3,0,0,1.9653762670,-1.9653762670
statsbomb,37,2016-03-20,17,7,1,0,1.4879528850,-0.4879528850
statsbomb,38,2016-03-20,18,7,3,0,1.5332255784,1.4667744216
statsbomb,39,2016-03-20,5,4,1,0,0.5240068220,0.4759931780
statsbomb,41,2016-03-20,14,5,1,0,0.6046204635,0.3953795365
statsbomb,129,2016-03-20,12,5,2,1,2.0699904948,-0.0699904948
statsbomb,131,2016-03-20,23,5,0,0,2.2382378880,-2.2382378880
statsbomb,136,2016-03-20,10,5,3,0,1.6196859170,1.3803140830
statsbomb,146,2016-03-20,12,4,1,0,1.0566786660,-0.0566786660
statsbomb,160,2016-03-20,12,2,0,0,0.5154962058,-0.5154962058
statsbomb,174,2016-03-20,13,5,0,0,0.9012751960,-0.9012751960
statsbomb,207,2016-03-20,14,4,0,0,0.9925727820,-0.9925727820
statsbomb,209,2016-03-20,13,6,2,0,2.7270300330,-0.7270300330
statsbomb,213,2016-03-20,8,4,0,0,1.2915791130,-1.2915791130
statsbomb,214,2016-03-20,17,7,2,0,1.7229683605,0.2770316395
statsbomb,215,2016-03-20,13,4,1,0,1.1204640850,-0.1204640850
statsbomb,217,2016-03-20,15,6,2,1,1.7763159980,0.2236840020
statsbomb,220,2016-03-20,26,11,4,0,4.3174957825,-0.3174957825
statsbomb,222,2016-03-20,15,6,1,0,1.2703694164,-0.2703694164
statsbomb,224,2016-03-20,14,7,4,0,1.3920019940,2.6079980060
statsbomb,226,2016-03-20,10,4,1,0,1.0389380310,-0.0389380310
statsbomb,227,2016-03-20,23,11,3,0,2.7726443550,0.2273556450
statsbomb,228,2016-03-20,15,7,2,0,3.2624705250,-1.2624705250
statsbomb,230,2016-03-20,8,3,1,0,1.2365832380,-0.2365832380
statsbomb,231,2016-03-20,12,6,1,0,1.8620321600,-0.8620321600
statsbomb,232,2016-03-20,13,1,1,0,0.7450068820,0.2549931180
statsbomb,233,2016-03-20,9,2,1,0,0.6151989405,0.3848010595
statsbomb,234,2016-03-20,16,6,0,0,1.3993057070,-1.3993057070
statsbomb,236,2016-03-20,9,3,1,0,0.4234531435,0.5765468565
statsbomb,239,2016-03-20,25,6,0,0,1.6369575740,-1.6369575740
statsbomb,240,2016-03-20,9,2,0,0,0.5217979720,-0.5217979720
statsbomb,241,2016-03-20,10,6,1,1,1.5293352755,-0.5293352755
statsbomb,243,2016-03-20,21,5,1,0,1.4917781813,-0.4917781813
statsbomb,291,2016-03-20,14,5,0,0,0.7191453110,-0.7191453110
statsbomb,904,2016-03-20,15,9,2,0,2.1270926130,-0.1270926130
statsbomb,1683,2016-03-20,11,5,2,0,1.2645320135,0.7354679865
statsbomb,2736,2016-03-20,8,4,1,0,0.9793605520,0.0206394480
statsbomb,129,2016-04-01,15,6,0,0,1.5346134724,-1.5346134724
statsbomb,146,2016-04-01,10,4,2,0,0.9991060377,1.0008939623
statsbomb,179,2016-04-01,10,5,0,0,0.8896426250,-0.8896426250
statsbomb,216,2016-04-01,15,3,0,0,1.2326372400,-1.2326372400
statsbomb,360,2016-04-01,15,8,2,0,3.0631247387,-1.0631247387
statsbomb,904,2016-04-01,12,5,3,0,0.7493691390,2.2506308610
statsbomb,1,2016-04-02,19,12,4,0,2.5767153340,1.4232846660
statsbomb,23,2016-04-02,7,2,0,0,0.4320572170,-0.4320572170
statsbomb,24,2016-04-02,15,7,1,0,1.2660685860,-0.2660685860
statsbomb,26,2016-04-02,12,3,2,0,0.4946681510,1.5053318490
statsbomb,27,2016-04-02,4,0,0,0,0.1493581485,-0.1493581485
statsbomb,28,2016-04-02,11,2,0,0,1.1447689720,-1.1447689720
statsbomb,30,2016-04-02,12,5,2,0,0.8729414680,1.1270585320
statsbomb,31,2016-04-02,12,4,2,0,1.5324186190,0.4675813810
statsbomb,33,2016-04-02,11,8,4,1,2.1443490630,1.8556509370
statsbomb,36,2016-04-02,15,7,4,0,0.7706947195,3.2293052805
statsbomb,37,2016-04-02,13,5,2,1,2.0710138506,-0.0710138506
statsbomb,38,2016-04-02,18,5,1,0,1.6897889950,-0.6897889950
statsbomb,40,2016-04-02,18,6,2,0,1.4462147370,0.5537852630
statsbomb,41,2016-04-02,25,6,0,0,2.2034853010,-2.2034853010
statsbomb,56,2016-04-02,13,6,3,0,1.5275979800,1.4724020200
statsbomb,59,2016-04-02,15,4,0,0,0.9688631580,-0.9688631580
statsbomb,130,2016-04-02,7,2,1,0,0.5877878350,0.4122121650
statsbomb,131,2016-04-02,12,6,4,0,1.2392427880,2.7607572120
statsbomb,133,2016-04-02,12,6,0,0,1.1604834544,-1.1604834544
statsbomb,134,2016-04-02,10,5,3,0,1.3548575080,1.6451424920
statsbomb,135,2016-04-02,8,4,2,0,0.7188054960,1.2811945040
statsbomb,136,2016-04-02,6,4,1,0,0.4339559170,0.5660440830
statsbomb,139,2016-04-02,12,4,2,0,0.4676779136,1.5323220864
statsbomb,140,2016-04-02,6,1,0,0,0.2019931835,-0.2019931835
statsbomb,142,2016-04-02,10,3,2,0,0.7629201630,1.2370798370
statsbomb,145,2016-04-02,18,5,1,0,1.0116306050,-0.0116306050
statsbomb,156,2016-04-02,10,4,1,0,0.3405746310,0.6594253690
statsbomb,160,2016-04-02,17,4,0,0,1.4489021620,-1.4489021620
statsbomb,207,2016-04-02,8,3,1,0,1.1571781420,-0.1571781420
statsbomb,208,2016-04-02,13,6,1,1,1.9706281250,-0.9706281250
statsbomb,209,2016-04-02,9,2,1,0,0.3695497980,0.6304502020
statsbomb,212,2016-04-02,17,11,5,0,4.0368601070,0.9631398930
statsbomb,217,2016-04-02,14,3,1,0,0.7250700990,0.2749299010
statsbomb,218,2016-04-02,8,5,1,0,0.7967764750,0.2032235250
statsbomb,219,2016-04-02,7,3,1,0,1.2132051015,-0.2132051015
statsbomb,220,2016-04-02,15,6,2,0,1.3205530540,0.6794469460
statsbomb,224,2016-04-02,20,9,1,0,1.8941149130,-0.8941149130
statsbomb,232,2016-04-02,9,7,3,0,1.4528008918,1.5471991082
statsbomb,290,2016-04-02,10,3,0,0,0.4494777182,-0.4494777182
statsbomb,1683,2016-04-02,11,1,1,0,1.3241549735,-0.3241549735
statsbomb,22,2016-04-03,11,4,1,0,1.2376936330,-0.2376936330
statsbomb,25,2016-04-03,10,1,0,0,0.5184734970,-0.5184734970
statsbomb,29,2016-04-03,7,1,0,0,0.5749516380,-0.5749516380
statsbomb,39,2016-04-03,10,2,1,0,0.8641511070,0.1358488930
statsbomb,137,2016-04-03,17,7,3,0,1.7583651090,1.2416348910
statsbomb,143,2016-04-03,11,6,3,0,0.7287512640,2.2712487360
statsbomb,144,2016-04-03,13,6,0,0,0.4459521760,-0.4459521760
statsbomb,147,2016-04-03,7,2,1,0,0.3682262370,0.6317737630
statsbomb,165,2016-04-03,8,2,1,0,1.3486370970,-0.3486370970
statsbomb,210,2016-04-03,8,2,1,0,0.3081628870,0.6918371130
statsbomb,213,2016-04-03,15,6,1,1,2.1455600380,-1.1455600380
statsbomb,214,2016-04-03,6,1,1,0,0.2815340420,0.7184659580
statsbomb,215,2016-04-03,8,1,1,0,1.7285996220,-0.7285996220
statsbomb,222,2016-04-03,8,4,2,0,2.4109899120,-0.4109899120
statsbomb,223,2016-04-03,11,5,1,1,1.3121785410,-0.3121785410
statsbomb,227,2016-04-03,13,3,1,0,0.6701363050,0.3298636950
statsbomb,228,2016-04-03,10,4,2,0,1.0326690760,0.9673309240
statsbomb,229,2016-04-03,18,7,4,0,1.4469774722,2.5530225278
statsbomb,230,2016-04-03,11,7,3,1,2.6724596660,0.3275403340
statsbomb,231,2016-04-03,9,4,3,0,1.4010358160,1.5989641840
statsbomb,233,2016-04-03,20,9,4,0,1.5620683285,2.4379316715
statsbomb,234,2016-04-03,8,4,1,0,0.2779205080,0.7220794920
statsbomb,236,2016-04-03,18,3,1,0,2.3887400090,-1.3887400090
statsbomb,238,2016-04-03,12,2,1,1,1.7584393270,-0.7584393270
statsbomb,239,2016-04-03,20,7,1,0,1.0656830717,-0.0656830717
statsbomb,241,2016-04-03,13,4,2,1,1.7561890840,0.2438109160
statsbomb,243,2016-04-03,14,4,1,1,1.4700499465,-0.4700499465
statsbomb,291,2016-04-03,9,2,0,0,0.4435622397,-0.4435622397
statsbomb,322,2016-04-03,12,3,1,0,0.6349309740,0.3650690260
statsbomb,1049,2016-04-03,9,2,1,0,0.5654569210,0.4345430790
statsbomb,2256,2016-04-03,14,5,1,0,1.8230055000,-0.8230055000
statsbomb,2736,2016-04-03,6,1,1,1,1.0286257410,-0.0286257410
statsbomb,221,2016-04-04,17,4,0,0,1.3941461270,-1.3941461270
statsbomb,226,2016-04-04,4,1,1,0,0.4146436850,0.5853563150
statsbomb,240,2016-04-04,9,1,0,0,0.6412351300,-0.6412351300
statsbomb,1041,2016-04-04,11,1,0,0,1.0322243030,-1.0322243030
statsbomb,137,2016-04-08,14,5,2,0,3.0130442850,-1.0130442850
statsbomb,139,2016-04-08,7,5,0,0,0.6537303530,-0.6537303530
statsbomb,223,2016-04-08,9,3,0,0,0.9005546530,-0.9005546530
statsbomb,1049,2016-04-08,8,1,0,0,0.7744025580,-0.7744025580
statsbomb,1,2016-04-09,11,6,3,0,1.8430335740,1.1569664260
statsbomb,23,2016-04-09,13,4,0,0,0.5522624965,-0.5522624965
statsbomb,25,2016-04-09,20,6,3,0,1.9387079523,1.0612920477
statsbomb,26,2016-04-09,12,6,1,0,1.8257265220,-0.8257265220
statsbomb,27,2016-04-09,13,2,1,0,1.2042845990,-0.2042845990
statsbomb,28,2016-04-09,12,3,2,0,1.0177562090,0.9822437910
statsbomb,29,2016-04-09,12,7,1,0,1.4061570767,-0.4061570767
statsbomb,31,2016-04-09,14,5,1,0,1.2824345756,-0.2824345756
statsbomb,33,2016-04-09,9,2,0,0,1.6571836980,-1.6571836980
statsbomb,36,2016-04-09,13,4,2,1,2.0880622340,-0.0880622340
statsbomb,37,2016-04-09,5,3,1,0,0.2690089240,0.7309910760
statsbomb,40,2016-04-09,17,7,3,0,1.2577559600,1.7422440400
statsbomb,56,2016-04-09,14,4,0,0,1.0310542954,-1.0310542954
statsbomb,59,2016-04-09,7,1,1,0,0.4432269570,0.5567730430
statsbomb,130,2016-04-09,11,7,4,0,1.3026255784,2.6973744216
statsbomb,131,2016-04-09,14,6,2,1,1.9548871180,0.0451128820
statsbomb,133,2016-04-09,9,1,0,0,0.2646629662,-0.2646629662
statsbomb,135,2016-04-09,16,7,1,0,1.4666562042,-0.4666562042
statsbomb,140,2016-04-09,18,5,1,0,1.0156988520,-0.0156988520
statsbomb,142,2016-04-09,8,3,0,0,0.5324491080,-0.5324491080
statsbomb,144,2016-04-09,14,5,1,0,1.4897035744,-0.4897035744
statsbomb,145,2016-04-09,7,1,0,0,0.1916899057,-0.1916899057
statsbomb,156,2016-04-09,10,3,1,0,0.5902423190,0.4097576810
statsbomb,160,2016-04-09,3,1,0,0,0.1549499810,-0.1549499810
statsbomb,165,2016-04-09,16,7,2,1,1.9913653140,0.0086346860
statsbomb,210,2016-04-09,5,1,1,0,0.4272180620,0.5727819380
statsbomb,212,2016-04-09,14,5,3,0,0.9607456210,2.0392543790
statsbomb,214,2016-04-09,10,4,1,0,0.7394810320,0.2605189680
statsbomb,217,2016-04-09,13,6,0,0,1.1740239360,-1.1740239360
statsbomb,218,2016-04-09,7,2,1,0,0.3962301394,0.6037698606
statsbomb,220,2016-04-09,15,6,4,0,2.4743272740,1.5256727260
statsbomb,221,2016-04-09,12,3,0,0,0.9601044180,-0.9601044180
statsbomb,224,2016-04-09,10,4,2,0,0.8437126730,1.1562873270
statsbomb,231,2016-04-09,17,3,1,0,1.1969214565,-0.1969214565
statsbomb,232,2016-04-09,17,5,0,0,1.0376918120,-1.0376918120
statsbomb,233,2016-04-09,9,4,1,0,0.7132050740,0.2867949260
statsbomb,238,2016-04-09,20,3,1,0,2.1671452370,-1.1671452370
statsbomb,243,2016-04-09,12,6,1,0,1.2224497470,-0.2224497470
statsbomb,291,2016-04-09,16,2,0,0,0.8803798104,-0.8803798104
statsbomb,322,2016-04-09,9,2,0,0,1.3148495310,-1.3148495310
statsbomb,1683,2016-04-09,13,3,0,0,0.8737732715,-0.8737732715
statsbomb,2736,2016-04-09,3,1,0,0,0.0632394020,-0.0632394020
statsbomb,22,2016-04-10,16,7,2,0,3.0078751480,-1.0078751480
statsbomb,24,2016-04-10,14,6,4,0,1.9046623937,2.0953376063
statsbomb,30,2016-04-10,11,3,1,0,0.5864711700,0.4135288300
statsbomb,38,2016-04-10,16,8,3,0,1.8133864336,1.1866135664
statsbomb,39,2016-04-10,6,1,0,0,0.5080535130,-0.5080535130
statsbomb,41,2016-04-10,15,1,0,0,0.7835765185,-0.7835765185
statsbomb,129,2016-04-10,7,4,1,0,0.5192241300,0.4807758700
statsbomb,134,2016-04-10,9,3,0,0,0.9296243260,-0.9296243260
statsbomb,136,2016-04-10,13,7,3,1,2.9634541990,0.0365458010
statsbomb,143,2016-04-10,9,4,4,0,1.8094376800,2.1905623200
statsbomb,146,2016-04-10,9,3,0,0,0.5585171100,-0.5585171100
statsbomb,147,2016-04-10,7,4,0,0,0.4431575500,-0.4431575500
statsbomb,186,2016-04-10,17,8,0,0,0.8359122777,-0.8359122777
statsbomb,207,2016-04-10,23,8,2,0,1.7241885207,0.2758114793
statsbomb,209,2016-04-10,17,5,1,0,0.9799904963,0.0200095037
statsbomb,213,2016-04-10,7,4,1,0,0.9541043330,0.0458956670
statsbomb,215,2016-04-10,14,7,1,0,0.9257794085,0.0742205915
statsbomb,216,2016-04-10,17,3,0,0,0.9904159290,-0.9904159290
statsbomb,222,2016-04-10,13,3,2,0,1.7802565090,0.2197434910
statsbomb,226,2016-04-10,8,1,0,0,0.3877717325,-0.3877717325
statsbomb,227,2016-04-10,19,6,3,1,3.1769705190,-0.1769705190
statsbomb,228,2016-04-10,16,7,1,0,0.7396456240,0.2603543760
statsbomb,230,2016-04-10,16,2,0,0,1.3175144190,-1.3175144190
statsbomb,234,2016-04-10,15,5,1,0,1.8571600060,-0.8571600060
statsbomb,236,2016-04-10,19,7,3,0,2.5889812223,0.4110187777
statsbomb,239,2016-04-10,22,5,0,0,1.5681605320,-1.5681605320
statsbomb,241,2016-04-10,5,3,2,0,0.6432901835,1.3567098165
statsbomb,290,2016-04-10,7,4,2,0,0.8255680410,1.1744319590
statsbomb,360,2016-04-10,12,4,0,0,1.4814898020,-1.4814898020
statsbomb,904,2016-04-10,12,6,2,0,0.9316171873,1.0683828127
statsbomb,1041,2016-04-10,11,3,0,0,0.5911869480,-0.5911869480
statsbomb,2256,2016-04-10,7,2,0,0,0.3264263675,-0.3264263675
statsbomb,208,2016-04-11,13,6,3,0,1.5512772745,1.4487227255
statsbomb,219,2016-04-11,19,6,1,0,2.0612168893,-1.0612168893
statsbomb,229,2016-04-11,16,5,1,0,1.3340058330,-0.3340058330
statsbomb,240,2016-04-11,7,2,1,0,0.3385563160,0.6614436840
statsbomb,29,2016-04-13,9,5,0,0,0.5921424275,-0.5921424275
statsbomb,31,2016-04-13,20,7,0,0,2.6654269200,-2.6654269200
statsbomb,136,2016-04-15,7,3,1,0,0.7453516300,0.2546483700
statsbomb,137,2016-04-15,14,3,1,0,1.1081112850,-0.1081112850
statsbomb,214,2016-04-15,10,2,1,0,1.1652406630,-0.1652406630
statsbomb,221,2016-04-15,12,4,2,0,0.8349081955,1.1650918045
statsbomb,23,2016-04-16,11,4,1,0,0.4682988330,0.5317011670
statsbomb,25,2016-04-16,18,5,1,0,1.4534008985,-0.4534008985
statsbomb,26,2016-04-16,12,1,0,0,1.1110242370,-1.1110242370
statsbomb,27,2016-04-16,17,4,0,0,2.4562757815,-2.4562757815
statsbomb,29,2016-04-16,7,2,1,0,0.3211292356,0.6788707644
statsbomb,33,2016-04-16,12,4,0,0,0.9851546890,-0.9851546890
statsbomb,36,2016-04-16,12,7,3,1,2.3260039010,0.6739960990
statsbomb,37,2016-04-16,12,7,3,0,1.0500871590,1.9499128410
statsbomb,39,2016-04-16,14,4,1,0,1.3491528220,-0.3491528220
statsbomb,41,2016-04-16,8,3,3,1,1.7773581410,1.2226418590
statsbomb,56,2016-04-16,19,5,0,0,1.2745816260,-1.2745816260
statsbomb,59,2016-04-16,7,1,0,0,0.3471389620,-0.3471389620
statsbomb,130,2016-04-16,11,2,1,0,0.8804538640,0.1195461360
statsbomb,131,2016-04-16,22,9,6,0,3.5175441910,2.4824558090
statsbomb,133,2016-04-16,21,10,2,1,2.5316020700,-0.5316020700
statsbomb,135,2016-04-16,9,4,1,0,0.6936753680,0.3063246320
statsbomb,140,2016-04-16,15,7,0,0,0.8298515400,-0.8298515400
statsbomb,143,2016-04-16,14,6,3,0,1.6208416177,1.3791583823
statsbomb,145,2016-04-16,4,4,3,0,0.2151121700,2.7848878300
statsbomb,146,2016-04-16,17,4,1,0,1.7225405190,-0.7225405190
statsbomb,156,2016-04-16,15,4,1,0,1.3600891705,-0.3600891705
statsbomb,160,2016-04-16,14,4,2,0,1.3579010780,0.6420989220
statsbomb,165,2016-04-16,11,4,1,0,0.5669680950,0.4330319050
statsbomb,184,2016-04-16,10,6,0,0,1.0195333040,-1.0195333040
statsbomb,208,2016-04-16,10,4,1,0,0.4424675020,0.5575324980
statsbomb,209,2016-04-16,18,5,1,0,2.0870664340,-1.0870664340
statsbomb,210,2016-04-16,7,3,1,0,0.6191291780,0.3808708220
statsbomb,216,2016-04-16,13,4,1,0,0.6986342170,0.3013657830
statsbomb,218,2016-04-16,10,4,1,0,1.3664417660,-0.3664417660
statsbomb,220,2016-04-16,22,11,5,0,3.1156250900,1.8843749100
statsbomb,227,2016-04-16,10,2,0,0,0.3012870690,-0.3012870690
statsbomb,233,2016-04-16,16,3,1,0,1.4863406100,-0.4863406100
statsbomb,238,2016-04-16,12,3,2,0,1.4870931190,0.5129068810
statsbomb,240,2016-04-16,8,1,0,0,0.5794131640,-0.5794131640
statsbomb,241,2016-04-16,6,3,1,1,1.0733607470,-0.0733607470
statsbomb,322,2016-04-16,8,4,2,0,1.1755355510,0.8244644490
statsbomb,904,2016-04-16,12,6,3,0,1.1061880170,1.8938119830
statsbomb,1041,2016-04-16,12,2,1,0,1.2163661910,-0.2163661910
statsbomb,1683,2016-04-16,15,9,4,0,1.9425299430,2.0574700570
statsbomb,2736,2016-04-16,16,3,0,0,1.0057603190,-1.0057603190
statsbomb,1,2016-04-17,21,6,1,0,1.7365538980,-0.7365538980
statsbomb,22,2016-04-17,6,2,2,1,1.3001150900,0.6998849100
statsbomb,24,2016-04-17,19,6,2,0,1.8167390102,0.1832609898
statsbomb,28,2016-04-17,19,6,1,0,1.6120503650,-0.6120503650
statsbomb,31,2016-04-17,7,3,1,0,0.3875618627,0.6124381373
statsbomb,40,2016-04-17,20,4,2,1,1.8041434590,0.1958565410
statsbomb,129,2016-04-17,14,4,2,0,0.9694152250,1.0305847750
statsbomb,134,2016-04-17,10,2,0,0,0.6940540496,-0.6940540496
statsbomb,139,2016-04-17,11,5,2,0,0.5410269397,1.4589730603
statsbomb,142,2016-04-17,12,7,3,0,1.4592898350,1.5407101650
statsbomb,144,2016-04-17,10,0,0,0,0.6047357185,-0.6047357185
statsbomb,147,2016-04-17,7,3,1,0,0.5239420783,0.4760579217
statsbomb,207,2016-04-17,7,2,1,0,0.6761893120,0.3238106880
statsbomb,212,2016-04-17,8,3,3,0,1.6484799130,1.3515200870
statsbomb,213,2016-04-17,12,4,1,0,1.7406556600,-0.7406556600
statsbomb,215,2016-04-17,6,3,1,0,0.8838709890,0.1161290110
statsbomb,217,2016-04-17,22,7,1,0,2.2620162820,-1.2620162820
statsbomb,219,2016-04-17,5,4,1,0,0.6646025690,0.3353974310
statsbomb,222,2016-04-17,7,2,1,0,0.5827735470,0.4172264530
statsbomb,223,2016-04-17,18,7,0,0,1.9996306100,-1.9996306100
statsbomb,224,2016-04-17,17,6,4,0,1.5785838283,2.4214161717
statsbomb,226,2016-04-17,17,4,1,0,2.3680322604,-1.3680322604
statsbomb,228,2016-04-17,13,4,3,0,1.5808142232,1.4191857768
statsbomb,229,2016-04-17,17,7,3,0,1.8841441410,1.1158558590
statsbomb,230,2016-04-17,16,3,0,0,1.5302343530,-1.5302343530
statsbomb,231,2016-04-17,5,2,0,0,0.1905992596,-0.1905992596
statsbomb,232,2016-04-17,9,1,1,0,1.4883738700,-0.4883738700
statsbomb,234,2016-04-17,10,3,0,0,0.3579901950,-0.3579901950
statsbomb,236,2016-04-17,19,7,2,1,2.2101791060,-0.2101791060
statsbomb,239,2016-04-17,13,5,2,0,1.2142203220,0.7857796780
statsbomb,243,2016-04-17,15,3,1,0,1.6718183150,-0.6718183150
statsbomb,290,2016-04-17,6,1,0,0,0.4901010910,-0.4901010910
statsbomb,291,2016-04-17,13,2,2,0,1.1130249437,0.8869750563
statsbomb,360,2016-04-17,14,6,2,0,1.1728651310,0.8271348690
statsbomb,1049,2016-04-17,11,1,0,0,0.6692855825,-0.6692855825
statsbomb,2256,2016-04-17,10,3,0,0,0.4908121310,-0.4908121310
statsbomb,30,2016-04-18,13,2,0,0,0.7062406800,-0.7062406800
statsbomb,38,2016-04-18,22,6,4,0,3.4869330770,0.5130669230
statsbomb,36,2016-04-19,10,5,1,0,0.6783891020,0.3216108980
statsbomb,37,2016-04-19,5,3,1,0,0.6024495270,0.3975504730
statsbomb,208,2016-04-19,3,0,0,0,0.1026664100,-0.1026664100
statsbomb,209,2016-04-19,3,1,1,0,0.3572196620,0.6427803380
statsbomb,214,2016-04-19,9,4,1,0,0.9022195580,0.0977804420
statsbomb,218,2016-04-19,21,7,1,0,2.2367352300,-1.2367352300
statsbomb,227,2016-04-19,20,14,6,1,2.8755281550,3.1244718450
statsbomb,240,2016-04-19,5,0,0,0,0.2769681160,-0.2769681160
statsbomb,23,2016-04-20,7,4,1,0,1.3215356955,-0.3215356955
statsbomb,24,2016-04-20,37,13,4,0,3.5290735440,0.4709264560
statsbomb,29,2016-04-20,3,0,0,0,0.1232716980,-0.1232716980
statsbomb,31,2016-04-20,5,0,0,0,0.2209345470,-0.2209345470
statsbomb,39,2016-04-20,16,10,1,0,1.3908649340,-0.3908649340
statsbomb,40,2016-04-20,18,7,3,2,3.6375740370,-0.6375740370
statsbomb,207,2016-04-20,9,6,4,0,2.6551859540,1.3448140460
statsbomb,212,2016-04-20,8,2,1,0,0.9091936090,0.0908063910
statsbomb,213,2016-04-20,18,8,1,0,1.8022383720,-0.8022383720
statsbomb,215,2016-04-20,13,6,0,0,0.6067690130,-0.6067690130
statsbomb,217,2016-04-20,17,9,8,0,4.0340371880,3.9659628120
statsbomb,219,2016-04-20,17,5,0,0,1.6252307930,-1.6252307930
statsbomb,220,2016-04-20,20,6,3,0,1.4060827010,1.5939172990
statsbomb,222,2016-04-20,5,2,0,0,0.2816997305,-0.2816997305
statsbomb,223,2016-04-20,12,4,1,0,0.9881432010,0.0118567990
statsbomb,224,2016-04-20,19,12,3,1,3.4418815390,-0.4418815390
statsbomb,226,2016-04-20,22,6,0,0,2.1389944684,-2.1389944684
statsbomb,228,2016-04-20,11,4,2,1,1.6551096470,0.3448903530
statsbomb,229,2016-04-20,21,6,3,1,2.2852017260,0.7147982740
statsbomb,230,2016-04-20,10,3,2,0,1.1962927395,0.8037072605
statsbomb,231,2016-04-20,22,9,5,1,2.2009767624,2.7990232376
statsbomb,232,2016-04-20,23,8,0,0,3.1655943360,-3.1655943360
statsbomb,233,2016-04-20,16,6,1,0,1.1396724240,-0.1396724240
statsbomb,234,2016-04-20,4,2,0,0,0.1101272920,-0.1101272920
statsbomb,236,2016-04-20,7,1,0,0,0.1901714556,-0.1901714556
statsbomb,238,2016-04-20,17,3,0,0,1.0675635600,-1.0675635600
statsbomb,239,2016-04-20,9,3,1,0,0.6292248340,0.3707751660
statsbomb,241,2016-04-20,14,7,2,1,2.0523692210,-0.0523692210
statsbomb,290,2016-04-20,12,7,1,0,2.3642074540,-1.3642074540
statsbomb,291,2016-04-20,9,2,1,0,0.2494596197,0.7505403803
statsbomb,322,2016-04-20,9,2,0,0,0.8739578290,-0.8739578290
statsbomb,360,2016-04-20,11,4,1,0,0.7130141261,0.2869858739
statsbomb,1041,2016-04-20,14,2,1,0,1.5640573620,-0.5640573620
statsbomb,2256,2016-04-20,13,3,2,1,2.4491317550,-0.4491317550
statsbomb,1,2016-04-21,16,7,2,0,1.3185708990,0.6814291010
statsbomb,27,2016-04-21,8,1,0,0,0.7341058055,-0.7341058055
statsbomb,210,2016-04-21,15,5,1,0,0.9456170870,0.0543829130
statsbomb,216,2016-04-21,7,3,2,1,1.3085397600,0.6914602400
statsbomb,221,2016-04-21,14,5,1,0,1.0397063580,-0.0397063580
statsbomb,243,2016-04-21,19,3,0,0,1.0005440110,-1.0005440110
statsbomb,1049,2016-04-21,13,6,5,2,3.0929667990,1.9070332010
statsbomb,1683,2016-04-21,6,2,0,0,0.2181784260,-0.2181784260
statsbomb,136,2016-04-22,10,5,2,1,1.8732617280,0.1267382720
statsbomb,156,2016-04-22,11,4,0,0,1.3159583580,-1.3159583580
statsbomb,208,2016-04-22,15,9,4,0,1.1327808120,2.8672191880
statsbomb,214,2016-04-22,12,5,0,0,1.8880677820,-1.8880677820
statsbomb,24,2016-04-23,13,4,2,0,0.7176860250,1.2823139750
statsbomb,25,2016-04-23,19,8,4,0,3.0150321064,0.9849678936
statsbomb,28,2016-04-23,13,4,1,0,0.7494195690,0.2505804310
statsbomb,30,2016-04-23,14,2,0,0,1.0232647640,-1.0232647640
statsbomb,33,2016-04-23,16,4,4,0,1.2850727670,2.7149272330
statsbomb,36,2016-04-23,11,6,4,1,2.9745786695,1.0254213305
statsbomb,37,2016-04-23,6,3,2,0,0.3949443560,1.6050556440
statsbomb,59,2016-04-23,16,7,2,0,1.3879356310,0.6120643690
statsbomb,130,2016-04-23,9,6,2,0,1.7846796100,0.2153203900
statsbomb,137,2016-04-23,12,3,3,0,1.7391845433,1.2608154567
statsbomb,181,2016-04-23,20,8,2,0,2.6342572890,-0.6342572890
statsbomb,212,2016-04-23,14,4,1,0,1.3219537140,-0.3219537140
statsbomb,217,2016-04-23,23,8,6,3,4.7221734486,1.2778265514
statsbomb,219,2016-04-23,9,1,1,0,0.3913678960,0.6086321040
statsbomb,220,2016-04-23,16,4,3,0,1.6626226570,1.3373773430
statsbomb,223,2016-04-23,7,4,0,0,0.1632102780,-0.1632102780
statsbomb,230,2016-04-23,12,5,1,0,1.3528104365,-0.3528104365
statsbomb,238,2016-04-23,26,9,3,0,3.6585020890,-0.6585020890
statsbomb,322,2016-04-23,9,2,1,0,0.5593210640,0.4406789360
statsbomb,360,2016-04-23,11,6,2,0,1.3614474374,0.6385525626
statsbomb,904,2016-04-23,17,6,3,0,1.6318183090,1.3681816910
statsbomb,1041,2016-04-23,4,1,0,0,0.4110755340,-0.4110755340
statsbomb,1,2016-04-24,20,8,0,0,1.3381118850,-1.3381118850
statsbomb,22,2016-04-24,19,9,4,0,2.5086552260,1.4913447740
statsbomb,26,2016-04-24,9,1,0,0,0.4398307840,-0.4398307840
statsbomb,41,2016-04-24,12,4,0,0,0.5017648420,-0.5017648420
statsbomb,129,2016-04-24,9,6,1,0,1.6977242110,-0.6977242110
statsbomb,133,2016-04-24,17,7,1,0,2.0446247310,-1.0446247310
statsbomb,134,2016-04-24,11,3,1,0,0.9318585380,0.0681414620
statsbomb,135,2016-04-24,12,5,2,0,1.1982262070,0.8017737930
statsbomb,139,2016-04-24,14,7,3,0,1.3179873855,1.6820126145
statsbomb,140,2016-04-24,12,6,1,0,0.7564125800,0.2435874200
statsbomb,142,2016-04-24,11,1,1,0,0.7515032900,0.2484967100
statsbomb,144,2016-04-24,7,3,0,0,0.3056714660,-0.3056714660
statsbomb,147,2016-04-24,7,3,1,0,0.9099498460,0.0900501540
statsbomb,160,2016-04-24,8,5,3,1,1.3592185390,1.6407814610
statsbomb,165,2016-04-24,10,2,0,0,0.4062078413,-0.4062078413
statsbomb,207,2016-04-24,5,4,2,0,0.6049760240,1.3950239760
statsbomb,210,2016-04-24,7,2,0,0,0.6385188930,-0.6385188930
statsbomb,213,2016-04-24,13,3,2,0,1.0536057880,0.9463942120
statsbomb,215,2016-04-24,19,8,2,0,1.1565945804,0.8434054196
statsbomb,216,2016-04-24,18,10,2,0,2.9875272360,-0.9875272360
statsbomb,218,2016-04-24,8,1,0,0,0.2960170765,-0.2960170765
statsbomb,221,2016-04-24,10,5,1,0,0.7405703977,0.2594296023
statsbomb,222,2016-04-24,8,3,0,0,0.4972423400,-0.4972423400
statsbomb,224,2016-04-24,6,2,2,0,1.3948919050,0.6051080950
statsbomb,228,2016-04-24,11,6,1,0,0.8772651540,0.1227348460
statsbomb,231,2016-04-24,10,2,0,0,0.3743481027,-0.3743481027
statsbomb,232,2016-04-24,12,4,3,0,0.8787790220,2.1212209780
statsbomb,233,2016-04-24,5,3,0,0,0.6468326020,-0.6468326020
statsbomb,234,2016-04-24,13,6,2,0,1.4660776740,0.5339223260
statsbomb,236,2016-04-24,20,4,1,0,2.6705751560,-1.6705751560
statsbomb,239,2016-04-24,21,8,1,0,2.4414217070,-1.4414217070
statsbomb,240,2016-04-24,11,5,2,0,0.9241118090,1.0758881910
statsbomb,241,2016-04-24,16,4,1,0,1.0613554590,-0.0613554590
statsbomb,291,2016-04-24,18,4,0,0,1.1099741700,-1.1099741700
statsbomb,2256,2016-04-24,7,2,2,0,0.9024118900,1.0975881100
statsbomb,2736,2016-04-24,17,6,2,0,1.2372205249,0.7627794751
statsbomb,27,2016-04-25,16,3,1,0,0.9035067615,0.0964932385
statsbomb,38,2016-04-25,17,3,0,0,1.0603041890,-1.0603041890
statsbomb,209,2016-04-25,16,4,2,1,2.0897769230,-0.0897769230
statsbomb,226,2016-04-25,28,12,2,1,2.8842855970,-0.8842855970
statsbomb,227,2016-04-25,9,4,0,0,0.8898742630,-0.8898742630
statsbomb,229,2016-04-25,9,3,1,0,0.4973350190,0.5026649810
statsbomb,243,2016-04-25,11,5,1,0,1.6281691730,-0.6281691730
statsbomb,290,2016-04-25,10,3,0,0,0.6029922470,-0.6029922470
statsbomb,1049,2016-04-25,12,3,1,0,0.9143752010,0.0856247990
statsbomb,1683,2016-04-25,16,3,1,0,1.4998568840,-0.4998568840
statsbomb,143,2016-04-27,12,4,0,0,1.0988515650,-1.0988515650
statsbomb,145,2016-04-27,8,4,0,0,0.3048985710,-0.3048985710
statsbomb,131,2016-04-29,27,11,4,0,4.7551161435,-0.7551161435
statsbomb,134,2016-04-29,9,2,0,0,0.2232520140,-0.2232520140
statsbomb,322,2016-04-29,12,6,0,0,0.7005275200,-0.7005275200
statsbomb,1041,2016-04-29,3,3,2,0,0.3458089180,1.6541910820
statsbomb,1,2016-04-30,14,3,1,0,0.8146843140,0.1853156860
statsbomb,23,2016-04-30,18,5,3,0,1.1316410817,1.8683589183
statsbomb,27,2016-04-30,15,3,0,0,1.2021616770,-1.2021616770
statsbomb,28,2016-04-30,16,2,1,0,1.4296668630,-0.4296668630
statsbomb,29,2016-04-30,11,5,2,0,0.8906783050,1.1093216950
statsbomb,30,2016-04-30,11,4,1,0,0.7249707820,0.2750292180
statsbomb,31,2016-04-30,9,3,0,0,1.0686514000,-1.0686514000
statsbomb,37,2016-04-30,10,4,1,0,0.4457455850,0.5542544150
statsbomb,40,2016-04-30,8,4,3,0,0.8405072860,2.1594927140
statsbomb,41,2016-04-30,15,6,1,1,1.8034498460,-0.8034498460
statsbomb,56,2016-04-30,12,3,0,0,0.8152819000,-0.8152819000
statsbomb,59,2016-04-30,8,2,2,0,0.6170635910,1.3829364090
statsbomb,129,2016-04-30,16,8,3,0,1.0835192950,1.9164807050
statsbomb,130,2016-04-30,9,7,0,0,2.1118723740,-2.1118723740
statsbomb,135,2016-04-30,9,0,0,0,0.4304813660,-0.4304813660
statsbomb,136,2016-04-30,6,2,0,0,0.6387432785,-0.6387432785
statsbomb,137,2016-04-30,6,2,2,0,0.2913026665,1.7086973335
statsbomb,139,2016-04-30,11,6,3,0,0.7221161075,2.2778838925
statsbomb,140,2016-04-30,14,5,0,0,1.2184652190,-1.2184652190
statsbomb,142,2016-04-30,9,5,2,0,0.8250170670,1.1749829330
statsbomb,143,2016-04-30,14,5,1,0,0.8215573590,0.1784426410
statsbomb,144,2016-04-30,18,4,1,0,1.6330790790,-0.6330790790
statsbomb,156,2016-04-30,16,6,2,0,2.0235596780,-0.0235596780
statsbomb,160,2016-04-30,6,2,1,0,0.3605446690,0.6394553310
statsbomb,165,2016-04-30,13,3,0,0,0.6156237800,-0.6156237800
statsbomb,173,2016-04-30,8,3,1,0,0.4979404740,0.5020595260
statsbomb,208,2016-04-30,11,5,2,0,1.3082560840,0.6917439160
statsbomb,210,2016-04-30,11,4,0,0,0.4463987040,-0.4463987040
statsbomb,212,2016-04-30,12,6,1,0,0.7438623740,0.2561376260
statsbomb,217,2016-04-30,12,4,2,0,2.1339119740,-0.1339119740
statsbomb,218,2016-04-30,2,1,0,0,0.0855374070,-0.0855374070
statsbomb,220,2016-04-30,18,6,1,0,1.1601050865,-0.1601050865
statsbomb,230,2016-04-30,13,4,1,0,1.3978067557,-0.3978067557
statsbomb,231,2016-04-30,10,4,0,0,0.9088484326,-0.9088484326
statsbomb,239,2016-04-30,20,5,0,0,0.8908363000,-0.8908363000
statsbomb,241,2016-04-30,15,6,5,0,1.2982920550,3.7017079450
statsbomb,360,2016-04-30,13,2,0,0,0.7872316530,-0.7872316530
statsbomb,904,2016-04-30,19,8,2,0,1.7105866080,0.2894133920
statsbomb,1049,2016-04-30,14,5,3,0,1.3984104100,1.6015895900
statsbomb,2736,2016-04-30,7,2,0,0,0.5828067520,-0.5828067520
statsbomb,22,2016-05-01,14,3,1,0,1.1321012780,-0.1321012780
statsbomb,24,2016-05-01,10,3,1,0,0.7833185450,0.2166814550
statsbomb,25,2016-05-01,15,7,4,0,3.0338500690,0.9661499310
statsbomb,26,2016-05-01,19,9,3,0,1.8349364000,1.1650636000
statsbomb,36,2016-05-01,6,5,2,0,0.7558615080,1.2441384920
statsbomb,39,2016-05-01,21,6,1,0,1.2500651834,-0.2500651834
statsbomb,145,2016-05-01,13,1,0,0,0.6115342900,-0.6115342900
statsbomb,147,2016-05-01,12,4,1,0,1.1250196000,-0.1250196000
statsbomb,207,2016-05-01,7,1,0,0,0.3200222180,-0.3200222180
statsbomb,209,2016-05-01,5,2,1,0,0.4376930490,0.5623069510
statsbomb,213,2016-05-01,7,0,0,0,0.3813454968,-0.3813454968
statsbomb,214,2016-05-01,12,7,1,0,1.5069880090,-0.5069880090
statsbomb,215,2016-05-01,11,2,2,1,1.4149671192,0.5850328808
statsbomb,216,2016-05-01,9,5,2,0,0.8519139660,1.1480860340
statsbomb,219,2016-05-01,15,5,0,0,0.6608369730,-0.6608369730
statsbomb,222,2016-05-01,8,3,2,0,1.0445156200,0.9554843800
statsbomb,224,2016-05-01,21,3,2,0,1.3062106793,0.6937893207
statsbomb,226,2016-05-01,16,2,0,0,0.8375571670,-0.8375571670
statsbomb,232,2016-05-01,6,1,1,0,0.4982255480,0.5017744520
statsbomb,234,2016-05-01,8,4,0,0,0.4257015495,-0.4257015495
statsbomb,236,2016-05-01,9,4,2,1,1.7994482414,0.2005517586
statsbomb,238,2016-05-01,16,5,0,0,0.9534981699,-0.9534981699
statsbomb,240,2016-05-01,16,5,0,0,0.8637434420,-0.8637434420
statsbomb,243,2016-05-01,24,11,3,1,4.4283838885,-1.4283838885
statsbomb,290,2016-05-01,5,1,0,0,0.8696666530,-0.8696666530
statsbomb,291,2016-05-01,9,4,3,0,0.4151378450,2.5848621550
statsbomb,1683,2016-05-01,11,2,0,0,0.4303472593,-0.4303472593
statsbomb,2256,2016-05-01,10,4,1,0,1.0757859300,-0.0757859300
statsbomb,33,2016-05-02,13,5,2,0,0.7747377980,1.2252622020
statsbomb,38,2016-05-02,16,5,2,0,2.3209552860,-0.3209552860
statsbomb,221,2016-05-02,11,4,1,0,1.8006799540,-0.8006799540
statsbomb,223,2016-05-02,24,9,3,0,2.4141460930,0.5858539070
statsbomb,227,2016-05-02,18,10,2,0,2.0295341410,-0.0295341410
statsbomb,228,2016-05-02,4,2,1,0,0.3060033320,0.6939966680
statsbomb,229,2016-05-02,20,9,3,0,2.4298768770,0.5701231230
statsbomb,233,2016-05-02,14,5,2,0,1.3544740946,0.6455259054
statsbomb,22,2016-05-07,32,8,3,1,4.4380424450,-1.4380424450
statsbomb,26,2016-05-07,14,6,4,0,2.7636224190,1.2363775810
statsbomb,27,2016-05-07,12,4,1,0,1.6877456880,-0.6877456880
statsbomb,28,2016-05-07,13,5,1,0,0.9816689474,0.0183310526
statsbomb,29,2016-05-07,10,5,1,0,1.3808291870,-0.3808291870
statsbomb,30,2016-05-07,12,3,1,0,1.1962769785,-0.1962769785
statsbomb,31,2016-05-07,17,4,2,0,1.2387485570,0.7612514430
statsbomb,33,2016-05-07,9,8,2,0,1.1584543105,0.8415456895
statsbomb,37,2016-05-07,9,3,0,0,0.9650342650,-0.9650342650
statsbomb,39,2016-05-07,15,2,1,0,1.3131619790,-0.3131619790
statsbomb,40,2016-05-07,26,7,0,0,2.8394378160,-2.8394378160
statsbomb,41,2016-05-07,14,4,3,0,0.9662939280,2.0337060720
statsbomb,56,2016-05-07,9,2,0,0,0.7573419270,-0.7573419270
statsbomb,59,2016-05-07,2,0,0,0,0.0154808238,-0.0154808238
statsbomb,129,2016-05-07,11,1,1,0,0.7710758440,0.2289241560
statsbomb,130,2016-05-07,14,4,1,0,1.2776656260,-0.2776656260
statsbomb,131,2016-05-07,9,6,4,0,1.7456190650,2.2543809350
statsbomb,133,2016-05-07,4,1,0,0,0.1269803890,-0.1269803890
statsbomb,134,2016-05-07,10,2,0,0,0.5771187424,-0.5771187424
statsbomb,135,2016-05-07,2,0,0,0,0.2030856540,-0.2030856540
statsbomb,136,2016-05-07,12,4,2,0,1.3532015220,0.6467984780
statsbomb,137,2016-05-07,23,14,6,0,4.0972579880,1.9027420120
statsbomb,139,2016-05-07,17,5,2,0,1.4652746483,0.5347253517
statsbomb,140,2016-05-07,9,3,2,1,1.2219091235,0.7780908765
statsbomb,142,2016-05-07,2,0,0,0,0.1013523700,-0.1013523700
statsbomb,143,2016-05-07,29,7,0,0,1.4445810086,-1.4445810086
statsbomb,144,2016-05-07,16,5,1,0,0.8413184785,0.1586815215
statsbomb,145,2016-05-07,10,2,0,0,1.4131662600,-1.4131662600
statsbomb,146,2016-05-07,11,7,3,0,1.0069247260,1.9930752740
statsbomb,147,2016-05-07,21,8,1,0,2.2845134004,-1.2845134004
statsbomb,156,2016-05-07,14,2,0,0,1.1875095905,-1.1875095905
statsbomb,160,2016-05-07,7,0,0,0,0.3503328170,-0.3503328170
statsbomb,165,2016-05-07,10,2,0,0,0.8881914790,-0.8881914790
statsbomb,185,2016-05-07,14,6,2,0,0.8709105840,1.1290894160
statsbomb,238,2016-05-07,12,5,2,0,1.5928943650,0.4071056350
statsbomb,240,2016-05-07,9,1,0,0,0.4757537790,-0.4757537790
statsbomb,243,2016-05-07,16,6,1,1,1.3356058966,-0.3356058966
statsbomb,290,2016-05-07,14,2,1,0,0.9726718079,0.0273281921
statsbomb,904,2016-05-07,16,8,1,0,2.0131110667,-1.0131110667
statsbomb,2736,2016-05-07,9,6,1,0,0.8814904230,0.1185095770
statsbomb,1,2016-05-08,5,2,2,0,0.8874424560,1.1125575440
statsbomb,23,2016-05-08,14,3,0,0,1.2530252447,-1.2530252447
statsbomb,24,2016-05-08,19,5,2,0,3.1386999403,-1.1386999403
statsbomb,25,2016-05-08,10,2,2,0,0.9451822930,1.0548177070
statsbomb,36,2016-05-08,14,3,2,0,0.7382921640,1.2617078360
statsbomb,38,2016-05-08,19,6,1,0,2.3371779270,-1.3371779270
statsbomb,207,2016-05-08,17,8,2,0,1.8298262490,0.1701737510
statsbomb,208,2016-05-08,4,2,0,0,0.1868289140,-0.1868289140
statsbomb,209,2016-05-08,12,3,1,0,1.5682656520,-0.5682656520
statsbomb,210,2016-05-08,12,6,2,0,1.3381181840,0.6618818160
statsbomb,212,2016-05-08,17,5,1,0,1.4871924190,-0.4871924190
statsbomb,213,2016-05-08,12,5,1,0,1.3031585410,-0.3031585410
statsbomb,214,2016-05-08,4,1,0,0,0.4879052640,-0.4879052640
statsbomb,215,2016-05-08,9,3,0,0,0.3817546020,-0.3817546020
statsbomb,216,2016-05-08,19,9,1,0,1.4016751090,-0.4016751090
statsbomb,217,2016-05-08,14,7,5,0,2.9266806240,2.0733193760
statsbomb,218,2016-05-08,6,3,1,0,1.0605453538,-0.0605453538
statsbomb,219,2016-05-08,8,4,2,0,0.4432151310,1.5567848690
statsbomb,220,2016-05-08,15,8,3,0,2.1084640950,0.8915359050
statsbomb,221,2016-05-08,11,5,2,0,0.8251109040,1.1748890960
statsbomb,222,2016-05-08,11,4,0,0,0.6344700830,-0.6344700830
statsbomb,223,2016-05-08,13,5,0,0,0.8239747640,-0.8239747640
statsbomb,224,2016-05-08,16,5,1,1,1.6271015757,-0.6271015757
statsbomb,226,2016-05-08,12,4,2,1,2.0362597470,-0.0362597470
statsbomb,227,2016-05-08,15,6,2,0,1.7542257260,0.2457742740
statsbomb,228,2016-05-08,9,2,1,1,1.1255852080,-0.1255852080
statsbomb,229,2016-05-08,23,11,3,0,1.6067953247,1.3932046753
statsbomb,230,2016-05-08,4,2,1,0,0.4295161420,0.5704838580
statsbomb,231,2016-05-08,11,4,0,0,0.5848661150,-0.5848661150
statsbomb,232,2016-05-08,21,5,1,0,1.6030329705,-0.6030329705
statsbomb,233,2016-05-08,18,8,3,0,1.6610168394,1.3389831606
statsbomb,234,2016-05-08,12,3,0,0,0.6318611910,-0.6318611910
statsbomb,236,2016-05-08,16,5,3,0,2.3716139300,0.6283860700
statsbomb,239,2016-05-08,21,4,0,0,1.7009081439,-1.7009081439
statsbomb,241,2016-05-08,7,2,1,0,0.3879939210,0.6120060790
statsbomb,291,2016-05-08,18,4,0,0,0.9299362135,-0.9299362135
statsbomb,322,2016-05-08,22,9,1,0,2.3932929306,-1.3932929306
statsbomb,360,2016-05-08,17,5,1,0,1.2936502725,-0.2936502725
statsbomb,1041,2016-05-08,9,3,1,0,0.6117999894,0.3882000106
statsbomb,1049,2016-05-08,11,7,4,1,1.9714488560,2.0285511440
statsbomb,1683,2016-05-08,26,9,1,0,2.9883859410,-1.9883859410
statsbomb,2256,2016-05-08,4,0,0,0,0.1768250890,-0.1768250890
statsbomb,39,2016-05-10,3,2,2,0,0.8304679730,1.1695320270
statsbomb,40,2016-05-10,19,5,3,0,1.9108553430,1.0891446570
statsbomb,23,2016-05-11,13,8,2,0,2.0933786570,-0.0933786570
statsbomb,24,2016-05-11,28,8,1,0,2.4303121234,-1.4303121234
statsbomb,29,2016-05-11,17,6,0,0,1.1338910485,-1.1338910485
statsbomb,33,2016-05-11,13,7,1,0,0.7353494558,0.2646505442
statsbomb,41,2016-05-11,15,7,3,0,1.9913096856,1.0086903144
statsbomb,56,2016-05-11,18,6,3,0,2.4153928530,0.5846071470
statsbomb,131,2016-05-11,11,2,1,0,1.8955180790,-0.8955180790
statsbomb,146,2016-05-11,8,3,1,0,1.0122161730,-0.0122161730
statsbomb,207,2016-05-13,8,0,0,0,0.8070453490,-0.8070453490
statsbomb,210,2016-05-13,15,6,1,0,1.0395006574,-0.0395006574
statsbomb,129,2016-05-14,15,5,2,1,3.9128650930,-1.9128650930
statsbomb,130,2016-05-14,15,7,3,0,1.9119955670,1.0880044330
statsbomb,131,2016-05-14,19,12,4,0,3.6387438080,0.3612561920
statsbomb,133,2016-05-14,9,4,1,0,0.9772952800,0.0227047200
statsbomb,134,2016-05-14,17,7,1,0,1.6280398560,-0.6280398560
statsbomb,135,2016-05-14,12,3,0,0,0.9247030980,-0.9247030980
statsbomb,136,2016-05-14,10,3,3,0,0.8965420310,2.1034579690
statsbomb,137,2016-05-14,9,3,1,0,1.7025047560,-0.7025047560
statsbomb,139,2016-05-14,10,4,0,0,1.3733470340,-1.3733470340
statsbomb,140,2016-05-14,10,4,1,1,1.2697099648,-0.2697099648
statsbomb,142,2016-05-14,14,3,1,0,1.5210002023,-0.5210002023
statsbomb,143,2016-05-14,12,5,1,1,1.3079667580,-0.3079667580
statsbomb,144,2016-05-14,15,3,0,0,0.7472478780,-0.7472478780
statsbomb,145,2016-05-14,6,2,2,0,0.2160278570,1.7839721430
statsbomb,146,2016-05-14,11,4,0,0,1.1483027170,-1.1483027170
statsbomb,147,2016-05-14,18,6,1,0,2.5128484770,-1.5128484770
statsbomb,156,2016-05-14,14,6,4,1,2.3912833450,1.6087166550
statsbomb,160,2016-05-14,19,3,0,0,1.9617241382,-1.9617241382
statsbomb,165,2016-05-14,8,4,1,0,0.8926611620,0.1073388380
statsbomb,189,2016-05-14,21,4,2,1,3.2418109805,-1.2418109805
statsbomb,209,2016-05-14,7,4,0,0,0.4551200640,-0.4551200640
statsbomb,212,2016-05-14,11,5,2,0,1.3684048850,0.6315951150
statsbomb,213,2016-05-14,8,4,1,0,1.2351187310,-0.2351187310
statsbomb,215,2016-05-14,14,7,3,0,1.8295469860,1.1704530140
statsbomb,217,2016-05-14,12,10,3,0,2.4188895645,0.5811104355
statsbomb,219,2016-05-14,10,2,0,0,0.8121909330,-0.8121909330
statsbomb,220,2016-05-14,16,5,2,0,1.8349501170,0.1650498830
statsbomb,224,2016-05-14,24,12,5,1,2.6275682537,2.3724317463
statsbomb,227,2016-05-14,33,12,4,0,2.8076356940,1.1923643060
statsbomb,229,2016-05-14,16,9,3,0,2.5944791900,0.4055208100
statsbomb,232,2016-05-14,9,3,3,0,1.4379392020,1.5620607980
statsbomb,234,2016-05-14,7,1,0,0,0.2339781750,-0.2339781750
statsbomb,238,2016-05-14,12,6,1,0,1.3774483040,-0.3774483040
statsbomb,243,2016-05-14,15,6,1,0,1.8715485210,-0.8715485210
statsbomb,291,2016-05-14,9,2,0,0,0.8875659634,-0.8875659634
statsbomb,904,2016-05-14,10,5,3,0,3.4965765648,-0.4965765648
statsbomb,1049,2016-05-14,7,1,0,0,0.5086307070,-0.5086307070
statsbomb,2736,2016-05-14,9,5,2,0,1.0372466660,0.9627533340
statsbomb,1,2016-05-15,17,7,3,0,2.9227454330,0.0772545670
statsbomb,22,2016-05-15,19,5,1,0,1.7267637560,-0.7267637560
statsbomb,23,2016-05-15,22,6,2,1,2.0337707450,-0.0337707450
statsbomb,24,2016-05-15,7,3,1,0,0.5253348335,0.4746651665
statsbomb,25,2016-05-15,19,5,4,1,2.3921003845,1.6078996155
statsbomb,26,2016-05-15,4,1,1,0,0.1790931840,0.8209068160
statsbomb,27,2016-05-15,13,1,1,0,1.6083169380,-0.6083169380
statsbomb,29,2016-05-15,15,8,3,1,2.2703846980,0.7296153020
statsbomb,30,2016-05-15,8,5,2,0,0.4308522394,1.5691477606
statsbomb,31,2016-05-15,16,4,1,0,1.2960643910,-0.2960643910
statsbomb,33,2016-05-15,18,5,1,1,1.8959448790,-0.8959448790
statsbomb,36,2016-05-15,18,5,1,0,2.4906332370,-1.4906332370
statsbomb,37,2016-05-15,20,10,5,1,2.0784849800,2.9215150200
statsbomb,38,2016-05-15,17,5,1,0,0.8703558860,0.1296441140
statsbomb,40,2016-05-15,23,6,1,0,2.7373717505,-1.7373717505
statsbomb,41,2016-05-15,6,4,2,0,1.0632759620,0.9367240380
statsbomb,56,2016-05-15,11,2,0,0,0.7429965544,-0.7429965544
statsbomb,59,2016-05-15,6,2,0,0,0.3011219080,-0.3011219080
statsbomb,208,2016-05-15,12,7,1,0,1.6789813585,-0.6789813585
statsbomb,214,2016-05-15,10,7,4,0,2.1673004070,1.8326995930
statsbomb,216,2016-05-15,14,5,1,0,1.3897388000,-0.3897388000
statsbomb,218,2016-05-15,7,5,2,1,1.7041171860,0.2958828140
statsbomb,221,2016-05-15,11,2,1,1,1.6027164194,-0.6027164194
statsbomb,222,2016-05-15,11,5,0,0,0.7034522600,-0.7034522600
statsbomb,223,2016-05-15,14,8,4,1,2.1733854778,1.8266145222
statsbomb,226,2016-05-15,14,4,2,0,0.7337645140,1.2662354860
statsbomb,228,2016-05-15,13,3,2,0,1.0890126830,0.9109873170
statsbomb,230,2016-05-15,15,5,1,1,1.3669252360,-0.3669252360
statsbomb,231,2016-05-15,6,1,0,0,0.4196910430,-0.4196910430
statsbomb,233,2016-05-15,11,2,1,0,1.5189915320,-0.5189915320
statsbomb,236,2016-05-15,16,6,2,1,1.5606900325,0.4393099675
statsbomb,239,2016-05-15,16,5,4,0,1.4847243070,2.5152756930
statsbomb,240,2016-05-15,16,4,0,0,0.4486146167,-0.4486146167
statsbomb,241,2016-05-15,20,5,1,0,1.1654422570,-0.1654422570
statsbomb,290,2016-05-15,10,3,2,0,0.8144206820,1.1855793180
statsbomb,322,2016-05-15,13,8,2,1,2.1125361630,-0.1125361630
statsbomb,360,2016-05-15,19,9,3,0,1.8556902090,1.1443097910
statsbomb,1041,2016-05-15,16,6,2,0,1.7171238040,0.2828761960
statsbomb,1683,2016-05-15,10,5,2,1,1.3452833480,0.6547166520
statsbomb,2256,2016-05-15,5,3,3,0,0.6682182450,2.3317817550
statsbomb,28,2016-05-17,7,0,0,0,0.6514492960,-0.6514492960
statsbomb,39,2016-05-17,12,5,3,0,1.5480998154,1.4519001846
statsbomb,212,2016-05-28,18,4,1,0,2.5384069260,-1.5384069260
statsbomb,220,2016-05-28,26,7,1,0,2.5833142376,-1.5833142376
statsbomb,217,2016-08-20,29,12,6,0,3.5265039950,2.4734960050
statsbomb,218,2016-08-20,4,2,2,0,0.2266823010,1.7733176990
statsbomb,215,2016-08-28,9,4,0,0,0.5485051495,-0.5485051495
statsbomb,217,2016-08-28,11,2,1,0,1.8103361650,-0.8103361650
statsbomb,206,2016-09-10,5,4,2,0,0.3989895712,1.6010104288
statsbomb,217,2016-09-10,17,2,1,0,1.6494365015,-0.6494365015
statsbomb,205,2016-09-17,15,5,1,0,1.0866030900,-0.0866030900
statsbomb,217,2016-09-17,10,7,5,1,3.3516690180,1.6483309820
statsbomb,212,2016-09-21,9,4,1,0,0.5806340700,0.4193659300
statsbomb,217,2016-09-21,19,7,1,0,1.0345964790,-0.0345964790
statsbomb,217,2016-10-15,25,8,4,0,3.7529097750,0.2470902250
statsbomb,219,2016-10-15,7,0,0,0,0.2793662980,-0.2793662980
statsbomb,207,2016-10-22,7,4,2,0,1.0360522360,0.9639477640
statsbomb,217,2016-10-22,15,8,3,1,1.9746321940,1.0253678060
statsbomb,217,2016-10-29,15,5,1,0,1.6633421530,-0.6633421530
statsbomb,1049,2016-10-29,1,0,0,0,0.0143666970,-0.0143666970
statsbomb,213,2016-11-06,15,5,1,0,1.4141421990,-0.4141421990
statsbomb,217,2016-11-06,14,7,2,0,1.8452165150,0.1547834850
statsbomb,210,2016-11-27,18,6,1,0,1.7695519344,-0.7695519344
statsbomb,217,2016-11-27,10,2,1,0,0.5694381310,0.4305618690
statsbomb,217,2016-12-03,12,2,1,0,1.2154033360,-0.2154033360
statsbomb,220,2016-12-03,14,5,1,0,1.1099052120,-0.1099052120
statsbomb,217,2016-12-10,17,6,3,0,3.2859245860,-0.2859245860
statsbomb,422,2016-12-10,4,1,0,0,0.0884160750,-0.0884160750
statsbomb,214,2016-12-18,3,1,1,0,0.2453389530,0.7546610470
statsbomb,217,2016-12-18,14,7,4,0,2.0220036350,1.9779963650
statsbomb,217,2017-01-08,20,8,1,0,1.3762888490,-0.3762888490
statsbomb,222,2017-01-08,5,3,1,0,0.3210884640,0.6789115360
statsbomb,208,2017-01-14,7,1,0,0,0.5675792440,-0.5675792440
statsbomb,217,2017-01-14,23,10,5,0,3.3811291920,1.6188708080
statsbomb,217,2017-01-22,14,7,4,0,1.8358457140,2.1641542860
statsbomb,322,2017-01-22,14,6,0,0,0.6091129503,-0.6091129503
statsbomb,217,2017-01-29,10,4,1,0,0.9203046700,0.0796953300
statsbomb,218,2017-01-29,17,7,1,0,1.2892952456,-0.2892952456
statsbomb,215,2017-02-04,10,3,0,0,0.8227133190,-0.8227133190
statsbomb,217,2017-02-04,16,6,3,0,0.9673181533,2.0326818467
statsbomb,206,2017-02-11,9,4,0,0,1.4233462450,-1.4233462450
statsbomb,217,2017-02-11,22,9,5,0,2.8813263106,2.1186736894
statsbomb,205,2017-02-19,12,6,1,0,1.1010146220,-0.1010146220
statsbomb,217,2017-02-19,13,6,2,1,2.1399577867,-0.1399577867
statsbomb,212,2017-02-26,13,4,1,0,1.0228339810,-0.0228339810
statsbomb,217,2017-02-26,15,6,2,0,1.8263464330,0.1736535670
statsbomb,217,2017-03-01,22,10,6,0,1.7943247666,4.2056752334
statsbomb,1041,2017-03-01,5,2,1,0,1.2625950440,-0.2625950440
statsbomb,209,2017-03-04,7,2,0,0,0.4944295874,-0.4944295874
statsbomb,217,2017-03-04,19,9,5,0,2.6333433920,2.3666566080
statsbomb,217,2017-03-12,15,5,1,0,1.3406854930,-0.3406854930
statsbomb,219,2017-03-12,14,8,2,0,1.5689476622,0.4310523378
statsbomb,207,2017-03-19,6,5,2,0,0.9828353220,1.0171646780
statsbomb,217,2017-03-19,28,11,4,1,3.7157748150,0.2842251850
statsbomb,213,2017-04-05,7,3,0,0,0.6094724097,-0.6094724097
statsbomb,217,2017-04-05,13,7,3,0,1.1674662530,1.8325337470
statsbomb,217,2017-04-08,12,3,0,0,1.3241520490,-1.3241520490
statsbomb,223,2017-04-08,8,4,2,0,0.8689599740,1.1310400260
statsbomb,210,2017-04-15,14,7,1,0,0.7613255396,0.2386744604
statsbomb,217,2017-04-15,15,9,3,0,2.5430759320,0.4569240680
statsbomb,217,2017-04-23,16,9,3,0,1.7836646185,1.2163353815
statsbomb,220,2017-04-23,22,14,2,0,2.6828249190,-0.6828249190
statsbomb,217,2017-04-26,19,10,7,1,3.6614756590,3.3385243410
statsbomb,422,2017-04-26,3,2,1,0,0.0792398336,0.9207601664
statsbomb,214,2017-04-29,6,2,0,0,0.4114807480,-0.4114807480
statsbomb,217,2017-04-29,16,10,3,0,1.6724836680,1.3275163320
statsbomb,217,2017-05-06,20,8,4,1,2.5386884210,1.4613115790
statsbomb,222,2017-05-06,8,4,1,0,0.7587652090,0.2412347910
statsbomb,208,2017-05-14,11,5,1,0,0.7161056770,0.2838943230
statsbomb,217,2017-05-14,11,5,4,0,1.8670761930,2.1329238070
statsbomb,217,2017-05-21,17,10,3,1,5.0216511230,-2.0216511230
statsbomb,322,2017-05-21,9,4,2,0,1.0791186500,0.9208813500
statsbomb,220,2017-06-03,18,5,4,0,1.5717215390,2.4282784610
statsbomb,224,2017-06-03,9,4,1,0,0.4191744360,0.5808255640
statsbomb,217,2017-08-20,15,2,1,0,1.1637680150,-0.1637680150
statsbomb,218,2017-08-20,3,0,0,0,0.1911650220,-0.1911650220
statsbomb,206,2017-08-26,11,2,0,0,0.6554198910,-0.6554198910
statsbomb,217,2017-08-26,23,12,2,0,2.2130003600,-0.2130003600
statsbomb,214,2017-09-09,9,1,0,0,0.4680516310,-0.4680516310
statsbomb,217,2017-09-09,20,9,5,0,3.0948081070,1.9051918930
statsbomb,216,2017-09-16,13,4,1,0,0.6546389126,0.3453610874
statsbomb,217,2017-09-16,7,5,2,0,0.5557288660,1.4442711340
statsbomb,217,2017-09-19,11,10,6,1,2.0014582150,3.9985417850
statsbomb,322,2017-09-19,13,4,1,0,1.0321376080,-0.0321376080
statsbomb,211,2017-09-23,14,2,0,0,1.0864782077,-1.0864782077
statsbomb,217,2017-09-23,10,5,1,0,0.9824887200,0.0175112800
statsbomb,208,2017-10-01,11,1,0,0,0.5681828150,-0.5681828150
statsbomb,217,2017-10-01,22,10,3,0,3.1009647860,-0.1009647860
statsbomb,212,2017-10-14,5,4,1,0,0.3977467460,0.6022532540
statsbomb,217,2017-10-14,15,7,1,0,1.3139940530,-0.3139940530
statsbomb,217,2017-10-21,12,4,2,0,1.8173422790,0.1826577210
statsbomb,223,2017-10-21,13,5,0,0,0.7195069830,-0.7195069830
statsbomb,215,2017-10-28,17,5,0,0,1.3105435340,-1.3105435340
statsbomb,217,2017-10-28,17,5,2,0,2.6556588420,-0.6556588420
statsbomb,213,2017-11-04,8,3,1,0,0.4800702530,0.5199297470
statsbomb,217,2017-11-04,18,5,2,0,1.8726843870,0.1273156130
statsbomb,205,2017-11-18,18,7,0,0,1.2832229555,-1.2832229555
statsbomb,217,2017-11-18,11,6,3,0,1.7647279500,1.2352720500
statsbomb,207,2017-11-26,9,1,1,0,1.1002983450,-0.1002983450
statsbomb,217,2017-11-26,12,8,1,0,0.9133596747,0.0866403253
statsbomb,209,2017-12-02,10,5,2,0,1.6730030120,0.3269969880
statsbomb,217,2017-12-02,22,7,2,0,3.2979812700,-1.2979812700
statsbomb,217,2017-12-10,16,6,2,0,3.2220451620,-1.2220451620
statsbomb,222,2017-12-10,9,5,0,0,0.5665643530,-0.5665643530
statsbomb,217,2017-12-17,23,11,4,0,6.1514563350,-2.1514563350
statsbomb,219,2017-12-17,10,3,0,0,0.3108518730,-0.3108518730
statsbomb,217,2017-12-23,18,11,3,1,3.3438219910,-0.3438219910
statsbomb,220,2017-12-23,13,5,0,0,0.9102945754,-0.9102945754
statsbomb,217,2018-01-07,16,8,3,0,2.3669605710,0.6330394290
statsbomb,221,2018-01-07,9,2,0,0,0.6839044460,-0.6839044460
statsbomb,210,2018-01-14,13,6,2,0,0.8557110540,1.1442889460
statsbomb,217,2018-01-14,11,5,4,0,1.1561278670,2.8438721330
statsbomb,217,2018-01-21,14,9,5,0,2.2185755910,2.7814244090
statsbomb,218,2018-01-21,7,2,0,0,0.3481581760,-0.3481581760
statsbomb,206,2018-01-28,7,4,1,0,0.7808859424,0.2191140576
statsbomb,217,2018-01-28,18,12,2,0,2.2385854243,-0.2385854243
statsbomb,214,2018-02-04,7,2,1,0,0.5659254220,0.4340745780
statsbomb,217,2018-02-04,13,3,1,0,0.8272799130,0.1727200870
statsbomb,216,2018-02-11,10,2,0,0,0.3945332575,-0.3945332575
statsbomb,217,2018-02-11,13,6,0,0,0.9532583310,-0.9532583310
statsbomb,217,2018-02-17,10,6,2,0,2.8100771970,-0.8100771970
statsbomb,322,2018-02-17,14,3,0,0,0.6787358600,-0.6787358600
statsbomb,211,2018-02-24,10,4,1,0,0.7650665920,0.2349334080
statsbomb,217,2018-02-24,21,13,6,0,2.6437342770,3.3562657230
statsbomb,208,2018-03-01,12,1,1,1,1.2387656795,-0.2387656795
statsbomb,217,2018-03-01,10,4,1,0,1.0450223340,-0.0450223340
statsbomb,212,2018-03-04,5,1,0,0,0.1949915093,-0.1949915093
statsbomb,217,2018-03-04,17,5,1,0,1.0886138697,-0.0886138697
statsbomb,215,2018-03-18,10,3,0,0,0.6349357110,-0.6349357110
statsbomb,217,2018-03-18,17,9,2,0,1.5272114850,0.4727885150
statsbomb,213,2018-03-31,21,5,2,0,2.6078045823,-0.6078045823
statsbomb,217,2018-03-31,20,9,2,0,2.0520470650,-0.0520470650
statsbomb,205,2018-04-07,11,1,1,0,0.6557361100,0.3442638900
statsbomb,217,2018-04-07,12,6,3,0,2.2368968850,0.7631031150
statsbomb,207,2018-04-14,17,6,1,1,2.2189510706,-1.2189510706
statsbomb,217,2018-04-14,12,7,2,0,1.6317848030,0.3682151970
statsbomb,759,2018-04-15,8,3,2,0,0.9482155565,1.0517844435
statsbomb,766,2018-04-15,17,10,4,0,2.1520281520,1.8479718480
statsbomb,209,2018-04-17,18,7,2,0,2.4107103050,-0.4107103050
statsbomb,217,2018-04-17,14,6,2,0,2.1292711550,-0.1292711550
statsbomb,217,2018-04-29,21,9,4,0,3.1960888140,0.8039111860
statsbomb,219,2018-04-29,17,5,2,0,2.2408726460,-0.2408726460
statsbomb,760,2018-05-05,13,7,3,1,1.8575662670,1.1424337330
statsbomb,765,2018-05-05,24,10,2,0,3.8674888790,-1.8674888790
statsbomb,217,2018-05-06,11,4,2,0,1.0135680590,0.9864319410
statsbomb,220,2018-05-06,17,5,2,0,1.7654616890,0.2345383110
statsbomb,759,2018-05-06,11,2,0,0,1.6437809010,-1.6437809010
statsbomb,761,2018-05-06,8,2,1,0,0.5806535740,0.4193464260
statsbomb,766,2018-05-06,37,11,1,0,3.3004260836,-2.3004260836
statsbomb,767,2018-05-06,8,4,2,0,0.7476655210,1.2523344790
statsbomb,217,2018-05-09,13,6,5,0,2.9111367000,2.0888633000
statsbomb,222,2018-05-09,20,7,1,0,1.2547959040,-0.2547959040
statsbomb,759,2018-05-13,12,3,0,0,1.1852878220,-1.1852878220
statsbomb,766,2018-05-13,18,7,1,0,1.8678505570,-0.8678505570
statsbomb,210,2018-05-20,13,2,0,0,0.6855415210,-0.6855415210
statsbomb,217,2018-05-20,12,4,1,0,1.2681003600,-0.2681003600
statsbomb,763,2018-05-20,9,5,1,0,1.8359035410,-0.8359035410
statsbomb,766,2018-05-20,27,7,2,0,3.1843355920,-1.1843355920
statsbomb,764,2018-05-24,9,3,3,0,1.7138524620,1.2861475380
statsbomb,766,2018-05-24,26,5,3,0,4.3905269750,-1.3905269750
statsbomb,24,2018-05-26,14,3,1,0,1.4270669070,-0.4270669070
statsbomb,220,2018-05-26,14,6,3,0,1.6771192527,1.3228807473
statsbomb,765,2018-05-31,9,5,1,0,0.7734697744,0.2265302256
statsbomb,766,2018-05-31,18,7,4,1,4.4506495370,-0.4506495370
statsbomb,759,2018-06-03,11,4,0,0,0.6661788570,-0.6661788570
statsbomb,761,2018-06-03,10,3,2,0,1.2033679500,0.7966320500
statsbomb,763,2018-06-03,10,4,1,0,0.6129192920,0.3870807080
statsbomb,767,2018-06-03,8,4,1,0,0.5704884677,0.4295115323
statsbomb,760,2018-06-04,18,6,0,0,1.5595658030,-1.5595658030
statsbomb,762,2018-06-04,13,2,1,0,0.9599710060,0.0400289940
statsbomb,764,2018-06-04,15,2,0,0,1.5772999480,-1.5772999480
statsbomb,766,2018-06-04,7,3,1,0,0.7525156720,0.2474843280
statsbomb,796,2018-06-14,14,7,5,0,1.2816009420,3.7183990580
statsbomb,799,2018-06-14,6,0,0,0,0.2488065000,-0.2488065000
statsbomb,772,2018-06-15,12,5,3,0,1.6609466705,1.3390533295
statsbomb,774,2018-06-15,8,3,0,0,0.3644884550,-0.3644884550
statsbomb,780,2018-06-15,10,3,3,1,1.4345957890,1.5654042110
statsbomb,783,2018-06-15,16,4,1,0,1.9408185930,-0.9408185930
statsbomb,788,2018-06-15,14,3,0,0,1.0591950265,-1.0591950265
statsbomb,797,2018-06-15,8,2,0,0,0.6975558777,-0.6975558777
statsbomb,771,2018-06-16,12,4,1,1,1.5615570640,-0.5615570640
statsbomb,775,2018-06-16,13,2,0,0,0.7623215977,-0.7623215977
statsbomb,776,2018-06-16,11,3,1,0,1.1215676380,-0.1215676380
statsbomb,779,2018-06-16,28,7,1,0,2.0805182487,-1.0805182487
statsbomb,784,2018-06-16,17,6,0,0,1.9263781920,-1.9263781920
statsbomb,785,2018-06-16,11,2,1,1,1.6944666340,-0.6944666340
statsbomb,792,2018-06-16,5,2,1,1,0.9800310620,0.0199689380
statsbomb,793,2018-06-16,9,2,1,0,1.0321244945,-0.0321244945
statsbomb,770,2018-06-17,26,9,0,0,2.2992588492,-2.2992588492
statsbomb,773,2018-06-17,7,2,1,0,0.4721066513,0.5278933487
statsbomb,781,2018-06-17,21,4,1,0,1.8665897940,-0.8665897940
statsbomb,786,2018-06-17,12,2,1,0,1.9925690040,-0.9925690040
statsbomb,794,2018-06-17,12,4,1,0,0.9932887670,0.0067112330
statsbomb,795,2018-06-17,10,3,0,0,0.5960217237,-0.5960217237
statsbomb,768,2018-06-18,18,7,2,0,2.6264497450,-0.6264497450
statsbomb,777,2018-06-18,6,1,1,1,0.9456532120,0.0543467880
statsbomb,782,2018-06-18,15,6,3,0,1.2120551550,1.7879448450
statsbomb,790,2018-06-18,16,4,1,1,2.0151244560,-1.0151244560
statsbomb,791,2018-06-18,5,0,0,0,0.4143720210,-0.4143720210
statsbomb,798,2018-06-18,7,2,0,0,0.6253549800,-0.6253549800
statsbomb,769,2018-06-19,10,3,1,0,0.8062560290,0.1937439710
statsbomb,774,2018-06-19,15,2,1,1,1.6975182530,-0.6975182530
statsbomb,778,2018-06-19,14,6,2,1,2.3206739600,-0.3206739600
statsbomb,787,2018-06-19,7,1,1,0,1.4277506340,-0.4277506340
statsbomb,789,2018-06-19,10,3,1,0,1.0423233840,-0.0423233840
statsbomb,796,2018-06-19,12,4,2,0,0.9811507970,1.0188492030
statsbomb,772,2018-06-20,18,3,1,0,2.1969543835,-1.1969543835
statsbomb,780,2018-06-20,12,2,1,0,0.8849862430,0.1150137570
statsbomb,783,2018-06-20,14,3,1,0,1.8073869310,-0.8073869310
statsbomb,788,2018-06-20,17,4,0,0,1.4551028735,-1.4551028735
statsbomb,797,2018-06-20,6,0,0,0,0.4264592360,-0.4264592360
statsbomb,799,2018-06-20,8,2,0,0,0.2734858323,-0.2734858323
statsbomb,771,2018-06-21,12,4,1,0,1.8624195560,-0.8624195560
statsbomb,776,2018-06-21,10,5,1,0,1.0144447740,-0.0144447740
statsbomb,779,2018-06-21,10,3,0,0,1.2180579430,-1.2180579430
statsbomb,784,2018-06-21,12,2,0,0,0.6252212350,-0.6252212350
statsbomb,785,2018-06-21,14,5,3,0,1.8317100520,1.1682899480
statsbomb,792,2018-06-21,13,5,1,1,1.4121918910,-0.4121918910
statsbomb,773,2018-06-22,19,5,2,0,1.5573086895,0.4426913105
statsbomb,775,2018-06-22,17,4,2,0,1.3121593260,0.6878406740
statsbomb,781,2018-06-22,23,9,2,0,3.0963627985,-1.0963627985
statsbomb,786,2018-06-22,12,3,1,0,1.1534852780,-0.1534852780
statsbomb,793,2018-06-22,10,3,0,0,1.5521619670,-1.5521619670
statsbomb,795,2018-06-22,4,0,0,0,0.1586934150,-0.1586934150
statsbomb,770,2018-06-23,18,5,2,0,1.3180848320,0.6819151680
statsbomb,777,2018-06-23,17,5,2,0,1.1881780826,0.8118219174
statsbomb,782,2018-06-23,23,11,5,1,5.3364222050,-0.3364222050
statsbomb,790,2018-06-23,7,6,1,0,0.8151666950,0.1848333050
statsbomb,791,2018-06-23,17,6,1,0,0.8217932520,0.1782067480
statsbomb,794,2018-06-23,14,5,2,1,1.8775517200,0.1224482800
statsbomb,768,2018-06-24,11,7,6,2,3.1683210310,2.8316789690
statsbomb,769,2018-06-24,13,3,3,0,1.3869427573,1.6130572427
statsbomb,778,2018-06-24,7,3,2,0,0.9821929960,1.0178070040
statsbomb,787,2018-06-24,15,7,2,0,1.8782642930,0.1217357070
statsbomb,789,2018-06-24,11,2,0,0,1.1141978380,-1.1141978380
statsbomb,798,2018-06-24,8,2,1,0,1.0800387518,-0.0800387518
statsbomb,772,2018-06-25,18,3,2,0,2.6044931000,-0.6044931000
statsbomb,774,2018-06-25,8,1,1,0,0.9237259400,0.0762740600
statsbomb,780,2018-06-25,15,4,1,0,1.5224178248,-0.5224178248
statsbomb,783,2018-06-25,16,6,2,0,2.4825809298,-0.4825809298
statsbomb,788,2018-06-25,8,3,2,0,1.0717606750,0.9282393250
statsbomb,796,2018-06-25,3,1,0,0,0.1801845310,-0.1801845310
statsbomb,797,2018-06-25,9,2,1,1,1.5769696040,-0.5769696040
statsbomb,799,2018-06-25,21,7,2,1,2.5458154760,-0.5458154760
statsbomb,771,2018-06-26,11,4,0,0,0.4181404950,-0.4181404950
statsbomb,775,2018-06-26,9,3,1,1,1.3053451810,-0.3053451810
statsbomb,776,2018-06-26,5,1,0,0,0.1389580848,-0.1389580848
statsbomb,779,2018-06-26,8,3,2,0,0.8505598590,1.1494401410
statsbomb,784,2018-06-26,4,3,2,0,0.3363750876,1.6636249124
statsbomb,785,2018-06-26,13,2,2,0,0.6739287970,1.3260712030
statsbomb,792,2018-06-26,16,2,0,0,1.6292696250,-1.6292696250
statsbomb,793,2018-06-26,17,6,1,1,2.1326869015,-1.1326869015
statsbomb,770,2018-06-27,29,6,0,0,2.7064005620,-2.7064005620
statsbomb,773,2018-06-27,13,3,2,0,1.2196792517,0.7803207483
statsbomb,781,2018-06-27,15,7,2,0,1.4198091820,0.5801908180
statsbomb,786,2018-06-27,11,1,0,0,0.9483194610,-0.9483194610
statsbomb,790,2018-06-27,15,5,2,1,2.7904868150,-0.7904868150
statsbomb,791,2018-06-27,12,5,2,0,1.7746302820,0.2253697180
statsbomb,794,2018-06-27,22,3,0,0,1.6107035277,-1.6107035277
statsbomb,795,2018-06-27,14,6,1,0,1.5762126850,-0.5762126850
statsbomb,768,2018-06-28,12,1,0,0,1.2006863693,-1.2006863693
statsbomb,769,2018-06-28,4,2,1,0,0.2848618700,0.7151381300
statsbomb,777,2018-06-28,15,6,2,0,2.8524550040,-0.8524550040
statsbomb,778,2018-06-28,11,3,0,0,0.8906295785,-0.8906295785
statsbomb,782,2018-06-28,14,3,1,0,0.9653343230,0.0346656770
statsbomb,787,2018-06-28,7,3,0,0,0.3608650740,-0.3608650740
statsbomb,789,2018-06-28,11,2,1,0,1.0407140510,-0.0407140510
statsbomb,798,2018-06-28,9,4,0,0,0.6907955865,-0.6907955865
statsbomb,764,2018-06-30,14,5,0,0,0.9823782440,-0.9823782440
statsbomb,766,2018-06-30,17,7,3,0,1.3706165950,1.6293834050
statsbomb,771,2018-06-30,9,4,4,1,1.6380270320,2.3619729680
statsbomb,779,2018-06-30,12,4,3,0,1.4465594470,1.5534405530
statsbomb,780,2018-06-30,21,4,1,0,0.9955767281,0.0044232719
statsbomb,783,2018-06-30,7,3,2,0,0.4760079410,1.5239920590
statsbomb,760,2018-07-01,17,9,1,0,1.7476126343,-0.7476126343
statsbomb,763,2018-07-01,6,3,1,0,0.3124561430,0.6875438570
statsbomb,765,2018-07-01,7,0,0,0,1.2935135413,-1.2935135413
statsbomb,767,2018-07-01,11,5,3,0,1.1914932070,1.8085067930
statsbomb,772,2018-07-01,24,9,0,0,1.4411031540,-1.4411031540
statsbomb,776,2018-07-01,14,3,1,0,0.6964947550,0.3035052450
statsbomb,785,2018-07-01,21,6,1,0,2.1702355980,-1.1702355980
statsbomb,796,2018-07-01,8,1,1,1,1.4064268090,-0.4064268090
statsbomb,759,2018-07-02,19,2,0,0,1.6861822625,-1.6861822625
statsbomb,761,2018-07-02,19,10,2,0,2.6380419840,-0.6380419840
statsbomb,778,2018-07-02,12,4,2,0,0.6937694522,1.3062305478
statsbomb,781,2018-07-02,19,10,2,0,3.3204212680,-1.3204212680
statsbomb,782,2018-07-02,28,7,3,0,2.9178317195,0.0821682805
statsbomb,794,2018-07-02,14,1,0,0,0.5827998200,-0.5827998200
statsbomb,768,2018-07-03,17,2,1,1,2.2442898480,-1.2442898480
statsbomb,769,2018-07-03,14,4,1,0,0.8311502155,0.1688497845
statsbomb,773,2018-07-03,16,3,0,0,0.5329880485,-0.5329880485
statsbomb,790,2018-07-03,12,3,1,0,0.9104660110,0.0895339890
statsbomb,761,2018-07-05,17,3,1,1,1.8953038805,-0.8953038805
statsbomb,766,2018-07-05,19,7,4,0,2.5700205890,1.4299794110
statsbomb,771,2018-07-06,11,2,2,0,0.5387829577,1.4612170423
statsbomb,781,2018-07-06,25,9,1,0,2.6091956662,-1.6091956662
statsbomb,782,2018-07-06,8,3,1,0,0.4052561330,0.5947438670
statsbomb,783,2018-07-06,10,4,0,0,0.6931952780,-0.6931952780
statsbomb,765,2018-07-07,10,6,4,0,1.3414368666,2.6585631334
statsbomb,767,2018-07-07,7,3,0,0,0.7896575040,-0.7896575040
statsbomb,768,2018-07-07,12,2,2,0,0.7582359900,1.2417640100
statsbomb,785,2018-07-07,18,4,2,0,1.6504745760,0.3495254240
statsbomb,790,2018-07-07,8,3,0,0,0.8341866390,-0.8341866390
statsbomb,796,2018-07-07,13,6,2,0,1.0709391220,0.9290608780
statsbomb,759,2018-07-08,15,5,1,0,0.8985164135,0.1014835865
statsbomb,760,2018-07-08,13,7,3,1,2.2791694850,0.7208305150
statsbomb,761,2018-07-08,18,10,3,0,3.3914719200,-0.3914719200
statsbomb,762,2018-07-08,12,4,1,0,0.9945245140,0.0054754860
statsbomb,763,2018-07-08,10,5,1,0,1.2185178568,-0.2185178568
statsbomb,764,2018-07-08,29,11,2,0,2.5245627165,-0.5245627165
statsbomb,771,2018-07-10,19,5,1,0,1.6816867640,-0.6816867640
statsbomb,782,2018-07-10,9,2,0,0,0.5668682940,-0.5668682940
statsbomb,768,2018-07-11,11,1,1,0,0.5466641000,0.4533359000
statsbomb,785,2018-07-11,22,7,2,0,2.1413194335,-0.1413194335
statsbomb,759,2018-07-12,6,2,0,0,0.5044427160,-0.5044427160
statsbomb,760,2018-07-12,9,1,1,0,0.8643319830,0.1356680170
statsbomb,762,2018-07-12,17,8,3,0,2.1762881720,0.8237118280
statsbomb,764,2018-07-12,23,6,1,0,1.9481686910,-0.9481686910
statsbomb,766,2018-07-12,23,6,2,0,2.8126752670,-0.8126752670
statsbomb,767,2018-07-12,11,0,0,0,0.8618281440,-0.8618281440
statsbomb,768,2018-07-14,15,5,0,0,1.3353566250,-1.3353566250
statsbomb,782,2018-07-14,11,4,2,0,1.3206584600,0.6793415400
statsbomb,760,2018-07-15,14,3,0,0,1.8574567800,-1.8574567800
statsbomb,761,2018-07-15,19,6,1,0,1.2706251800,-0.2706251800
statsbomb,763,2018-07-15,12,5,0,0,1.2706184763,-1.2706184763
statsbomb,764,2018-07-15,13,5,2,1,1.9851523913,0.0148476087
statsbomb,766,2018-07-15,25,12,4,0,4.6975879950,-0.6975879950
statsbomb,767,2018-07-15,9,3,1,0,1.0820276636,-0.0820276636
statsbomb,771,2018-07-15,8,6,3,1,1.0979636080,1.9020363920
statsbomb,785,2018-07-15,15,3,2,0,1.4802876897,0.5197123103
statsbomb,762,2018-07-16,8,3,1,0,1.3783503460,-0.3783503460
statsbomb,765,2018-07-16,19,9,3,0,2.6051330360,0.3948669640
statsbomb,766,2018-07-21,19,2,0,0,1.5986321180,-1.5986321180
statsbomb,767,2018-07-21,5,1,0,0,0.3008274273,-0.3008274273
statsbomb,763,2018-07-22,17,5,1,0,2.4340622700,-1.4340622700
statsbomb,765,2018-07-22,10,3,2,0,1.2191874140,0.7808125860
statsbomb,759,2018-08-06,13,2,0,0,1.2228902960,-1.2228902960
statsbomb,760,2018-08-06,21,6,2,0,2.9110055450,-0.9110055450
statsbomb,762,2018-08-06,16,5,1,0,1.1311862310,-0.1311862310
statsbomb,763,2018-08-06,9,6,2,0,1.6375054310,0.3624945690
statsbomb,764,2018-08-06,23,7,2,0,5.0802632130,-3.0802632130
statsbomb,767,2018-08-06,9,5,2,0,1.2362443290,0.7637556710
statsbomb,759,2018-08-09,6,2,0,0,0.3928227170,-0.3928227170
statsbomb,767,2018-08-09,19,8,1,0,1.5232858890,-0.5232858890
statsbomb,761,2018-08-11,12,1,1,0,0.9400071980,0.0599928020
statsbomb,766,2018-08-11,17,4,1,0,1.1445635270,-0.1445635270
statsbomb,764,2018-08-12,13,5,0,0,0.9715989930,-0.9715989930
statsbomb,765,2018-08-12,18,3,2,0,2.8293482883,-0.8293482883
statsbomb,206,2018-08-18,3,0,0,0,0.2921096140,-0.2921096140
statsbomb,217,2018-08-18,25,9,3,0,2.6599242000,0.3400758000
statsbomb,217,2018-08-25,11,5,1,0,0.7582223710,0.2417776290
statsbomb,901,2018-08-25,7,4,0,0,0.3382008800,-0.3382008800
statsbomb,217,2018-09-02,30,16,7,1,4.5135697430,2.4864302570
statsbomb,902,2018-09-02,7,4,2,0,1.2647428640,0.7352571360
statsbomb,746,2018-09-09,16,3,0,0,1.2317235427,-1.2317235427
statsbomb,965,2018-09-09,5,2,0,0,0.8678992910,-0.8678992910
statsbomb,966,2018-09-09,9,3,0,0,0.5916091880,-0.5916091880
statsbomb,967,2018-09-09,6,1,0,0,0.6330055400,-0.6330055400
statsbomb,968,2018-09-09,21,8,4,0,3.3164402270,0.6835597730
statsbomb,969,2018-09-09,18,4,1,0,1.6276351030,-0.6276351030
statsbomb,970,2018-09-09,6,3,0,0,0.9073210750,-0.9073210750
statsbomb,971,2018-09-09,15,6,0,0,0.9513358280,-0.9513358280
statsbomb,973,2018-09-09,8,3,1,0,0.3947943147,0.6052056853
statsbomb,974,2018-09-09,29,7,4,1,3.1664399680,0.8335600320
statsbomb,210,2018-09-15,8,4,1,0,0.9144120350,0.0855879650
statsbomb,217,2018-09-15,12,6,2,0,1.3981652270,0.6018347730
statsbomb,968,2018-09-19,24,11,6,0,2.6784327410,3.3215672590
statsbomb,970,2018-09-19,5,2,0,0,0.8170286710,-0.8170286710
statsbomb,971,2018-09-19,25,7,0,0,1.9938865049,-1.9938865049
statsbomb,972,2018-09-19,9,2,0,0,0.7208190240,-0.7208190240
statsbomb,973,2018-09-19,2,1,0,0,0.0383446830,-0.0383446830
statsbomb,974,2018-09-19,13,6,0,0,1.0372642160,-1.0372642160
statsbomb,746,2018-09-20,27,8,4,0,1.9301108640,2.0698891360
statsbomb,967,2018-09-20,12,3,0,0,0.6210300073,-0.6210300073
statsbomb,211,2018-09-23,7,5,2,0,1.0692023150,0.9307976850
statsbomb,217,2018-09-23,21,10,2,0,1.5024852240,0.4975147760
statsbomb,746,2018-09-23,36,11,2,1,4.2177591341,-2.2177591341
statsbomb,965,2018-09-23,8,3,0,0,0.5694849610,-0.5694849610
statsbomb,966,2018-09-23,8,2,1,0,0.4040777403,0.5959222597
statsbomb,967,2018-09-23,8,3,0,0,0.5314083835,-0.5314083835
statsbomb,968,2018-09-23,25,11,4,0,4.6533013960,-0.6533013960
statsbomb,969,2018-09-23,18,9,1,0,2.0609874635,-1.0609874635
statsbomb,971,2018-09-23,20,6,0,0,2.1547003790,-2.1547003790
statsbomb,972,2018-09-23,8,4,3,0,0.9098995333,2.0901004667
statsbomb,973,2018-09-23,6,4,2,0,1.1127019030,0.8872980970
statsbomb,974,2018-09-23,16,4,0,0,1.7814568070,-1.7814568070
statsbomb,205,2018-09-26,9,6,2,0,1.0709114620,0.9290885380
statsbomb,217,2018-09-26,9,5,1,0,0.5520772370,0.4479227630
statsbomb,215,2018-09-29,8,2,1,0,0.4852281500,0.5147718500
statsbomb,217,2018-09-29,20,7,1,0,2.7532440960,-1.7532440960
statsbomb,746,2018-09-30,17,7,3,0,1.5515442045,1.4484557955
statsbomb,965,2018-09-30,14,7,0,0,0.8336114490,-0.8336114490
statsbomb,966,2018-09-30,4,2,0,0,0.1791112350,-0.1791112350
statsbomb,969,2018-09-30,9,6,1,0,0.7885230850,0.2114769150
statsbomb,970,2018-09-30,10,2,1,0,1.6526773765,-0.6526773765
statsbomb,971,2018-09-30,24,9,2,0,2.2230242066,-0.2230242066
statsbomb,972,2018-09-30,19,7,2,0,2.3587503210,-0.3587503210
statsbomb,974,2018-09-30,17,5,1,0,0.9572960070,0.0427039930
statsbomb,207,2018-10-07,10,3,1,0,1.3763194670,-0.3763194670
statsbomb,217,2018-10-07,10,5,1,0,0.3969471125,0.6030528875
statsbomb,746,2018-10-14,14,10,6,0,2.8294338074,3.1705661926
statsbomb,965,2018-10-14,11,8,3,0,1.8218273432,1.1781726568
statsbomb,966,2018-10-14,32,13,1,0,2.6166917230,-1.6166917230
statsbomb,967,2018-10-14,12,5,3,0,1.0006967290,1.9993032710
statsbomb,968,2018-10-14,12,8,5,1,1.9831136460,3.0168863540
statsbomb,969,2018-10-14,17,4,1,0,2.1781805370,-1.1781805370
statsbomb,970,2018-10-14,6,4,1,0,0.2969811575,0.7030188425
statsbomb,971,2018-10-14,13,5,0,0,0.8518709150,-0.8518709150
statsbomb,972,2018-10-14,12,3,1,0,1.3414481400,-0.3414481400
statsbomb,213,2018-10-20,19,6,1,0,1.6889730940,-0.6889730940
statsbomb,217,2018-10-20,23,9,4,1,2.3974202783,1.6025797217
statsbomb,746,2018-10-21,22,10,6,0,3.1836332690,2.8163667310
statsbomb,965,2018-10-21,13,1,0,0,1.4240956934,-1.4240956934
statsbomb,966,2018-10-21,11,7,1,0,2.5407293030,-1.5407293030
statsbomb,968,2018-10-21,22,8,6,0,4.2991669576,1.7008330424
statsbomb,969,2018-10-21,2,0,0,0,0.0528802420,-0.0528802420
statsbomb,970,2018-10-21,8,5,1,0,0.5091496290,0.4908503710
statsbomb,971,2018-10-21,22,8,0,0,2.7711120580,-2.7711120580
statsbomb,972,2018-10-21,9,3,0,0,0.7349886340,-0.7349886340
statsbomb,973,2018-10-21,15,5,2,0,1.4751481023,0.5248518977
statsbomb,974,2018-10-21,4,1,0,0,0.4095926960,-0.4095926960
statsbomb,746,2018-10-26,23,9,1,0,1.5200539984,-0.5200539984
statsbomb,974,2018-10-26,22,4,1,0,1.6635934025,-0.6635934025
statsbomb,965,2018-10-28,19,9,2,0,2.5929720516,-0.5929720516
statsbomb,966,2018-10-28,7,4,0,0,0.3551585060,-0.3551585060
statsbomb,967,2018-10-28,11,4,1,0,0.6852590072,0.3147409928
statsbomb,968,2018-10-28,25,15,4,0,4.0274358250,-0.0274358250
statsbomb,970,2018-10-28,7,3,1,0,1.3621886570,-0.3621886570
statsbomb,971,2018-10-28,22,6,1,0,1.8513067200,-0.8513067200
statsbomb,972,2018-10-28,16,6,2,0,2.7487817160,-0.7487817160
statsbomb,973,2018-10-28,4,0,0,0,0.0979806100,-0.0979806100
statsbomb,746,2018-11-04,17,5,2,1,2.2710324280,-0.2710324280
statsbomb,966,2018-11-04,5,2,0,0,0.1289744490,-0.1289744490
statsbomb,967,2018-11-04,35,13,0,0,2.3322987130,-2.3322987130
statsbomb,968,2018-11-04,15,7,3,1,2.1440927250,0.8559072750
statsbomb,969,2018-11-04,5,2,1,0,0.2661173980,0.7338826020
statsbomb,970,2018-11-04,7,4,0,0,0.2351919049,-0.2351919049
statsbomb,971,2018-11-04,15,5,2,0,1.7962342340,0.2037657660
statsbomb,972,2018-11-04,6,0,0,0,0.4408835250,-0.4408835250
statsbomb,973,2018-11-04,7,1,0,0,0.3206228820,-0.3206228820
statsbomb,974,2018-11-04,14,8,3,0,1.2469152600,1.7530847400
statsbomb,217,2018-11-11,20,5,3,1,4.1727013690,-1.1727013690
statsbomb,218,2018-11-11,15,8,4,0,2.0215838760,1.9784161240
statsbomb,966,2018-11-17,12,5,1,0,1.1094336690,-0.1094336690
statsbomb,973,2018-11-17,9,4,2,0,1.1400002040,0.8599997960
statsbomb,965,2018-11-18,3,2,1,0,0.2874503965,0.7125496035
statsbomb,967,2018-11-18,8,3,0,0,1.0995317130,-1.0995317130
statsbomb,968,2018-11-18,22,12,4,0,3.6746760370,0.3253239630
statsbomb,969,2018-11-18,13,6,3,0,1.8776156100,1.1223843900
statsbomb,970,2018-11-18,1,1,0,0,0.0789325100,-0.0789325100
statsbomb,971,2018-11-18,43,16,5,0,3.8641339706,1.1358660294
statsbomb,972,2018-11-18,12,4,0,0,1.9956306010,-1.9956306010
statsbomb,974,2018-11-18,17,7,3,0,1.0216107080,1.9783892920
statsbomb,212,2018-11-24,3,1,1,0,0.1419699050,0.8580300950
statsbomb,217,2018-11-24,7,2,1,0,0.2964781920,0.7035218080
statsbomb,746,2018-11-25,35,14,4,0,4.0658701290,-0.0658701290
statsbomb,965,2018-11-25,4,2,1,0,1.0821267500,-0.0821267500
statsbomb,966,2018-11-25,7,2,0,0,0.3806646270,-0.3806646270
statsbomb,967,2018-11-25,11,4,1,0,1.0660822700,-0.0660822700
statsbomb,968,2018-11-25,30,13,4,0,2.8652301170,1.1347698830
statsbomb,969,2018-11-25,14,7,2,0,1.1205109900,0.8794890100
statsbomb,970,2018-11-25,11,6,0,0,1.3260776750,-1.3260776750
statsbomb,972,2018-11-25,14,5,2,0,1.6505914500,0.3494085500
statsbomb,973,2018-11-25,7,5,0,0,0.3481336250,-0.3481336250
statsbomb,974,2018-11-25,14,5,2,0,1.3541333857,0.6458666143
statsbomb,217,2018-12-02,15,7,2,0,1.0838477350,0.9161522650
statsbomb,222,2018-12-02,12,2,0,0,0.8975263570,-0.8975263570
statsbomb,746,2018-12-02,10,3,2,0,0.9942718198,1.0057281802
statsbomb,965,2018-12-02,14,1,0,0,0.7826352270,-0.7826352270
statsbomb,966,2018-12-02,14,5,1,0,2.1828300940,-1.1828300940
statsbomb,967,2018-12-02,13,6,2,0,0.9233377720,1.0766622280
statsbomb,968,2018-12-02,17,4,0,0,1.2282117360,-1.2282117360
statsbomb,969,2018-12-02,21,10,1,0,1.3579250590,-0.3579250590
statsbomb,970,2018-12-02,6,3,1,0,0.7146060920,0.2853939080
statsbomb,971,2018-12-02,19,6,1,0,2.0103886726,-1.0103886726
statsbomb,972,2018-12-02,9,5,1,0,0.8987843806,0.1012156194
statsbomb,974,2018-12-02,7,2,0,0,0.4630816310,-0.4630816310
statsbomb,214,2018-12-08,15,3,0,0,1.2246888890,-1.2246888890
statsbomb,217,2018-12-08,17,9,4,0,2.3132187270,1.6867812730
statsbomb,746,2018-12-09,8,3,1,0,0.7383918604,0.2616081396
statsbomb,965,2018-12-09,9,3,0,0,0.6576828940,-0.6576828940
statsbomb,966,2018-12-09,7,3,2,0,1.2878935390,0.7121064610
statsbomb,967,2018-12-09,11,3,0,0,0.7129671440,-0.7129671440
statsbomb,969,2018-12-09,14,5,0,0,0.4344604875,-0.4344604875
statsbomb,970,2018-12-09,11,5,0,0,0.4400759113,-0.4400759113
statsbomb,971,2018-12-09,22,11,4,0,2.5992638750,1.4007361250
statsbomb,972,2018-12-09,20,7,5,0,3.0621848960,1.9378151040
statsbomb,973,2018-12-09,15,5,2,0,0.8863792500,1.1136207500
statsbomb,974,2018-12-09,26,6,2,0,0.9501061953,1.0498938047
statsbomb,217,2018-12-16,16,9,5,0,2.9769174072,2.0230825928
statsbomb,221,2018-12-16,20,6,0,0,1.1649570940,-1.1649570940
statsbomb,209,2018-12-22,11,3,0,0,0.8996077410,-0.8996077410
statsbomb,217,2018-12-22,9,4,2,0,1.1343973630,0.8656026370
statsbomb,216,2019-01-06,10,2,1,0,1.5908359880,-0.5908359880
statsbomb,217,2019-01-06,13,8,2,0,1.7478493250,0.2521506750
statsbomb,746,2019-01-06,23,3,1,0,2.1579441630,-1.1579441630
statsbomb,965,2019-01-06,19,7,2,0,2.2920227357,-0.2920227357
statsbomb,966,2019-01-06,6,0,0,0,0.3995959536,-0.3995959536
statsbomb,967,2019-01-06,9,3,0,0,0.6501686794,-0.6501686794
statsbomb,968,2019-01-06,17,7,4,0,2.1804216060,1.8195783940
statsbomb,969,2019-01-06,13,5,2,0,1.4469906640,0.5530093360
statsbomb,971,2019-01-06,23,9,3,0,2.4991646450,0.5008353550
statsbomb,972,2019-01-06,7,3,2,0,0.4122016950,1.5877983050
statsbomb,973,2019-01-06,5,3,1,1,0.9696828697,0.0303171303
statsbomb,974,2019-01-06,15,3,0,0,1.3252347070,-1.3252347070
statsbomb,217,2019-01-13,7,6,3,0,1.1677537300,1.8322462700
statsbomb,322,2019-01-13,16,2,0,0,0.9653471840,-0.9653471840
statsbomb,746,2019-01-13,15,5,3,0,2.9419933290,0.0580066710
statsbomb,965,2019-01-13,8,3,0,0,0.2651754090,-0.2651754090
statsbomb,966,2019-01-13,19,6,2,1,2.0172438345,-0.0172438345
statsbomb,967,2019-01-13,10,3,0,0,0.4965047232,-0.4965047232
statsbomb,968,2019-01-13,4,3,1,0,1.3118166200,-0.3118166200
statsbomb,969,2019-01-13,12,3,0,0,0.6263732572,-0.6263732572
statsbomb,970,2019-01-13,6,2,1,0,0.5429554330,0.4570445670
statsbomb,971,2019-01-13,14,5,2,0,1.5063475090,0.4936524910
statsbomb,972,2019-01-13,13,2,1,0,1.4328676480,-0.4328676480
statsbomb,973,2019-01-13,6,3,1,0,0.6158582860,0.3841417140
statsbomb,205,2019-01-20,5,2,1,0,0.6695991617,0.3304008383
statsbomb,217,2019-01-20,15,7,3,0,1.7455598200,1.2544401800
statsbomb,211,2019-01-27,13,4,0,0,1.2126394420,-1.2126394420
statsbomb,217,2019-01-27,15,6,2,0,1.9067384690,0.0932615310
statsbomb,746,2019-01-27,18,7,3,1,3.0703759480,-0.0703759480
statsbomb,965,2019-01-27,6,2,0,0,0.6163595150,-0.6163595150
statsbomb,968,2019-01-27,14,6,3,1,2.0208634310,0.9791365690
statsbomb,969,2019-01-27,10,5,3,0,1.1794361657,1.8205638343
statsbomb,970,2019-01-27,5,2,1,0,0.5597554120,0.4402445880
statsbomb,971,2019-01-27,12,4,2,0,1.1900449500,0.8099550500
statsbomb,973,2019-01-27,15,9,2,1,1.5328254966,0.4671745034
statsbomb,974,2019-01-27,10,2,0,0,0.3743129338,-0.3743129338
statsbomb,966,2019-01-28,7,3,1,0,0.8158846695,0.1841153305
statsbomb,972,2019-01-28,15,6,0,0,0.7708760120,-0.7708760120
statsbomb,207,2019-02-02,13,7,2,1,2.4418723390,-0.4418723390
statsbomb,217,2019-02-02,20,8,2,1,1.6903835110,0.3096164890
statsbomb,215,2019-02-10,14,5,0,0,1.3579654800,-1.3579654800
statsbomb,217,2019-02-10,10,2,0,0,0.4947053340,-0.4947053340
statsbomb,746,2019-02-10,15,7,2,0,2.1730267595,-0.1730267595
statsbomb,965,2019-02-10,14,2,0,0,1.3369670890,-1.3369670890
statsbomb,971,2019-02-10,22,9,2,0,2.4992921726,-0.4992921726
statsbomb,973,2019-02-10,4,2,0,0,0.4156633840,-0.4156633840
statsbomb,217,2019-02-16,20,8,1,1,3.6615278740,-2.6615278740
statsbomb,901,2019-02-16,11,0,0,0,0.4435378980,-0.4435378980
statsbomb,746,2019-02-20,17,8,3,0,2.3512959210,0.6487040790
statsbomb,965,2019-02-20,9,3,2,0,1.2872721766,0.7127278234
statsbomb,967,2019-02-20,12,3,1,0,1.7017807530,-0.7017807530
statsbomb,968,2019-02-20,36,12,3,1,3.6041206996,-0.6041206996
statsbomb,969,2019-02-20,11,4,1,0,1.2765651940,-0.2765651940
statsbomb,970,2019-02-20,2,0,0,0,0.1705838600,-0.1705838600
statsbomb,971,2019-02-20,19,10,6,1,2.7469305820,3.2530694180
statsbomb,972,2019-02-20,13,3,2,0,1.1745976250,0.8254023750
statsbomb,973,2019-02-20,3,1,0,0,0.1479956300,-0.1479956300
statsbomb,974,2019-02-20,9,5,1,1,1.3254508553,-0.3254508553
statsbomb,213,2019-02-23,14,4,2,0,1.1224342960,0.8775657040
statsbomb,217,2019-02-23,17,7,4,0,1.6004439970,2.3995560030
statsbomb,217,2019-03-02,10,4,1,0,1.2611960085,-0.2611960085
statsbomb,220,2019-03-02,18,3,0,0,1.0888610150,-1.0888610150
statsbomb,217,2019-03-09,12,6,3,1,2.6190283520,0.3809716480
statsbomb,360,2019-03-09,8,1,1,0,0.3626478485,0.6373521515
statsbomb,746,2019-03-13,15,7,4,0,3.0159692680,0.9840307320
statsbomb,965,2019-03-13,21,8,1,0,2.3071666700,-1.3071666700
statsbomb,966,2019-03-13,1,0,0,0,0.0332918400,-0.0332918400
statsbomb,967,2019-03-13,10,2,1,0,0.7574143540,0.2425856460
statsbomb,970,2019-03-13,8,2,1,0,0.8857636520,0.1142363480
statsbomb,971,2019-03-13,18,5,4,1,2.3343870640,1.6656129360
statsbomb,972,2019-03-13,7,3,0,0,0.5047548630,-0.5047548630
statsbomb,974,2019-03-13,10,6,3,1,2.6290250830,0.3709749170
statsbomb,968,2019-03-14,13,4,4,0,2.1507934820,1.8492065180
statsbomb,973,2019-03-14,7,1,0,0,0.8886562940,-0.8886562940
statsbomb,217,2019-03-17,16,9,4,0,2.0506601240,1.9493398760
statsbomb,218,2019-03-17,13,3,1,0,1.0078641810,-0.0078641810
statsbomb,966,2019-03-24,4,3,1,1,1.1526967770,-0.1526967770
statsbomb,967,2019-03-24,16,4,0,0,2.4761836822,-2.4761836822
statsbomb,968,2019-03-24,13,6,5,0,1.3949864860,3.6050135140
statsbomb,973,2019-03-24,11,3,1,0,0.6137079237,0.3862920763
statsbomb,214,2019-03-30,3,2,0,0,0.1798856820,-0.1798856820
statsbomb,217,2019-03-30,13,3,2,0,1.0598809110,0.9401190890
statsbomb,746,2019-03-31,19,7,2,0,1.7131161030,0.2868838970
statsbomb,966,2019-03-31,6,2,1,1,1.1387334700,-0.1387334700
statsbomb,967,2019-03-31,11,3,0,0,0.7532203675,-0.7532203675
statsbomb,968,2019-03-31,15,9,1,0,1.8266417853,-0.8266417853
statsbomb,969,2019-03-31,9,2,0,0,0.6653209050,-0.6653209050
statsbomb,970,2019-03-31,5,1,1,0,0.0589279290,0.9410720710
statsbomb,971,2019-03-31,25,8,1,0,2.6660092450,-1.6660092450
statsbomb,972,2019-03-31,4,2,1,0,0.3705342540,0.6294657460
statsbomb,973,2019-03-31,8,2,0,0,0.6878790320,-0.6878790320
statsbomb,974,2019-03-31,13,7,1,0,1.9612904460,-0.9612904460
statsbomb,217,2019-04-02,15,9,4,0,2.2952025090,1.7047974910
statsbomb,222,2019-04-02,16,9,4,0,2.5728223660,1.4271776340
statsbomb,212,2019-04-06,9,2,0,0,0.5219108577,-0.5219108577
statsbomb,217,2019-04-06,20,11,2,0,1.9246822670,0.0753177330
statsbomb,967,2019-04-17,18,7,1,0,2.1684865040,-1.1684865040
statsbomb,969,2019-04-17,11,5,3,0,1.1834575540,1.8165424460
statsbomb,970,2019-04-17,11,4,0,0,1.1015555189,-1.1015555189
statsbomb,974,2019-04-17,18,10,5,0,2.4556196333,2.5443803667
statsbomb,210,2019-04-20,9,3,1,0,0.8769487860,0.1230512140
statsbomb,217,2019-04-20,11,4,2,0,1.2456225560,0.7543774440
statsbomb,965,2019-04-20,12,2,0,0,0.8225900853,-0.8225900853
statsbomb,974,2019-04-20,19,3,1,0,1.2198003271,-0.2198003271
statsbomb,966,2019-04-21,14,9,5,0,1.9116093860,3.0883906140
statsbomb,967,2019-04-21,3,2,1,0,0.1736125690,0.8263874310
statsbomb,968,2019-04-21,11,3,2,0,1.4055434800,0.5944565200
statsbomb,969,2019-04-21,19,3,2,0,1.6959755884,0.3040244116
statsbomb,972,2019-04-21,2,1,1,0,0.1964683600,0.8035316400
statsbomb,973,2019-04-21,12,4,1,0,0.5704161710,0.4295838290
statsbomb,206,2019-04-23,6,1,0,0,0.4136201880,-0.4136201880
statsbomb,217,2019-04-23,16,6,2,1,2.2655810070,-0.2655810070
statsbomb,217,2019-04-27,23,12,1,0,1.7492327290,-0.7492327290
statsbomb,221,2019-04-27,7,2,0,0,0.7343230100,-0.7343230100
statsbomb,746,2019-04-28,28,15,2,1,4.5299735500,-2.5299735500
statsbomb,965,2019-04-28,4,1,0,0,0.1706955810,-0.1706955810
statsbomb,966,2019-04-28,4,1,0,0,0.2799997916,-0.2799997916
statsbomb,967,2019-04-28,14,8,3,0,1.4284900365,1.5715099635
statsbomb,968,2019-04-28,25,9,4,0,2.0450937090,1.9549062910
statsbomb,969,2019-04-28,18,9,2,0,1.2667731271,0.7332268729
statsbomb,970,2019-04-28,10,4,1,0,0.3760205864,0.6239794136
statsbomb,972,2019-04-28,17,5,2,0,2.2650611350,-0.2650611350
statsbomb,973,2019-04-28,9,4,0,0,0.4039711230,-0.4039711230
statsbomb,974,2019-04-28,9,3,2,0,1.1440578170,0.8559421830
statsbomb,746,2019-05-11,14,4,0,0,0.9325918560,-0.9325918560
statsbomb,965,2019-05-11,14,6,4,0,1.6341968250,2.3658031750
statsbomb,968,2019-05-11,12,6,1,0,1.0847618210,-0.0847618210
statsbomb,969,2019-05-11,20,12,1,0,2.1282672640,-1.1282672640
statsbomb,970,2019-05-11,4,1,0,0,0.1757854620,-0.1757854620
statsbomb,971,2019-05-11,19,6,3,0,2.9027972210,0.0972027790
statsbomb,972,2019-05-11,5,2,0,0,0.3838186410,-0.3838186410
statsbomb,974,2019-05-11,13,3,2,0,1.6393578072,0.3606421928
statsbomb,216,2019-05-12,11,0,0,0,0.9995465320,-0.9995465320
statsbomb,217,2019-05-12,13,8,1,0,2.0404835530,-1.0404835530
statsbomb,217,2019-05-19,8,3,2,0,0.7572143848,1.2427856152
statsbomb,322,2019-05-19,18,8,2,0,1.4778042920,0.5221957080
statsbomb,24,2019-06-01,14,3,2,1,1.2031476561,0.7968523439
statsbomb,38,2019-06-01,16,8,0,0,0.9242636490,-0.9242636490
statsbomb,861,2019-06-07,21,8,4,0,1.1438796980,2.8561203020
statsbomb,1211,2019-06-07,5,0,0,0,0.2867325120,-0.2867325120
statsbomb,852,2019-06-08,10,4,2,0,0.7858000190,1.2141999810
statsbomb,857,2019-06-08,16,4,1,0,0.9824005050,0.0175994950
statsbomb,863,2019-06-08,28,11,3,2,4.3168905504,-1.3168905504
statsbomb,1207,2019-06-08,5,1,0,0,0.5562244450,-0.5562244450
statsbomb,1213,2019-06-08,10,1,0,0,0.7977105090,-0.7977105090
statsbomb,1216,2019-06-08,4,2,1,0,0.3970297200,0.6029702800
statsbomb,855,2019-06-09,6,3,2,0,0.4505479603,1.5494520397
statsbomb,865,2019-06-09,15,6,2,1,2.2976177723,-0.2976177723
statsbomb,866,2019-06-09,9,3,1,0,0.4793350255,0.5206649745
statsbomb,1203,2019-06-09,17,6,3,0,2.5194792102,0.4805207898
statsbomb,1205,2019-06-09,16,5,1,0,2.9680209480,-1.9680209480
statsbomb,1212,2019-06-09,12,3,0,0,0.4963721500,-0.4963721500
statsbomb,1204,2019-06-10,5,1,0,0,0.1949314686,-0.1949314686
statsbomb,1206,2019-06-10,16,4,1,0,1.2801425890,-0.2801425890
statsbomb,1208,2019-06-10,4,0,0,0,0.2116416130,-0.2116416130
statsbomb,1210,2019-06-10,8,2,0,0,0.3465197470,-0.3465197470
statsbomb,851,2019-06-11,16,3,1,0,2.1951364535,-1.1951364535
statsbomb,858,2019-06-11,25,6,2,0,2.5943669065,-0.5943669065
statsbomb,1107,2019-06-11,2,2,0,0,0.0203097200,-0.0203097200
statsbomb,1209,2019-06-11,5,1,0,0,0.1170223734,-0.1170223734
statsbomb,1214,2019-06-11,39,20,13,0,5.9534656550,7.0465343450
statsbomb,1215,2019-06-11,6,3,0,0,0.6970509170,-0.6970509170
statsbomb,852,2019-06-12,4,1,0,0,0.3063146920,-0.3063146920
statsbomb,857,2019-06-12,13,7,1,0,1.4789541390,-0.4789541390
statsbomb,861,2019-06-12,16,5,2,1,2.1098105020,-0.1098105020
statsbomb,863,2019-06-12,17,2,0,0,0.9877610683,-0.9877610683
statsbomb,1211,2019-06-12,17,7,0,0,0.8575782450,-0.8575782450
statsbomb,1213,2019-06-12,13,2,1,0,0.8006138670,0.1993861330
statsbomb,1203,2019-06-13,11,3,2,1,1.5135259430,0.4864740570
statsbomb,1205,2019-06-13,10,5,2,0,0.9841124440,1.0158875560
statsbomb,1207,2019-06-13,15,3,1,0,1.1998713560,-0.1998713560
statsbomb,1216,2019-06-13,5,1,0,0,0.2134377300,-0.2134377300
statsbomb,855,2019-06-14,16,7,5,1,3.7530825127,1.2469174873
statsbomb,865,2019-06-14,17,6,1,0,3.2459173040,-2.2459173040
statsbomb,866,2019-06-14,12,4,1,0,0.5290946405,0.4709053595
statsbomb,1204,2019-06-14,2,1,0,0,0.0269828437,-0.0269828437
statsbomb,1210,2019-06-14,18,6,2,1,2.2736453130,-0.2736453130
statsbomb,1212,2019-06-14,8,1,0,0,0.3139958430,-0.3139958430
statsbomb,851,2019-06-15,9,4,3,0,1.5053251110,1.4946748890
statsbomb,1206,2019-06-15,22,6,2,0,2.7431126054,-0.7431126054
statsbomb,1208,2019-06-15,10,2,1,0,1.0283000770,-0.0283000770
statsbomb,1215,2019-06-15,2,0,0,0,0.0857935590,-0.0857935590
statsbomb,858,2019-06-16,35,13,5,1,3.9803685640,1.0196314360
statsbomb,1107,2019-06-16,7,3,1,0,0.2864770610,0.7135229390
statsbomb,1209,2019-06-16,1,0,0,0,0.0063354955,-0.0063354955
statsbomb,1214,2019-06-16,28,9,3,0,3.1376770510,-0.1376770510
statsbomb,852,2019-06-17,8,2,2,2,2.1620979360,-0.1620979360
statsbomb,857,2019-06-17,23,12,4,0,4.6126606330,-0.6126606330
statsbomb,861,2019-06-17,20,4,1,1,2.0284903020,-1.0284903020
statsbomb,863,2019-06-17,25,9,0,0,1.6970058640,-1.6970058640
statsbomb,1207,2019-06-17,1,0,0,0,0.0224428800,-0.0224428800
statsbomb,1211,2019-06-17,22,6,1,0,2.1616877290,-1.1616877290
statsbomb,1213,2019-06-17,2,1,0,0,0.1755681270,-0.1755681270
statsbomb,1216,2019-06-17,8,1,0,0,0.6760514378,-0.6760514378
statsbomb,855,2019-06-18,10,3,0,0,0.9455884330,-0.9455884330
statsbomb,1203,2019-06-18,11,3,1,1,1.7171167430,-0.7171167430
statsbomb,1205,2019-06-18,11,7,4,0,2.0687431950,1.9312568050
statsbomb,1212,2019-06-18,10,3,1,0,0.7098749410,0.2901250590
statsbomb,865,2019-06-19,16,6,2,0,1.4342485080,0.5657514920
statsbomb,866,2019-06-19,11,6,3,0,1.9250947840,1.0749052160
statsbomb,1204,2019-06-19,11,4,2,1,1.5321079181,0.4678920819
statsbomb,1210,2019-06-19,16,4,0,0,1.1124942504,-1.1124942504
statsbomb,851,2019-06-20,8,2,2,0,1.5332311950,0.4667688050
statsbomb,858,2019-06-20,7,2,0,0,0.6278866440,-0.6278866440
statsbomb,1107,2019-06-20,4,2,0,0,0.1900005460,-0.1900005460
statsbomb,1206,2019-06-20,12,2,1,0,1.2482754550,-0.2482754550
statsbomb,1208,2019-06-20,22,7,2,0,2.0206160902,-0.0206160902
statsbomb,1209,2019-06-20,28,5,1,0,2.7339740802,-1.7339740802
statsbomb,1214,2019-06-20,16,3,1,0,1.7987431010,-0.7987431010
statsbomb,1215,2019-06-20,9,2,0,0,0.8330351447,-0.8330351447
statsbomb,852,2019-06-22,28,10,1,0,1.8551120480,-0.8551120480
statsbomb,857,2019-06-22,12,4,3,1,1.6773060590,1.3226939410
statsbomb,1205,2019-06-22,17,4,1,0,1.1706034103,-0.1706034103
statsbomb,1213,2019-06-22,7,2,0,0,0.3125310620,-0.3125310620
statsbomb,861,2019-06-23,14,4,2,0,1.9848680160,0.0151319840
statsbomb,865,2019-06-23,7,3,3,0,1.2960189600,1.7039810400
statsbomb,1203,2019-06-23,12,6,1,0,0.8794135236,0.1205864764
statsbomb,1208,2019-06-23,7,2,0,0,0.5922388854,-0.5922388854
statsbomb,858,2019-06-24,8,2,1,0,0.6192736360,0.3807263640
statsbomb,863,2019-06-24,4,1,1,0,0.2040934850,0.7959065150
statsbomb,1206,2019-06-24,11,1,0,0,1.2568785420,-1.2568785420
statsbomb,1214,2019-06-24,11,2,2,2,2.1742465500,-0.1742465500
statsbomb,851,2019-06-25,11,4,2,1,1.6244281720,0.3755718280
statsbomb,855,2019-06-25,15,5,2,0,0.9897985447,1.0102014553
statsbomb,1207,2019-06-25,19,5,0,0,0.7042972580,-0.7042972580
statsbomb,1210,2019-06-25,12,4,1,0,1.0722324860,-0.0722324860
statsbomb,852,2019-06-27,12,3,0,0,0.7359335860,-0.7359335860
statsbomb,865,2019-06-27,16,6,3,0,2.7562774290,0.2437225710
statsbomb,861,2019-06-28,20,5,1,0,1.1991003575,-0.1991003575
statsbomb,1214,2019-06-28,10,8,2,0,0.4725231150,1.5274768850
statsbomb,851,2019-06-29,20,9,2,0,1.6937020800,0.3062979200
statsbomb,855,2019-06-29,6,2,0,0,0.5500126120,-0.5500126120
statsbomb,857,2019-06-29,13,6,1,0,1.2699889220,-0.2699889220
statsbomb,858,2019-06-29,11,6,2,0,1.3226652980,0.6773347020
statsbomb,865,2019-07-02,7,4,1,0,1.4089289983,-0.4089289983
statsbomb,1214,2019-07-02,11,4,2,0,0.7917331620,1.2082668380
statsbomb,851,2019-07-03,16,4,1,0,1.1736169887,-0.1736169887
statsbomb,858,2019-07-03,11,3,0,0,0.7690924830,-0.7690924830
statsbomb,858,2019-07-06,8,7,2,0,0.5492785125,1.4507214875
statsbomb,865,2019-07-06,11,4,1,0,0.4738433137,0.5261566863
statsbomb,851,2019-07-07,6,2,0,0,0.1910066690,-0.1910066690
statsbomb,1214,2019-07-07,15,8,2,1,2.1717412840,-0.1717412840
statsbomb,746,2019-09-07,10,3,1,0,0.3642644940,0.6357355060
statsbomb,965,2019-09-07,21,9,0,0,2.1473359065,-2.1473359065
statsbomb,973,2019-09-07,8,2,0,0,0.3787521352,-0.3787521352
statsbomb,1475,2019-09-07,8,2,0,0,0.6087221030,-0.6087221030
statsbomb,749,2019-09-08,7,2,0,0,0.3236008797,-0.3236008797
statsbomb,966,2019-09-08,9,1,0,0,0.8192123180,-0.8192123180
statsbomb,967,2019-09-08,10,5,0,0,0.9069392410,-0.9069392410
statsbomb,968,2019-09-08,17,5,2,0,1.9644091910,0.0355908090
statsbomb,969,2019-09-08,17,4,0,0,0.8300614755,-0.8300614755
statsbomb,971,2019-09-08,21,7,1,0,1.8176011790,-0.8176011790
statsbomb,972,2019-09-08,10,3,1,0,0.7693126920,0.2306873080
statsbomb,974,2019-09-08,13,4,1,0,1.1665928230,-0.1665928230
statsbomb,746,2019-09-15,13,5,2,0,2.0788262470,-0.0788262470
statsbomb,749,2019-09-15,21,7,1,1,1.2910571233,-0.2910571233
statsbomb,965,2019-09-15,9,1,1,0,0.2928100080,0.7071899920
statsbomb,966,2019-09-15,6,1,0,0,0.2848128800,-0.2848128800
statsbomb,967,2019-09-15,18,6,2,0,1.0899994060,0.9100005940
statsbomb,969,2019-09-15,17,8,0,0,0.6597670863,-0.6597670863
statsbomb,971,2019-09-15,15,6,1,0,1.8603132650,-0.8603132650
statsbomb,972,2019-09-15,12,4,1,0,1.0063168020,-0.0063168020
statsbomb,973,2019-09-15,14,4,0,0,0.6963345080,-0.6963345080
statsbomb,974,2019-09-15,6,1,0,0,0.2524221706,-0.2524221706
statsbomb,968,2019-09-16,21,9,1,0,1.8413457740,-0.8413457740
statsbomb,1475,2019-09-16,7,1,0,0,0.6781118070,-0.6781118070
statsbomb,217,2019-09-21,8,1,0,0,0.5349524370,-0.5349524370
statsbomb,1049,2019-09-21,9,3,2,1,1.8489029273,0.1510970727
statsbomb,217,2019-09-24,9,4,2,0,0.6120868940,1.3879131060
statsbomb,222,2019-09-24,11,3,1,0,0.5438857240,0.4561142760
statsbomb,966,2019-09-28,7,1,0,0,0.4693673500,-0.4693673500
statsbomb,1475,2019-09-28,23,9,2,1,3.2604311810,-1.2604311810
statsbomb,746,2019-09-29,17,8,1,0,2.0880018415,-1.0880018415
statsbomb,749,2019-09-29,12,3,2,0,0.6359759070,1.3640240930
statsbomb,965,2019-09-29,3,1,0,0,0.0830387390,-0.0830387390
statsbomb,967,2019-09-29,16,3,0,0,0.9081037560,-0.9081037560
statsbomb,968,2019-09-29,12,5,4,0,1.5851617430,2.4148382570
statsbomb,971,2019-09-29,26,12,4,0,3.0635968320,0.9364031680
statsbomb,972,2019-09-29,15,2,0,0,1.9398977110,-1.9398977110
statsbomb,973,2019-09-29,1,0,0,0,0.0088907670,-0.0088907670
statsbomb,213,2019-10-06,16,4,0,0,1.7253259230,-1.7253259230
statsbomb,217,2019-10-06,15,8,4,0,1.4673041635,2.5326958365
statsbomb,746,2019-10-12,13,6,3,0,2.6460035310,0.3539964690
statsbomb,969,2019-10-12,4,0,0,0,0.3458545300,-0.3458545300
statsbomb,749,2019-10-13,15,6,0,0,0.8069630609,-0.8069630609
statsbomb,965,2019-10-13,9,2,1,0,0.9499266788,0.0500733212
statsbomb,966,2019-10-13,18,7,1,1,1.5690197937,-0.5690197937
statsbomb,967,2019-10-13,9,3,2,1,2.6587218326,-0.6587218326
statsbomb,968,2019-10-13,7,3,1,0,0.4104975350,0.5895024650
statsbomb,971,2019-10-13,22,6,2,0,1.4264904980,0.5735095020
statsbomb,972,2019-10-13,10,6,3,1,1.9871623026,1.0128376974
statsbomb,973,2019-10-13,7,2,1,0,0.2741385083,0.7258614917
statsbomb,974,2019-10-13,16,5,3,0,1.8369519165,1.1630480835
statsbomb,1475,2019-10-13,25,9,2,0,1.9694124210,0.0305875790
statsbomb,217,2019-10-19,9,4,3,0,1.4085941777,1.5914058223
statsbomb,322,2019-10-19,6,0,0,0,0.3279322190,-0.3279322190
statsbomb,746,2019-10-27,7,2,0,0,0.2761905404,-0.2761905404
statsbomb,749,2019-10-27,22,5,2,0,2.0755730780,-0.0755730780
statsbomb,965,2019-10-27,15,4,0,0,1.3807387605,-1.3807387605
statsbomb,966,2019-10-27,7,3,0,0,0.5019090210,-0.5019090210
statsbomb,967,2019-10-27,12,4,2,0,0.9086703850,1.0913296150
statsbomb,968,2019-10-27,10,3,1,0,1.1118841953,-0.1118841953
statsbomb,969,2019-10-27,21,7,2,0,0.8990494393,1.1009505607
statsbomb,971,2019-10-27,25,11,3,0,2.1577226910,0.8422773090
statsbomb,972,2019-10-27,14,4,1,0,1.6885878860,-0.6885878860
statsbomb,973,2019-10-27,10,2,1,0,0.4506843730,0.5493156270
statsbomb,974,2019-10-27,11,2,0,0,0.9355364140,-0.9355364140
statsbomb,1475,2019-10-27,7,3,2,0,0.9438394310,1.0561605690
statsbomb,217,2019-10-29,18,9,5,0,2.3825408130,2.6174591870
statsbomb,901,2019-10-29,9,1,1,0,0.5268658740,0.4731341260
statsbomb,217,2019-11-02,10,6,1,1,2.1390446430,-1.1390446430
statsbomb,221,2019-11-02,9,3,3,0,0.8460165720,2.1539834280
statsbomb,209,2019-11-09,6,5,1,0,0.2677782555,0.7322217445
statsbomb,217,2019-11-09,9,7,4,1,1.5587000340,2.4412999660
statsbomb,746,2019-11-17,29,10,5,0,3.0574660930,1.9425339070
statsbomb,749,2019-11-17,10,3,0,0,0.6111618850,-0.6111618850
statsbomb,965,2019-11-17,14,8,3,1,1.6440872160,1.3559127840
statsbomb,966,2019-11-17,21,2,0,0,0.9614488529,-0.9614488529
statsbomb,967,2019-11-17,8,3,1,0,0.3277312980,0.6722687020
statsbomb,968,2019-11-17,19,3,2,0,1.9361656900,0.0638343100
statsbomb,969,2019-11-17,7,0,0,0,0.5820787716,-0.5820787716
statsbomb,971,2019-11-17,14,5,1,1,1.6087950560,-0.6087950560
statsbomb,972,2019-11-17,10,3,0,0,0.4805023090,-0.4805023090
statsbomb,973,2019-11-17,9,5,3,0,1.6014307790,1.3985692210
statsbomb,974,2019-11-17,21,8,3,0,2.6955019703,0.3044980297
statsbomb,1475,2019-11-17,7,2,0,0,0.5365048420,-0.5365048420
statsbomb,205,2019-11-23,9,4,1,0,0.3512923220,0.6487076780
statsbomb,217,2019-11-23,11,6,2,0,1.5986766250,0.4013233750
statsbomb,746,2019-11-24,17,6,5,0,1.6542451740,3.3457548260
statsbomb,749,2019-11-24,9,1,1,0,0.9810662604,0.0189337396
statsbomb,965,2019-11-24,2,1,0,0,0.0454718230,-0.0454718230
statsbomb,966,2019-11-24,5,3,0,0,0.1989591150,-0.1989591150
statsbomb,967,2019-11-24,22,9,2,0,1.8996967706,0.1003032294
statsbomb,968,2019-11-24,18,2,1,0,1.7815126540,-0.7815126540
statsbomb,969,2019-11-24,8,2,0,0,0.1586676725,-0.1586676725
statsbomb,971,2019-11-24,15,10,6,0,2.6704476450,3.3295523550
statsbomb,972,2019-11-24,9,4,2,0,1.0851395480,0.9148604520
statsbomb,973,2019-11-24,7,2,0,0,1.0855900230,-1.0855900230
statsbomb,974,2019-11-24,15,5,3,0,1.6004547750,1.3995452250
statsbomb,1475,2019-11-24,19,10,4,1,3.0478229270,0.9521770730
statsbomb,965,2019-11-29,11,7,2,0,1.2429633190,0.7570366810
statsbomb,974,2019-11-29,20,10,2,0,2.1649635510,-0.1649635510
statsbomb,212,2019-12-01,16,2,0,0,1.2149636990,-1.2149636990
statsbomb,217,2019-12-01,13,5,1,0,0.9310637910,0.0689362090
statsbomb,746,2019-12-01,14,5,1,0,1.1855505870,-0.1855505870
statsbomb,966,2019-12-01,12,3,0,0,0.9188126287,-0.9188126287
statsbomb,968,2019-12-01,35,16,11,0,5.7633805740,5.2366194260
statsbomb,972,2019-12-01,9,4,3,0,0.5385565340,2.4614434660
statsbomb,973,2019-12-01,7,2,1,0,2.0877356980,-1.0877356980
statsbomb,1475,2019-12-01,12,5,2,0,1.1916340630,0.8083659370
statsbomb,749,2019-12-04,13,4,1,0,1.6214613370,-0.6214613370
statsbomb,969,2019-12-04,12,5,1,0,0.5037273615,0.4962726385
statsbomb,217,2019-12-07,25,17,5,0,3.2707426255,1.7292573745
statsbomb,1043,2019-12-07,9,3,2,0,1.0503197940,0.9496802060
statsbomb,746,2019-12-08,12,3,1,0,0.7786608760,0.2213391240
statsbomb,749,2019-12-08,10,4,0,0,1.6528893490,-1.6528893490
statsbomb,965,2019-12-08,18,1,0,0,0.9894012050,-0.9894012050
statsbomb,966,2019-12-08,14,7,1,0,1.9330564268,-0.9330564268
statsbomb,967,2019-12-08,9,1,0,0,0.3006655870,-0.3006655870
statsbomb,968,2019-12-08,12,6,3,0,1.5808830680,1.4191169320
statsbomb,969,2019-12-08,16,4,2,0,0.9886851100,1.0113148900
statsbomb,971,2019-12-08,27,10,2,0,2.7122891160,-0.7122891160
statsbomb,972,2019-12-08,14,3,1,0,1.1375636290,-0.1375636290
statsbomb,973,2019-12-08,9,4,0,0,0.2639848809,-0.2639848809
statsbomb,974,2019-12-08,19,3,0,0,1.0677217784,-1.0677217784
statsbomb,1475,2019-12-08,15,8,3,1,1.8651841640,1.1348158360
statsbomb,210,2019-12-14,19,5,2,1,2.7875779040,-0.7875779040
statsbomb,217,2019-12-14,9,4,2,0,1.9130446800,0.0869553200
statsbomb,746,2019-12-15,26,12,5,0,3.9043556180,1.0956443820
statsbomb,749,2019-12-15,9,4,1,0,0.4651140790,0.5348859210
statsbomb,965,2019-12-15,9,3,0,0,0.3024466960,-0.3024466960
statsbomb,966,2019-12-15,9,7,1,0,0.4797773870,0.5202226130
statsbomb,967,2019-12-15,8,3,1,0,0.7457272090,0.2542727910
statsbomb,968,2019-12-15,15,8,3,1,3.0783704260,-0.0783704260
statsbomb,971,2019-12-15,18,3,1,0,3.1536663345,-2.1536663345
statsbomb,974,2019-12-15,24,7,3,0,4.2362857991,-1.2362857991
statsbomb,217,2019-12-18,9,1,0,0,0.7199253220,-0.7199253220
statsbomb,220,2019-12-18,17,3,0,0,0.9542925625,-0.9542925625
statsbomb,206,2019-12-21,5,3,1,0,0.5454307670,0.4545692330
statsbomb,217,2019-12-21,8,4,4,1,1.5926148170,2.4073851830
statsbomb,214,2020-01-04,8,3,2,0,0.4203327120,1.5796672880
statsbomb,217,2020-01-04,14,7,2,0,1.4762220425,0.5237779575
statsbomb,746,2020-01-05,29,15,4,0,4.1876132230,-0.1876132230
statsbomb,749,2020-01-05,9,4,1,1,1.5005125314,-0.5005125314
statsbomb,965,2020-01-05,6,2,1,0,0.5261885768,0.4738114232
statsbomb,966,2020-01-05,15,2,0,0,1.8927595530,-1.8927595530
statsbomb,968,2020-01-05,12,7,2,0,2.6055780650,-0.6055780650
statsbomb,969,2020-01-05,6,4,0,0,0.4163399200,-0.4163399200
statsbomb,971,2020-01-05,29,10,3,0,4.8026668850,-1.8026668850
statsbomb,973,2020-01-05,4,2,1,0,0.1632819455,0.8367180545
statsbomb,974,2020-01-05,6,4,1,0,0.6792828910,0.3207171090
statsbomb,1475,2020-01-05,25,8,0,0,2.5576877046,-2.5576877046
statsbomb,746,2020-01-11,24,6,3,0,2.5183509975,0.4816490025
statsbomb,967,2020-01-11,5,2,0,0,0.3383833090,-0.3383833090
statsbomb,749,2020-01-12,21,6,2,0,2.1700936157,-0.1700936157
statsbomb,965,2020-01-12,3,0,0,0,0.1824645750,-0.1824645750
statsbomb,968,2020-01-12,14,5,4,0,2.1196451050,1.8803548950
statsbomb,969,2020-01-12,11,3,0,0,0.7952491973,-0.7952491973
statsbomb,971,2020-01-12,28,13,6,0,4.6934146730,1.3065853270
statsbomb,972,2020-01-12,9,2,1,0,0.7398722700,0.2601277300
statsbomb,973,2020-01-12,6,4,1,0,0.4032223190,0.5967776810
statsbomb,974,2020-01-12,16,8,1,0,1.1240207355,-0.1240207355
statsbomb,217,2020-01-19,18,6,1,0,1.5407311210,-0.5407311210
statsbomb,746,2020-01-19,17,4,2,0,2.2397191600,-0.2397191600
statsbomb,749,2020-01-19,8,2,0,0,0.7858177090,-0.7858177090
statsbomb,965,2020-01-19,15,7,1,0,2.4114400715,-1.4114400715
statsbomb,966,2020-01-19,15,7,1,0,1.0476048022,-0.0476048022
statsbomb,967,2020-01-19,10,4,3,0,1.0133876336,1.9866123664
statsbomb,968,2020-01-19,9,4,1,0,0.5030751290,0.4969248710
statsbomb,969,2020-01-19,8,2,0,0,0.4914281860,-0.4914281860
statsbomb,971,2020-01-19,15,4,4,0,1.7418680210,2.2581319790
statsbomb,972,2020-01-19,10,4,2,0,1.4549523860,0.5450476140
statsbomb,973,2020-01-19,11,6,0,0,1.6086072920,-1.6086072920
statsbomb,974,2020-01-19,7,3,1,1,1.0821953730,-0.0821953730
statsbomb,1049,2020-01-19,5,1,0,0,0.2189098040,-0.2189098040
statsbomb,1475,2020-01-19,20,8,3,1,2.4118262990,0.5881737010
statsbomb,207,2020-01-25,8,6,2,0,1.2827696740,0.7172303260
statsbomb,217,2020-01-25,14,5,0,0,1.1654316270,-1.1654316270
statsbomb,217,2020-02-02,23,8,2,0,2.9258208420,-0.9258208420
statsbomb,221,2020-02-02,9,5,1,0,1.4201925580,-0.4201925580
statsbomb,746,2020-02-02,8,2,2,0,0.6663500520,1.3336499480
statsbomb,965,2020-02-02,8,3,1,0,0.8958706500,0.1041293500
statsbomb,967,2020-02-02,11,3,0,0,0.4618945420,-0.4618945420
statsbomb,968,2020-02-02,15,7,1,0,1.2274907740,-0.2274907740
statsbomb,971,2020-02-02,21,12,8,0,4.4886187744,3.5113812256
statsbomb,972,2020-02-02,3,1,0,0,0.1303756070,-0.1303756070
statsbomb,974,2020-02-02,6,3,1,1,2.0222935800,-1.0222935800
statsbomb,1475,2020-02-02,7,3,1,0,0.4608929500,0.5391070500
statsbomb,217,2020-02-09,10,6,3,0,1.4341765000,1.5658235000
statsbomb,218,2020-02-09,7,3,2,1,1.0949722132,0.9050277868
statsbomb,746,2020-02-12,16,7,1,0,1.4006273040,-0.4006273040
statsbomb,749,2020-02-12,8,2,2,0,0.6348796290,1.3651203710
statsbomb,965,2020-02-12,9,4,1,0,1.4473923595,-0.4473923595
statsbomb,967,2020-02-12,19,6,2,0,2.7037050380,-0.7037050380
statsbomb,969,2020-02-12,4,0,0,0,0.2363153900,-0.2363153900
statsbomb,971,2020-02-12,15,4,2,0,1.4855497960,0.5144502040
statsbomb,973,2020-02-12,4,1,0,0,0.1617505100,-0.1617505100
statsbomb,974,2020-02-12,13,3,2,0,2.4510317010,-0.4510317010
statsbomb,1475,2020-02-12,7,4,0,0,0.5414775750,-0.5414775750
statsbomb,966,2020-02-13,4,2,2,0,0.8320393200,1.1679606800
statsbomb,968,2020-02-13,10,5,3,0,1.4040094630,1.5959905370
statsbomb,216,2020-02-15,6,2,1,0,0.7487226620,0.2512773380
statsbomb,217,2020-02-15,12,5,2,0,1.6572169520,0.3427830480
statsbomb,217,2020-02-22,13,10,5,0,3.9769319510,1.0230680490
statsbomb,322,2020-02-22,12,5,0,0,0.6710336225,-0.6710336225
statsbomb,746,2020-02-23,13,7,3,0,2.3906469290,0.6093530710
statsbomb,749,2020-02-23,10,6,1,1,1.4388759920,-0.4388759920
statsbomb,965,2020-02-23,8,1,0,0,0.4768559280,-0.4768559280
statsbomb,966,2020-02-23,15,5,2,0,1.2599420831,0.7400579169
statsbomb,967,2020-02-23,9,5,2,0,1.3038140566,0.6961859434
statsbomb,969,2020-02-23,8,3,0,0,0.7742134210,-0.7742134210
statsbomb,971,2020-02-23,15,9,3,0,2.3367517160,0.6632482840
statsbomb,972,2020-02-23,12,6,4,0,2.0651221890,1.9348778110
statsbomb,973,2020-02-23,4,2,1,0,0.5383283010,0.4616716990
statsbomb,1475,2020-02-23,7,3,3,0,1.0921146035,1.9078853965
statsbomb,217,2020-03-01,9,4,0,0,1.0693447160,-1.0693447160
statsbomb,220,2020-03-01,13,4,2,0,0.8652740300,1.1347259700
statsbomb,210,2020-03-07,10,1,0,0,0.6589363790,-0.6589363790
statsbomb,217,2020-03-07,13,6,1,1,1.9346501790,-0.9346501790
statsbomb,217,2020-06-13,12,7,4,0,2.0685232230,1.9314767770
statsbomb,1043,2020-06-13,12,3,0,0,0.7718352270,-0.7718352270
statsbomb,205,2020-06-16,6,1,0,0,0.7569585260,-0.7569585260
statsbomb,217,2020-06-16,10,5,2,1,1.5943270350,0.4056729650
statsbomb,213,2020-06-19,8,4,0,0,0.5237576830,-0.5237576830
statsbomb,217,2020-06-19,10,3,0,0,0.5060273670,-0.5060273670
statsbomb,215,2020-06-23,7,0,0,0,0.6883052820,-0.6883052820
statsbomb,217,2020-06-23,18,5,1,0,1.6754328890,-0.6754328890
statsbomb,209,2020-06-27,10,6,2,0,2.5893037230,-0.5893037230
statsbomb,217,2020-06-27,18,2,2,0,1.8170789180,0.1829210820
statsbomb,212,2020-06-30,10,3,2,2,1.9883945813,0.0116054187
statsbomb,217,2020-06-30,12,5,1,1,1.4776562650,-0.4776562650
statsbomb,217,2020-07-05,18,13,3,0,2.5671984170,0.4328015830
statsbomb,222,2020-07-05,10,4,1,0,0.9125941620,0.0874058380
statsbomb,214,2020-07-08,11,2,0,0,0.7635460445,-0.7635460445
statsbomb,217,2020-07-08,9,2,1,0,1.1554597630,-0.1554597630
statsbomb,217,2020-07-11,10,6,1,0,1.2266906060,-0.2266906060
statsbomb,901,2020-07-11,13,5,0,0,0.7673825240,-0.7673825240
statsbomb,217,2020-07-16,18,2,1,0,1.0125385056,-0.0125385056
statsbomb,422,2020-07-16,9,5,2,0,0.4741186025,1.5258813975
statsbomb,206,2020-07-19,7,0,0,0,0.4063576120,-0.4063576120
statsbomb,217,2020-07-19,16,8,5,0,2.9131458460,2.0868541540
statsbomb,746,2020-09-05,17,6,2,0,4.0025141370,-2.0025141370
statsbomb,2647,2020-09-05,7,2,0,0,0.6288805720,-0.6288805720
statsbomb,749,2020-09-06,12,6,0,0,0.7938530570,-0.7938530570
statsbomb,965,2020-09-06,17,4,2,0,1.6522350930,0.3477649070
statsbomb,967,2020-09-06,14,7,4,1,2.4837013390,1.5162986610
statsbomb,968,2020-09-06,20,9,6,0,4.4513050350,1.5486949650
statsbomb,969,2020-09-06,4,1,0,0,0.3177750430,-0.3177750430
statsbomb,971,2020-09-06,16,5,1,0,2.7397342620,-1.7397342620
statsbomb,972,2020-09-06,8,4,1,0,0.7798829970,0.2201170030
statsbomb,973,2020-09-06,10,3,0,0,0.6852005150,-0.6852005150
statsbomb,974,2020-09-06,11,3,1,0,1.0197779360,-0.0197779360
statsbomb,1475,2020-09-06,12,2,1,0,1.2584715420,-0.2584715420
statsbomb,968,2020-09-12,25,18,9,0,5.2850932700,3.7149067300
statsbomb,972,2020-09-12,3,2,1,0,0.1613347340,0.8386652660
statsbomb,746,2020-09-13,15,4,0,0,1.9036923552,-1.9036923552
statsbomb,749,2020-09-13,9,4,0,0,0.3622275380,-0.3622275380
statsbomb,965,2020-09-13,7,2,0,0,0.3226443330,-0.3226443330
statsbomb,967,2020-09-13,8,3,1,0,1.3201942480,-0.3201942480
statsbomb,969,2020-09-13,6,3,1,0,0.5714294070,0.4285705930
statsbomb,971,2020-09-13,36,19,9,1,6.1137842060,2.8862157940
statsbomb,973,2020-09-13,1,0,0,0,0.0584613900,-0.0584613900
statsbomb,974,2020-09-13,25,13,3,1,3.1748980582,-0.1748980582
statsbomb,1475,2020-09-13,25,12,5,0,3.0047758540,1.9952241460
statsbomb,2647,2020-09-13,8,2,1,1,1.2332779190,-0.2332779190
statsbomb,217,2020-09-27,17,9,3,1,2.6873112680,0.3126887320
statsbomb,222,2020-09-27,5,1,0,0,0.1825146875,-0.1825146875
statsbomb,209,2020-10-01,10,3,0,0,0.4661918886,-0.4661918886
statsbomb,217,2020-10-01,7,4,2,0,0.7396525980,1.2603474020
statsbomb,967,2020-10-03,18,11,6,0,2.7308705010,3.2691294990
statsbomb,2647,2020-10-03,10,2,0,0,0.6875018670,-0.6875018670
statsbomb,213,2020-10-04,10,1,1,0,0.6880102830,0.3119897170
statsbomb,217,2020-10-04,11,5,1,0,1.6534482454,-0.6534482454
statsbomb,746,2020-10-04,24,7,4,1,3.0388863990,0.9611136010
statsbomb,749,2020-10-04,4,2,1,0,0.3500563650,0.6499436350
statsbomb,965,2020-10-04,5,2,0,0,0.2615364886,-0.2615364886
statsbomb,968,2020-10-04,21,9,3,0,1.7940624060,1.2059375940
statsbomb,969,2020-10-04,4,0,0,0,0.2122062350,-0.2122062350
statsbomb,971,2020-10-04,20,5,1,0,2.3410197510,-1.3410197510
statsbomb,972,2020-10-04,11,4,0,0,1.7958199910,-1.7958199910
statsbomb,973,2020-10-04,3,2,1,0,0.1909426600,0.8090573400
statsbomb,974,2020-10-04,10,6,1,0,1.0840650235,-0.0840650235
statsbomb,1475,2020-10-04,22,8,3,1,3.6344742760,-0.6344742760
statsbomb,749,2020-10-10,4,0,0,0,0.4946522070,-0.4946522070
statsbomb,1475,2020-10-10,16,6,1,0,1.6741459840,-0.6741459840
statsbomb,746,2020-10-11,9,2,1,1,1.2853630870,-0.2853630870
statsbomb,965,2020-10-11,8,5,0,0,0.6158714690,-0.6158714690
statsbomb,967,2020-10-11,16,7,3,0,2.1912440310,0.8087559690
statsbomb,968,2020-10-11,15,8,5,0,2.3236310575,2.6763689425
statsbomb,969,2020-10-11,4,1,1,0,0.3054715230,0.6945284770
statsbomb,971,2020-10-11,18,4,3,1,3.1006147680,-0.1006147680
statsbomb,972,2020-10-11,9,5,1,0,0.9782129000,0.0217871000
statsbomb,974,2020-10-11,21,4,0,0,1.1833336740,-1.1833336740
statsbomb,216,2020-10-17,9,4,1,1,1.6521006250,-0.6521006250
statsbomb,217,2020-10-17,7,1,0,0,0.7843558220,-0.7843558220
statsbomb,746,2020-10-18,26,7,1,0,2.5446213240,-1.5446213240
statsbomb,749,2020-10-18,9,3,1,0,1.6500483940,-0.6500483940
statsbomb,965,2020-10-18,7,2,1,0,0.7542921700,0.2457078300
statsbomb,967,2020-10-18,18,5,2,0,1.3849709577,0.6150290423
statsbomb,968,2020-10-18,13,10,6,0,2.5710512120,3.4289487880
statsbomb,969,2020-10-18,12,8,4,1,1.9386177410,2.0613822590
statsbomb,972,2020-10-18,10,4,2,0,0.5477122960,1.4522877040
statsbomb,973,2020-10-18,8,3,0,0,0.2870614685,-0.2870614685
statsbomb,974,2020-10-18,3,2,1,0,0.2263171530,0.7736828470
statsbomb,1475,2020-10-18,17,9,4,0,2.6457176780,1.3542823220
statsbomb,217,2020-10-24,10,4,1,0,1.2488722015,-0.2488722015
statsbomb,220,2020-10-24,16,9,3,1,2.9000679520,0.0999320480
statsbomb,206,2020-10-31,4,3,1,0,1.1285241810,-0.1285241810
statsbomb,217,2020-10-31,25,8,1,0,2.0911299490,-1.0911299490
statsbomb,217,2020-11-07,17,9,5,1,4.1865691460,0.8134308540
statsbomb,218,2020-11-07,12,6,2,0,1.0052367810,0.9947632190
statsbomb,746,2020-11-07,24,10,7,0,3.7493654860,3.2506345140
statsbomb,749,2020-11-07,9,3,1,0,1.1887184190,-0.1887184190
statsbomb,973,2020-11-07,2,1,1,0,0.9140827460,0.0859172540
statsbomb,974,2020-11-07,11,3,1,0,1.1697525210,-0.1697525210
statsbomb,965,2020-11-08,11,4,0,0,0.4832247845,-0.4832247845
statsbomb,967,2020-11-08,12,1,0,0,0.9339027970,-0.9339027970
statsbomb,968,2020-11-08,9,1,0,0,0.3531008360,-0.3531008360
statsbomb,969,2020-11-08,8,3,1,0,0.9172970360,0.0827029640
statsbomb,971,2020-11-08,21,10,4,0,2.6798217780,1.3201782220
statsbomb,972,2020-11-08,13,5,1,0,1.2774032517,-0.2774032517
statsbomb,1475,2020-11-08,24,5,1,0,1.7195489890,-0.7195489890
statsbomb,2647,2020-11-08,11,5,2,0,1.0346944040,0.9653055960
statsbomb,746,2020-11-14,20,5,2,0,2.2465784890,-0.2465784890
statsbomb,749,2020-11-14,15,6,2,0,1.1035478696,0.8964521304
statsbomb,967,2020-11-14,19,4,1,0,1.9962187090,-0.9962187090
statsbomb,969,2020-11-14,8,3,1,0,0.3609911853,0.6390088147
statsbomb,973,2020-11-14,11,5,2,1,1.8073668540,0.1926331460
statsbomb,974,2020-11-14,8,2,1,0,0.8271929160,0.1728070840
statsbomb,1475,2020-11-14,14,8,2,0,1.6451984414,0.3548015586
statsbomb,2647,2020-11-14,14,1,0,0,0.8715550940,-0.8715550940
statsbomb,965,2020-11-15,7,3,1,0,0.9223320620,0.0776679380
statsbomb,968,2020-11-15,12,2,1,0,1.8563929030,-0.8563929030
statsbomb,971,2020-11-15,10,0,0,0,1.3818332080,-1.3818332080
statsbomb,972,2020-11-15,17,4,0,0,1.5314567230,-1.5314567230
statsbomb,212,2020-11-21,10,2,1,0,0.5629302270,0.4370697730
statsbomb,217,2020-11-21,13,4,0,0,0.9542916220,-0.9542916220
statsbomb,217,2020-11-29,20,10,4,0,4.1782428250,-0.1782428250
statsbomb,422,2020-11-29,10,5,0,0,1.1067934193,-1.1067934193
statsbomb,217,2020-12-05,21,8,0,0,1.5288298370,-1.5288298370
statsbomb,552,2020-12-05,8,3,2,0,2.2947186696,-0.2947186696
statsbomb,1475,2020-12-05,31,10,2,0,2.5561620350,-0.5561620350
statsbomb,2647,2020-12-05,8,3,0,0,0.9829118870,-0.9829118870
statsbomb,746,2020-12-06,21,6,3,0,1.9041126470,1.0958873530
statsbomb,749,2020-12-06,17,6,3,1,3.3690080898,-0.3690080898
statsbomb,965,2020-12-06,12,4,1,1,1.7207559255,-0.7207559255
statsbomb,967,2020-12-06,7,3,0,0,0.4211349400,-0.4211349400
statsbomb,968,2020-12-06,30,12,3,1,4.2973791280,-1.2973791280
statsbomb,969,2020-12-06,4,2,0,0,0.1238612620,-0.1238612620
statsbomb,971,2020-12-06,25,8,3,0,3.5262796336,-0.5262796336
statsbomb,972,2020-12-06,11,3,1,0,1.4585063060,-0.4585063060
statsbomb,973,2020-12-06,10,2,1,0,1.0854665540,-0.0854665540
statsbomb,974,2020-12-06,33,15,1,0,3.4064515305,-2.4064515305
statsbomb,973,2020-12-09,13,4,0,0,1.0500857700,-1.0500857700
statsbomb,2647,2020-12-09,12,6,4,0,2.1168712710,1.8831287290
statsbomb,217,2020-12-13,24,13,1,0,2.0589936110,-1.0589936110
statsbomb,221,2020-12-13,6,3,0,0,0.7362276110,-0.7362276110
statsbomb,746,2020-12-13,17,2,2,0,1.1414491346,0.8585508654
statsbomb,749,2020-12-13,9,5,2,1,1.5912403700,0.4087596300
statsbomb,965,2020-12-13,5,0,0,0,0.1751888196,-0.1751888196
statsbomb,968,2020-12-13,3,1,1,0,0.1455556820,0.8544443180
statsbomb,971,2020-12-13,14,7,1,0,0.8314799335,0.1685200665
statsbomb,972,2020-12-13,17,8,3,0,1.7316768540,1.2683231460
statsbomb,973,2020-12-13,8,2,0,0,0.5876111103,-0.5876111103
statsbomb,974,2020-12-13,8,1,0,0,0.5025916690,-0.5025916690
statsbomb,1475,2020-12-13,16,4,2,0,1.8072980740,0.1927019260
statsbomb,2647,2020-12-13,9,2,1,0,0.3609052840,0.6390947160
statsbomb,210,2020-12-16,12,5,1,0,1.9268283420,-0.9268283420
statsbomb,217,2020-12-16,14,4,2,0,2.6482608960,-0.6482608960
statsbomb,207,2020-12-19,11,4,2,0,1.6375351470,0.3624648530
statsbomb,217,2020-12-19,24,9,2,0,2.8935586790,-0.8935586790
statsbomb,965,2020-12-20,17,3,1,1,2.2105315180,-1.2105315180
statsbomb,967,2020-12-20,4,1,0,0,0.2773278330,-0.2773278330
statsbomb,968,2020-12-20,17,7,4,0,2.9903100340,1.0096899660
statsbomb,973,2020-12-20,9,4,1,0,0.8680671573,0.1319328427
statsbomb,974,2020-12-20,10,3,3,0,0.9662764100,2.0337235900
statsbomb,1475,2020-12-20,30,12,6,0,3.0289725475,2.9710274525
statsbomb,217,2020-12-22,21,10,3,0,3.5577344490,-0.5577344490
statsbomb,901,2020-12-22,12,5,0,0,0.6726382205,-0.6726382205
statsbomb,217,2021-01-03,20,6,1,0,2.5087607010,-1.5087607010
statsbomb,902,2021-01-03,4,4,0,0,0.3877241430,-0.3877241430
statsbomb,215,2021-01-06,8,4,2,0,0.8414876050,1.1585123950
statsbomb,217,2021-01-06,13,9,3,0,1.4724851283,1.5275148717
statsbomb,217,2021-01-09,14,4,4,0,1.4928263960,2.5071736040
statsbomb,1049,2021-01-09,8,4,0,0,0.4509795460,-0.4509795460
statsbomb,971,2021-01-10,17,7,5,0,2.8220251190,2.1779748810
statsbomb,974,2021-01-10,6,0,0,0,0.1087011844,-0.1087011844
statsbomb,746,2021-01-17,23,8,6,0,3.1966219510,2.8033780490
statsbomb,749,2021-01-17,6,2,1,0,0.8180287670,0.1819712330
statsbomb,965,2021-01-17,20,8,0,0,1.8552457455,-1.8552457455
statsbomb,967,2021-01-17,17,6,4,0,2.6107418450,1.3892581550
statsbomb,968,2021-01-17,12,5,1,0,2.2935373160,-1.2935373160
statsbomb,969,2021-01-17,5,1,0,0,0.2215963280,-0.2215963280
statsbomb,971,2021-01-17,18,6,2,0,2.2244874420,-0.2244874420
statsbomb,972,2021-01-17,14,9,0,0,0.9447589250,-0.9447589250
statsbomb,973,2021-01-17,9,3,0,0,1.0280512220,-1.0280512220
statsbomb,974,2021-01-17,5,3,1,0,0.6888970270,0.3111029730
statsbomb,1475,2021-01-17,5,1,1,0,0.3076537230,0.6923462770
statsbomb,2647,2021-01-17,4,1,0,0,0.2692788940,-0.2692788940
statsbomb,974,2021-01-23,24,8,2,0,2.3932770880,-0.3932770880
statsbomb,2647,2021-01-23,9,2,2,0,1.4321790500,0.5678209500
statsbomb,746,2021-01-24,19,10,7,0,3.4189266380,3.5810733620
statsbomb,965,2021-01-24,4,2,1,0,0.2342178660,0.7657821340
statsbomb,969,2021-01-24,1,0,0,0,0.0374808800,-0.0374808800
statsbomb,1475,2021-01-24,23,8,2,0,3.2026450100,-1.2026450100
statsbomb,971,2021-01-27,16,5,4,0,1.3249190000,2.6750810000
statsbomb,2647,2021-01-27,3,1,0,0,0.3478153720,-0.3478153720
statsbomb,965,2021-01-30,14,2,0,0,0.8733700730,-0.8733700730
statsbomb,973,2021-01-30,12,4,3,1,1.8654017290,1.1345982710
statsbomb,215,2021-01-31,7,2,0,0,0.2267860290,-0.2267860290
statsbomb,217,2021-01-31,12,6,2,0,1.7285390560,0.2714609440
statsbomb,746,2021-01-31,24,6,4,0,2.8648827070,1.1351172930
statsbomb,749,2021-01-31,8,2,0,0,0.4288068030,-0.4288068030
statsbomb,967,2021-01-31,9,2,0,0,0.3557552550,-0.3557552550
statsbomb,971,2021-01-31,22,6,3,1,2.5850764400,0.4149235600
statsbomb,972,2021-01-31,1,0,0,0,0.0399040000,-0.0399040000
statsbomb,1475,2021-01-31,9,7,2,0,1.5937146580,0.4062853420
statsbomb,749,2021-02-06,12,2,0,0,0.4485276850,-0.4485276850
statsbomb,2647,2021-02-06,8,2,1,0,0.2169674720,0.7830325280
statsbomb,217,2021-02-07,12,3,2,0,0.9875746010,1.0124253990
statsbomb,218,2021-02-07,8,5,2,0,1.3950677190,0.6049322810
statsbomb,746,2021-02-07,13,5,2,0,2.2105780820,-0.2105780820
statsbomb,965,2021-02-07,4,2,2,0,0.3153515150,1.6846484850
statsbomb,967,2021-02-07,13,3,1,0,0.9898597610,0.0101402390
statsbomb,968,2021-02-07,6,3,1,0,0.6772667790,0.3227332210
statsbomb,969,2021-02-07,7,4,1,0,1.9978616470,-0.9978616470
statsbomb,971,2021-02-07,31,6,1,0,2.6971173040,-1.6971173040
statsbomb,972,2021-02-07,8,3,1,0,0.6457920790,0.3542079210
statsbomb,973,2021-02-07,14,3,0,0,1.1618913845,-1.1618913845
statsbomb,974,2021-02-07,10,4,2,0,1.3484444080,0.6515555920
statsbomb,1475,2021-02-07,19,7,0,0,1.6359949190,-1.6359949190
statsbomb,965,2021-02-10,11,4,1,0,1.3689110290,-0.3689110290
statsbomb,968,2021-02-10,7,4,0,0,0.4043254590,-0.4043254590
statsbomb,971,2021-02-10,10,5,3,0,1.2534276950,1.7465723050
statsbomb,972,2021-02-10,7,0,0,0,0.7906332740,-0.7906332740
statsbomb,746,2021-02-12,17,8,3,0,1.4848741815,1.5151258185
statsbomb,1475,2021-02-12,9,3,0,0,0.5200411300,-0.5200411300
statsbomb,206,2021-02-13,6,2,1,0,0.6091923840,0.3908076160
statsbomb,217,2021-02-13,17,9,5,0,2.6925796040,2.3074203960
statsbomb,967,2021-02-14,13,3,1,0,0.8493437770,0.1506562230
statsbomb,971,2021-02-14,25,9,5,0,3.7839446420,1.2160553580
statsbomb,973,2021-02-14,3,1,0,0,0.1649200190,-0.1649200190
statsbomb,974,2021-02-14,11,4,1,0,2.1531481400,-1.1531481400
statsbomb,217,2021-02-21,20,4,1,1,2.1455778610,-1.1455778610
statsbomb,552,2021-02-21,3,1,1,1,1.0836837050,-0.0836837050
statsbomb,217,2021-02-24,9,5,3,0,2.7010842600,0.2989157400
statsbomb,1042,2021-02-24,6,1,0,0,0.6704720640,-0.6704720640
statsbomb,213,2021-02-27,3,1,0,0,0.0893115110,-0.0893115110
statsbomb,217,2021-02-27,9,5,2,0,1.9293390500,0.0706609500
statsbomb,746,2021-02-28,22,11,4,0,2.1957515834,1.8042484166
statsbomb,749,2021-02-28,10,3,2,0,1.0833358710,0.9166641290
statsbomb,967,2021-02-28,15,5,3,2,3.2466167570,-0.2466167570
statsbomb,968,2021-02-28,27,10,4,0,3.3292469142,0.6707530858
statsbomb,969,2021-02-28,1,1,0,0,0.0796803900,-0.0796803900
statsbomb,2647,2021-02-28,5,0,0,0,0.2846525410,-0.2846525410
statsbomb,217,2021-03-06,13,6,2,0,1.0569260990,0.9430739010
statsbomb,422,2021-03-06,10,3,0,0,1.2082273140,-1.2082273140
statsbomb,746,2021-03-07,13,3,1,0,1.1657123530,-0.1657123530
statsbomb,749,2021-03-07,13,1,0,0,1.4642937550,-1.4642937550
statsbomb,965,2021-03-07,7,4,2,0,0.7270586950,1.2729413050
statsbomb,967,2021-03-07,2,0,0,0,0.0678074030,-0.0678074030
statsbomb,968,2021-03-07,29,10,4,0,5.1634079010,-1.1634079010
statsbomb,969,2021-03-07,1,0,0,0,0.2575204400,-0.2575204400
statsbomb,971,2021-03-07,15,8,2,0,2.0890843675,-0.0890843675
statsbomb,972,2021-03-07,7,0,0,0,0.5910156190,-0.5910156190
statsbomb,1475,2021-03-07,15,5,3,0,1.4525435770,1.5474564230
statsbomb,973,2021-03-08,11,4,3,0,0.9990110730,2.0009889270
statsbomb,974,2021-03-08,19,6,2,0,2.0662802880,-0.0662802880
statsbomb,967,2021-03-11,8,5,4,0,0.7526448793,3.2473551207
statsbomb,969,2021-03-11,6,0,0,0,0.4623580380,-0.4623580380
statsbomb,749,2021-03-14,11,7,0,0,1.5449466580,-1.5449466580
statsbomb,974,2021-03-14,12,2,0,0,1.0895000230,-1.0895000230
statsbomb,217,2021-03-15,12,5,4,0,0.9575102500,3.0424897500
statsbomb,902,2021-03-15,8,4,1,1,2.1015642560,-1.1015642560
statsbomb,746,2021-03-17,23,11,3,0,3.6913289100,-0.6913289100
statsbomb,965,2021-03-17,12,5,2,1,1.9316564450,0.0683435550
statsbomb,967,2021-03-17,6,2,0,0,0.4370772790,-0.4370772790
statsbomb,969,2021-03-17,8,2,2,0,0.7192434010,1.2807565990
statsbomb,971,2021-03-17,20,8,3,0,3.9252902970,-0.9252902970
statsbomb,972,2021-03-17,15,7,2,0,1.3009222750,0.6990777250
statsbomb,973,2021-03-17,7,2,0,0,0.3517806080,-0.3517806080
statsbomb,2647,2021-03-17,15,3,0,0,0.8252718257,-0.8252718257
statsbomb,968,2021-03-19,9,3,1,0,0.5711191800,0.4288808200
statsbomb,1475,2021-03-19,12,3,0,0,1.2142536850,-1.2142536850
statsbomb,210,2021-03-21,10,5,1,0,0.6805954160,0.3194045840
statsbomb,217,2021-03-21,14,10,6,0,2.7190648430,3.2809351570
statsbomb,749,2021-03-21,20,3,1,0,1.7556747566,-0.7556747566
statsbomb,973,2021-03-21,11,4,1,0,0.4423319483,0.5576680517
statsbomb,746,2021-03-27,19,8,1,0,2.6030153440,-1.6030153440
statsbomb,749,2021-03-27,10,5,0,0,0.8704992296,-0.8704992296
statsbomb,968,2021-03-27,23,8,3,0,1.6534397830,1.3465602170
statsbomb,972,2021-03-27,9,6,0,0,0.5986920410,-0.5986920410
statsbomb,974,2021-03-27,3,2,0,0,0.2405742830,-0.2405742830
statsbomb,1475,2021-03-27,18,5,2,0,2.6122459380,-0.6122459380
statsbomb,965,2021-03-28,6,3,0,0,0.5641603215,-0.5641603215
statsbomb,967,2021-03-28,15,6,5,1,3.0969817550,1.9030182450
statsbomb,969,2021-03-28,15,4,1,0,0.6603329560,0.3396670440
statsbomb,971,2021-03-28,19,4,2,0,1.8105247370,0.1894752630
statsbomb,973,2021-03-28,12,2,1,0,1.1234619764,-0.1234619764
statsbomb,2647,2021-03-28,1,1,0,0,0.0070042830,-0.0070042830
statsbomb,972,2021-04-03,14,8,5,0,2.1943350404,2.8056649596
statsbomb,974,2021-04-03,12,3,0,0,0.3780247530,-0.3780247530
statsbomb,746,2021-04-04,15,4,2,0,2.9014175170,-0.9014175170
statsbomb,749,2021-04-04,3,0,0,0,0.1688966980,-0.1688966980
statsbomb,965,2021-04-04,9,3,1,1,1.2978825537,-0.2978825537
statsbomb,967,2021-04-04,11,6,3,1,2.8444378170,0.1555621830
statsbomb,968,2021-04-04,28,12,4,0,5.2377380530,-1.2377380530
statsbomb,969,2021-04-04,3,0,0,0,0.2229031350,-0.2229031350
statsbomb,971,2021-04-04,24,11,6,0,3.9042977540,2.0957022460
statsbomb,973,2021-04-04,4,3,0,0,0.1272888450,-0.1272888450
statsbomb,1475,2021-04-04,17,2,0,0,1.5255933730,-1.5255933730
statsbomb,2647,2021-04-04,6,3,1,0,0.7729623830,0.2270376170
statsbomb,217,2021-04-05,25,10,1,0,1.8230445150,-0.8230445150
statsbomb,901,2021-04-05,7,2,0,0,0.3547092770,-0.3547092770
statsbomb,217,2021-04-10,18,4,1,0,1.4944638780,-0.4944638780
statsbomb,220,2021-04-10,14,3,2,0,1.3217653210,0.6782346790
statsbomb,972,2021-04-20,7,3,0,0,0.6289970950,-0.6289970950
statsbomb,2647,2021-04-20,2,0,0,0,0.1099724317,-0.1099724317
statsbomb,746,2021-04-21,13,7,2,0,1.4764792800,0.5235207200
statsbomb,971,2021-04-21,16,3,2,1,2.1567141850,-0.1567141850
statsbomb,216,2021-04-22,5,1,1,1,1.5027127560,-0.5027127560
statsbomb,217,2021-04-22,9,6,4,1,1.6198782500,2.3801217500
statsbomb,973,2021-04-24,11,5,2,0,0.5152578160,1.4847421840
statsbomb,2647,2021-04-24,13,5,1,0,1.1252363740,-0.1252363740
statsbomb,217,2021-04-25,15,5,2,0,3.3227739440,-1.3227739440
statsbomb,222,2021-04-25,10,4,1,0,1.3720789490,-0.3720789490
statsbomb,749,2021-04-25,3,1,1,0,0.1391228100,0.8608771900
statsbomb,965,2021-04-25,3,1,0,0,0.2287232770,-0.2287232770
statsbomb,967,2021-04-25,11,4,0,0,0.8958974840,-0.8958974840
statsbomb,968,2021-04-25,18,6,2,0,2.1092312430,-0.1092312430
statsbomb,969,2021-04-25,9,2,1,0,0.7256897420,0.2743102580
statsbomb,972,2021-04-25,13,2,0,0,2.0066153210,-2.0066153210
statsbomb,974,2021-04-25,17,4,1,0,1.0719549840,-0.0719549840
statsbomb,1475,2021-04-25,18,10,4,1,2.6206515560,1.3793484440
statsbomb,968,2021-04-28,15,8,2,0,2.3910744920,-0.3910744920
statsbomb,969,2021-04-28,6,1,1,0,0.3506285084,0.6493714916
statsbomb,972,2021-04-28,7,1,0,0,0.4146092620,-0.4146092620
statsbomb,2647,2021-04-28,6,1,1,0,0.8355168920,0.1644831080
statsbomb,217,2021-04-29,16,4,1,0,1.2331716130,-0.2331716130
statsbomb,1049,2021-04-29,5,2,2,0,0.5356775160,1.4643224840
statsbomb,207,2021-05-02,9,4,2,0,1.3016094040,0.6983905960
statsbomb,217,2021-05-02,14,6,3,0,3.0856501890,-0.0856501890
statsbomb,746,2021-05-02,26,11,4,0,4.0410542710,-0.0410542710
statsbomb,965,2021-05-02,9,5,2,0,0.6439802450,1.3560197550
statsbomb,967,2021-05-02,5,1,1,0,0.2750688050,0.7249311950
statsbomb,968,2021-05-02,11,4,2,1,1.8834720964,0.1165279036
statsbomb,969,2021-05-02,1,0,0,0,0.0772993040,-0.0772993040
statsbomb,972,2021-05-02,26,3,0,0,2.7832045880,-2.7832045880
statsbomb,973,2021-05-02,10,4,0,0,0.8270283676,-0.8270283676
statsbomb,974,2021-05-02,17,6,3,1,2.3961760896,0.6038239104
statsbomb,1475,2021-05-02,17,3,0,0,1.2857052380,-1.2857052380
statsbomb,2647,2021-05-02,7,4,0,0,1.2055827400,-1.2055827400
statsbomb,749,2021-05-05,5,4,0,0,0.2598365450,-0.2598365450
statsbomb,971,2021-05-05,21,10,2,0,3.2309513050,-1.2309513050
statsbomb,212,2021-05-08,10,5,0,0,0.5555801200,-0.5555801200
statsbomb,217,2021-05-08,12,6,0,0,0.8648851660,-0.8648851660
statsbomb,746,2021-05-09,25,7,1,0,4.7783094550,-3.7783094550
statsbomb,749,2021-05-09,10,2,1,0,0.5178566900,0.4821433100
statsbomb,965,2021-05-09,16,4,3,0,1.6893014493,1.3106985507
statsbomb,967,2021-05-09,13,3,0,0,1.1438058090,-1.1438058090
statsbomb,968,2021-05-09,19,5,0,0,2.1158452090,-2.1158452090
statsbomb,969,2021-05-09,5,1,0,0,0.5941828120,-0.5941828120
statsbomb,971,2021-05-09,16,9,5,0,2.3307552750,2.6692447250
statsbomb,972,2021-05-09,2,0,0,0,0.1514769850,-0.1514769850
statsbomb,973,2021-05-09,9,2,1,0,0.8698701560,0.1301298440
statsbomb,974,2021-05-09,7,1,0,0,0.5643405635,-0.5643405635
statsbomb,1475,2021-05-09,13,4,2,0,1.3169982230,0.6830017770
statsbomb,2647,2021-05-09,2,0,0,0,0.0817666180,-0.0817666180
statsbomb,217,2021-05-11,17,5,3,0,2.8138382680,0.1861617320
statsbomb,221,2021-05-11,16,6,3,0,1.0172806210,1.9827193790
statsbomb,209,2021-05-16,4,4,2,0,0.7296532140,1.2703467860
statsbomb,217,2021-05-16,21,4,1,0,2.1590818240,-1.1590818240
statsbomb,909,2021-06-11,3,0,0,0,0.1510057560,-0.1510057560
statsbomb,914,2021-06-11,24,8,2,0,1.5909348930,0.4090651070
statsbomb,773,2021-06-12,18,4,1,0,1.5598775150,-0.5598775150
statsbomb,776,2021-06-12,22,6,0,0,1.9525803770,-1.9525803770
statsbomb,782,2021-06-12,9,4,3,0,1.3933549070,1.6066450930
statsbomb,796,2021-06-12,5,1,0,0,0.2572748590,-0.2572748590
statsbomb,907,2021-06-12,9,2,1,0,0.5759442510,0.4240557490
statsbomb,1835,2021-06-12,1,1,1,0,0.2884817000,0.7115183000
statsbomb,768,2021-06-13,8,2,1,0,0.7068558330,0.2931441670
statsbomb,785,2021-06-13,8,1,0,0,0.3400918204,-0.3400918204
statsbomb,911,2021-06-13,7,5,2,0,0.5936840240,1.4063159760
statsbomb,915,2021-06-13,10,6,3,0,1.4413628280,1.5586371720
statsbomb,941,2021-06-13,15,7,3,0,1.4297544430,1.5702455570
statsbomb,2358,2021-06-13,7,2,1,0,0.8398905150,0.1601094850
statsbomb,772,2021-06-14,17,5,0,0,1.9276115940,-1.9276115940
statsbomb,789,2021-06-14,18,4,1,0,1.3888400450,-0.3888400450
statsbomb,790,2021-06-14,4,0,0,0,0.8158377580,-0.8158377580
statsbomb,908,2021-06-14,11,2,1,0,0.3537882900,0.6462117100
statsbomb,912,2021-06-14,10,7,2,0,0.8108252390,1.1891747610
statsbomb,942,2021-06-14,19,4,0,0,1.7326947060,-1.7326947060
statsbomb,770,2021-06-15,10,1,0,0,0.8254194280,-0.8254194280
statsbomb,771,2021-06-15,4,1,0,0,0.4460239050,-0.4460239050
statsbomb,780,2021-06-15,11,7,3,1,2.6810337040,0.3189662960
statsbomb,916,2021-06-15,5,3,0,0,0.1976213317,-0.1976213317
statsbomb,773,2021-06-16,6,1,0,0,0.3338159763,-0.3338159763
statsbomb,796,2021-06-16,14,3,1,0,1.2590086400,-0.2590086400
statsbomb,907,2021-06-16,16,7,2,0,2.8739559510,-0.8739559510
statsbomb,909,2021-06-16,18,5,0,0,1.3103128030,-1.3103128030
statsbomb,914,2021-06-16,13,3,3,0,1.7058362990,1.2941637010
statsbomb,1835,2021-06-16,11,1,0,0,0.9650532400,-0.9650532400
statsbomb,776,2021-06-17,21,5,1,0,1.6230301790,-0.6230301790
statsbomb,782,2021-06-17,6,4,2,0,1.0518806880,0.9481193120
statsbomb,911,2021-06-17,17,9,2,0,3.2405174770,-1.2405174770
statsbomb,915,2021-06-17,9,1,0,0,0.3980539170,-0.3980539170
statsbomb,941,2021-06-17,14,3,2,1,3.3375352970,-1.3375352970
statsbomb,2358,2021-06-17,13,5,1,0,1.9846738297,-0.9846738297
statsbomb,768,2021-06-18,9,1,0,0,0.8539366470,-0.8539366470
statsbomb,785,2021-06-18,11,2,1,0,0.9901717570,0.0098282430
statsbomb,790,2021-06-18,13,4,1,1,1.5839750650,-0.5839750650
statsbomb,908,2021-06-18,10,0,0,0,0.5532476280,-0.5532476280
statsbomb,912,2021-06-18,11,1,1,1,1.9126325380,-0.9126325380
statsbomb,942,2021-06-18,11,1,0,0,0.7354497490,-0.7354497490
statsbomb,770,2021-06-19,13,7,2,0,2.1305451870,-0.1305451870
statsbomb,771,2021-06-19,17,4,1,0,1.6900278829,-0.6900278829
statsbomb,772,2021-06-19,12,5,1,0,2.6148732605,-1.6148732605
statsbomb,780,2021-06-19,7,2,2,0,1.9357408963,0.0642591037
statsbomb,789,2021-06-19,5,2,1,0,0.5522576310,0.4477423690
statsbomb,916,2021-06-19,5,3,1,0,0.4734930965,0.5265069035
statsbomb,773,2021-06-20,23,10,3,0,1.9839543770,1.0160456230
statsbomb,907,2021-06-20,3,1,0,0,0.2407429050,-0.2407429050
statsbomb,909,2021-06-20,20,6,1,0,1.2448445630,-0.2448445630
statsbomb,914,2021-06-20,23,7,1,0,1.6691235115,-0.6691235115
statsbomb,776,2021-06-21,16,9,4,0,2.3303648025,1.6696351975
statsbomb,782,2021-06-21,17,7,1,0,1.1404470220,-0.1404470220
statsbomb,796,2021-06-21,6,2,1,1,1.0909500480,-0.0909500480
statsbomb,911,2021-06-21,5,1,0,0,0.4102860215,-0.4102860215
statsbomb,915,2021-06-21,18,4,1,0,1.4935062390,-0.4935062390
statsbomb,941,2021-06-21,17,7,3,0,3.2198989460,-0.2198989460
statsbomb,1835,2021-06-21,7,1,0,0,0.2402160780,-0.2402160780
statsbomb,2358,2021-06-21,13,1,0,0,0.7442149952,-0.7442149952
statsbomb,768,2021-06-22,6,3,1,0,0.6423297570,0.3576702430
statsbomb,785,2021-06-22,11,7,3,0,0.7814771870,2.2185228130
statsbomb,912,2021-06-22,7,1,0,0,0.3930422790,-0.3930422790
statsbomb,942,2021-06-22,11,3,1,0,1.1114491290,-0.1114491290
statsbomb,770,2021-06-23,18,6,2,0,2.0976953370,-0.0976953370
statsbomb,771,2021-06-23,11,5,2,1,1.5066179440,0.4933820560
statsbomb,772,2021-06-23,19,9,3,0,3.2230936640,-0.2230936640
statsbomb,780,2021-06-23,10,5,2,2,2.0424181620,-0.0424181620
statsbomb,789,2021-06-23,18,6,2,0,1.6608050850,0.3391949150
statsbomb,790,2021-06-23,11,4,3,0,1.0417911870,1.9582088130
statsbomb,908,2021-06-23,3,0,0,0,0.0930427890,-0.0930427890
statsbomb,916,2021-06-23,9,3,2,0,0.7371347775,1.2628652225
statsbomb,776,2021-06-26,16,8,4,0,2.1552928110,1.8447071890
statsbomb,907,2021-06-26,11,1,0,0,0.5984307450,-0.5984307450
statsbomb,914,2021-06-26,26,6,2,0,1.5170689810,0.4829310190
statsbomb,915,2021-06-26,16,3,1,0,1.0385458640,-0.0385458640
statsbomb,780,2021-06-27,23,4,0,0,1.2147520605,-1.2147520605
statsbomb,782,2021-06-27,6,1,1,0,0.2243356050,0.7756643950
statsbomb,912,2021-06-27,12,5,2,0,1.2731211180,0.7268788820
statsbomb,941,2021-06-27,6,0,0,0,0.8380342240,-0.8380342240
statsbomb,771,2021-06-28,26,8,3,0,2.6458896124,0.3541103876
statsbomb,772,2021-06-28,24,10,5,0,2.7800027210,2.2199972790
statsbomb,773,2021-06-28,13,5,3,0,1.8540444445,1.1459555555
statsbomb,785,2021-06-28,11,6,2,0,2.7882244170,-0.7882244170
statsbomb,768,2021-06-29,5,4,2,0,1.1635111510,0.8364888490
statsbomb,770,2021-06-29,9,3,0,0,1.0585475750,-1.0585475750
statsbomb,790,2021-06-29,13,3,1,0,0.9119222930,0.0880777070
statsbomb,911,2021-06-29,15,4,2,0,1.3442882550,0.6557117450
statsbomb,772,2021-07-02,29,11,0,0,3.0105690840,-3.0105690840
statsbomb,773,2021-07-02,8,2,1,0,0.8237571380,0.1762428620
statsbomb,782,2021-07-02,10,3,1,1,1.8028032260,-0.8028032260
statsbomb,914,2021-07-02,14,4,2,0,1.1425686830,0.8574313170
statsbomb,768,2021-07-03,10,6,4,0,1.2155329390,2.7844670610
statsbomb,776,2021-07-03,11,7,2,0,1.2119879150,0.7880120850
statsbomb,911,2021-07-03,7,2,0,0,0.3376118630,-0.3376118630
statsbomb,912,2021-07-03,16,5,1,0,1.1616771150,-0.1616771150
statsbomb,772,2021-07-06,16,4,1,0,1.4021300900,-0.4021300900
statsbomb,914,2021-07-06,7,4,1,0,0.3981506220,0.6018493780
statsbomb,768,2021-07-07,21,10,1,0,3.0501967020,-2.0501967020
statsbomb,776,2021-07-07,6,3,1,0,0.3755285670,0.6244714330
statsbomb,768,2021-07-11,6,1,1,0,0.4262109630,0.5737890370
statsbomb,914,2021-07-11,19,6,1,0,2.0818646045,-1.0818646045
statsbomb,131,2021-08-29,12,3,2,0,1.0116149120,0.9883850880
statsbomb,156,2021-08-29,11,4,0,0,0.5733577915,-0.5733577915
statsbomb,131,2021-09-19,15,5,2,1,2.0064093957,-0.0064093957
statsbomb,137,2021-09-19,12,5,1,0,0.6762198605,0.3237801395
statsbomb,131,2021-10-03,13,0,0,0,1.3218696100,-1.3218696100
statsbomb,134,2021-10-03,12,4,2,0,0.7537271090,1.2462728910
statsbomb,131,2021-10-24,10,4,0,0,1.0542981700,-1.0542981700
statsbomb,147,2021-10-24,15,1,0,0,0.9411382690,-0.9411382690
statsbomb,131,2021-10-29,17,7,2,0,2.4100417700,-0.4100417700
statsbomb,143,2021-10-29,11,3,1,0,1.7374554340,-0.7374554340
statsbomb,7282,2021-11-19,10,5,4,1,2.3310924635,1.6689075365
statsbomb,7283,2021-11-19,14,3,2,0,0.8617786740,1.1382213260
statsbomb,131,2021-11-20,14,7,2,0,1.7016504100,0.2983495900
statsbomb,144,2021-11-20,12,6,1,0,2.1603744375,-1.1603744375
statsbomb,7284,2021-11-20,11,6,3,0,0.9406748240,2.0593251760
statsbomb,7285,2021-11-20,12,4,2,0,1.4512742690,0.5487257310
statsbomb,2021,2021-11-21,18,3,1,0,1.3163038880,-0.3163038880
statsbomb,7286,2021-11-21,11,3,1,0,0.5835507465,0.4164492535
statsbomb,7287,2021-11-22,11,6,3,1,2.0075733200,0.9924266800
statsbomb,7288,2021-11-22,8,1,0,0,0.3492598050,-0.3492598050
statsbomb,7289,2021-11-23,14,4,0,0,0.8255059210,-0.8255059210
statsbomb,7290,2021-11-23,7,2,1,1,0.9333219890,0.0666780110
statsbomb,7284,2021-11-24,18,4,1,0,2.2679509180,-1.2679509180
statsbomb,7291,2021-11-24,6,5,3,0,0.6367929076,2.3632070924
statsbomb,7283,2021-11-25,13,3,0,0,1.5857595080,-1.5857595080
statsbomb,7285,2021-11-25,7,0,0,0,0.3436764815,-0.3436764815
statsbomb,2021,2021-11-26,15,7,3,0,2.0217102750,0.9782897250
statsbomb,7288,2021-11-26,10,2,1,0,0.7674580140,0.2325419860
statsbomb,7282,2021-11-27,12,5,3,0,0.9669864740,2.0330135260
statsbomb,7286,2021-11-27,7,0,0,0,0.7330511430,-0.7330511430
statsbomb,7287,2021-11-27,12,4,1,0,1.2964845980,-0.2964845980
statsbomb,7289,2021-11-27,7,4,3,1,1.2899563416,1.7100436584
statsbomb,131,2021-11-28,15,8,3,0,2.9231834030,0.0768165970
statsbomb,135,2021-11-28,8,4,1,0,0.5320462730,0.4679537270
statsbomb,7283,2021-11-28,9,1,0,0,0.2915311380,-0.2915311380
statsbomb,7284,2021-11-28,11,3,1,0,1.0381549960,-0.0381549960
statsbomb,7285,2021-11-29,12,3,0,0,0.5919700443,-0.5919700443
statsbomb,7290,2021-11-29,11,4,2,0,1.2155934311,0.7844065689
statsbomb,7286,2021-11-30,16,4,4,1,1.4979186253,2.5020813747
statsbomb,7291,2021-11-30,13,7,6,0,1.5248890255,4.4751109745
statsbomb,131,2021-12-01,22,5,0,0,1.7921729500,-1.7921729500
statsbomb,136,2021-12-01,4,2,0,0,0.9022775840,-0.9022775840
statsbomb,7282,2021-12-01,10,1,1,0,0.5317676285,0.4682323715
statsbomb,7287,2021-12-01,18,10,5,0,3.1152505354,1.8847494646
statsbomb,2021,2021-12-02,11,1,1,0,0.9891531140,0.0108468860
statsbomb,7289,2021-12-02,7,1,1,0,0.4880248910,0.5119751090
statsbomb,7286,2021-12-03,11,1,0,0,1.0489770830,-1.0489770830
statsbomb,7290,2021-12-03,24,4,0,0,2.7460796560,-2.7460796560
statsbomb,131,2021-12-04,13,6,1,0,1.6981223310,-0.6981223310
statsbomb,168,2021-12-04,18,7,1,0,1.0683183710,-0.0683183710
statsbomb,7284,2021-12-04,12,4,1,0,1.2932473820,-0.2932473820
statsbomb,7285,2021-12-04,10,4,2,0,1.3206240643,0.6793759357
statsbomb,7287,2021-12-04,9,5,3,1,1.0706465240,1.9293534760
statsbomb,7288,2021-12-04,21,8,1,0,2.5579896090,-1.5579896090
statsbomb,7283,2021-12-05,11,6,2,0,2.3054045950,-0.3054045950
statsbomb,7291,2021-12-05,18,5,1,0,2.4369295784,-1.4369295784
statsbomb,2021,2021-12-06,13,4,2,0,0.7734670090,1.2265329910
statsbomb,7282,2021-12-06,11,3,1,0,1.3470252523,-0.3470252523
statsbomb,7286,2021-12-07,10,4,3,0,0.6501293434,2.3498706566
statsbomb,7288,2021-12-07,18,5,3,1,2.9913108080,0.0086891920
statsbomb,7284,2021-12-08,9,3,0,0,0.5603590480,-0.5603590480
statsbomb,7289,2021-12-08,10,2,1,0,0.3052914556,0.6947085444
statsbomb,2021,2021-12-09,12,5,2,0,1.6718944750,0.3281055250
statsbomb,7287,2021-12-09,12,8,4,0,1.6705438120,2.3294561880
statsbomb,7285,2021-12-10,21,2,0,0,1.3655431644,-1.3655431644
statsbomb,7291,2021-12-10,9,4,1,0,0.7258270074,0.2741729926
statsbomb,7282,2021-12-11,9,2,1,0,0.7749608620,0.2250391380
statsbomb,7284,2021-12-11,15,4,1,0,1.1416075233,-0.1416075233
statsbomb,7288,2021-12-11,9,4,1,0,0.7902083390,0.2097916610
statsbomb,7290,2021-12-11,14,1,1,0,0.7576281660,0.2423718340
statsbomb,129,2021-12-12,13,3,0,0,0.6935912550,-0.6935912550
statsbomb,131,2021-12-12,9,2,2,1,1.4626369600,0.5373630400
statsbomb,7283,2021-12-12,10,2,1,0,0.4164779603,0.5835220397
statsbomb,7286,2021-12-12,12,4,1,0,0.6937297656,0.3062702344
statsbomb,7285,2021-12-13,11,4,1,0,1.4159217900,-0.4159217900
statsbomb,7289,2021-12-13,16,6,5,0,2.0685811007,2.9314188993
statsbomb,2021,2021-12-14,19,5,4,0,1.5091523940,2.4908476060
statsbomb,7291,2021-12-14,10,2,0,0,0.5713093424,-0.5713093424
statsbomb,7287,2021-12-15,15,5,1,0,0.6793500757,0.3206499243
statsbomb,7290,2021-12-15,8,2,0,0,0.7084324902,-0.7084324902
statsbomb,7282,2021-12-16,16,5,3,1,1.9903078355,1.0096921645
statsbomb,7284,2021-12-16,17,6,3,1,2.3178884150,0.6821115850
statsbomb,7285,2021-12-17,19,7,2,0,1.6303592220,0.3696407780
statsbomb,7286,2021-12-17,8,3,0,0,0.6396444590,-0.6396444590
statsbomb,7288,2021-12-18,11,4,1,0,1.4338759110,-0.4338759110
statsbomb,7289,2021-12-18,19,5,1,0,1.4238906390,-0.4238906390
statsbomb,7290,2021-12-18,20,7,2,0,2.0382585864,-0.0382585864
statsbomb,7291,2021-12-18,9,4,1,0,0.3404692340,0.6595307660
statsbomb,7283,2021-12-19,14,6,3,1,1.4586154500,1.5413845500
statsbomb,7287,2021-12-19,13,3,0,0,1.4055505820,-1.4055505820
statsbomb,2021,2021-12-20,13,4,0,0,0.7743322600,-0.7743322600
statsbomb,7284,2021-12-20,8,1,0,0,0.6508860480,-0.6508860480
statsbomb,7282,2021-12-21,26,8,3,0,3.4171702130,-0.4171702130
statsbomb,7285,2021-12-21,18,5,2,0,1.4177418212,0.5822581788
statsbomb,131,2021-12-22,17,4,1,0,2.0402220155,-1.0402220155
statsbomb,165,2021-12-22,17,5,1,0,1.2862675505,-0.2862675505
statsbomb,7283,2021-12-22,12,5,3,0,1.4854668910,1.5145331090
statsbomb,7290,2021-12-22,9,1,0,0,0.6507972580,-0.6507972580
statsbomb,7286,2021-12-23,7,1,1,0,0.6350326140,0.3649673860
statsbomb,7289,2021-12-23,13,6,1,0,0.7526951150,0.2473048850
statsbomb,7288,2021-12-24,11,4,1,0,1.2705101990,-0.2705101990
statsbomb,7291,2021-12-24,13,4,1,0,1.2427609850,-0.2427609850
statsbomb,2021,2021-12-26,18,4,1,0,1.1932398180,-0.1932398180
statsbomb,7283,2021-12-26,7,2,1,0,0.8749588075,0.1250411925
statsbomb,7285,2021-12-27,16,9,3,0,2.5402131610,0.4597868390
statsbomb,7287,2021-12-27,20,7,3,0,2.4993065220,0.5006934780
statsbomb,7289,2021-12-28,11,6,5,1,1.9944206843,3.0055793157
statsbomb,7291,2021-12-28,10,5,0,0,0.8785510150,-0.8785510150
statsbomb,7282,2021-12-29,7,3,2,0,0.2457468427,1.7542531573
statsbomb,7288,2021-12-29,15,4,1,0,0.9229192070,0.0770807930
statsbomb,7284,2021-12-30,14,6,4,1,1.9848564320,2.0151435680
statsbomb,7290,2021-12-30,10,5,2,0,0.6843915334,1.3156084666
statsbomb,2021,2022-01-02,20,4,0,0,1.3085566785,-1.3085566785
statsbomb,7283,2022-01-02,10,2,2,0,1.4080179757,0.5919820243
statsbomb,7288,2022-01-02,22,7,2,0,1.0124208717,0.9875791283
statsbomb,7290,2022-01-02,7,2,1,0,0.5061417676,0.4938582324
statsbomb,7287,2022-01-03,16,8,2,0,1.1653353480,0.8346646520
statsbomb,7291,2022-01-03,9,4,4,0,1.5899116220,2.4100883780
statsbomb,7284,2022-01-04,11,1,0,0,0.8829607160,-0.8829607160
statsbomb,7286,2022-01-04,5,1,1,0,0.3305917110,0.6694082890
statsbomb,7282,2022-01-05,12,1,1,0,0.7275608380,0.2724391620
statsbomb,7289,2022-01-05,18,7,2,0,1.3953872070,0.6046127930
statsbomb,2021,2022-01-06,21,8,3,0,3.3379695320,-0.3379695320
statsbomb,7285,2022-01-06,8,3,2,0,1.5431820080,0.4568179920
statsbomb,7286,2022-01-07,5,1,0,0,0.3829134370,-0.3829134370
statsbomb,7287,2022-01-07,15,2,0,0,0.5565951320,-0.5565951320
statsbomb,7288,2022-01-08,17,5,1,0,1.4266413620,-0.4266413620
statsbomb,7290,2022-01-08,4,1,0,0,0.1407482640,-0.1407482640
statsbomb,7283,2022-01-09,12,5,1,0,0.8572790215,0.1427209785
statsbomb,7289,2022-01-09,15,3,0,0,1.2386258550,-1.2386258550
statsbomb,7284,2022-01-10,19,7,3,0,1.8377451456,1.1622548544
statsbomb,7287,2022-01-10,12,4,0,0,0.9733054680,-0.9733054680
statsbomb,2021,2022-01-11,14,5,1,0,1.2525992320,-0.2525992320
statsbomb,7286,2022-01-11,7,1,0,0,0.3070310850,-0.3070310850
statsbomb,7283,2022-01-12,16,5,2,0,0.9342839780,1.0657160220
statsbomb,7291,2022-01-12,10,4,0,0,0.6623378260,-0.6623378260
statsbomb,7289,2022-01-13,25,10,1,0,1.2117281610,-0.2117281610
statsbomb,7290,2022-01-13,11,4,1,0,0.9098908900,0.0901091100
statsbomb,7285,2022-01-14,11,3,1,0,0.5154618674,0.4845381326
statsbomb,7288,2022-01-14,25,8,1,0,2.2241417541,-1.2241417541
statsbomb,7285,2022-01-18,14,2,0,0,0.9533285076,-0.9533285076
statsbomb,7291,2022-01-18,16,7,2,0,1.9526083020,0.0473916980
statsbomb,7286,2022-01-19,4,2,2,0,0.6369196410,1.3630803590
statsbomb,7288,2022-01-19,19,4,1,0,1.1486523810,-0.1486523810
statsbomb,7285,2022-01-22,28,6,1,0,3.2416925090,-2.2416925090
statsbomb,7290,2022-01-22,11,4,2,0,0.7160403730,1.2839596270
statsbomb,131,2022-01-23,22,7,3,0,2.5333899656,0.4666100344
statsbomb,156,2022-01-23,7,3,0,0,0.5193836050,-0.5193836050
statsbomb,7282,2022-01-23,17,6,0,0,2.0428309667,-2.0428309667
statsbomb,7284,2022-01-23,12,3,1,0,0.6885039630,0.3114960370
statsbomb,7288,2022-01-23,11,2,1,0,1.2941624520,-0.2941624520
statsbomb,7291,2022-01-23,13,3,0,0,0.6441004680,-0.6441004680
statsbomb,7286,2022-01-24,12,4,0,0,1.2435902060,-1.2435902060
statsbomb,7289,2022-01-24,21,9,4,0,2.9277315705,1.0722684295
statsbomb,7285,2022-01-25,11,3,1,0,0.7985759244,0.2014240756
statsbomb,7287,2022-01-25,18,6,1,1,2.5336299070,-1.5336299070
statsbomb,7284,2022-01-26,14,5,3,1,3.3818453815,-0.3818453815
statsbomb,7290,2022-01-26,15,5,0,0,1.4254462780,-1.4254462780
statsbomb,7289,2022-01-27,20,7,3,0,1.8987780470,1.1012219530
statsbomb,7291,2022-01-27,6,2,2,0,0.4713631379,1.5286368621
statsbomb,2021,2022-01-28,5,1,1,0,0.3945635150,0.6054364850
statsbomb,7288,2022-01-28,12,2,0,0,1.5420202270,-1.5420202270
statsbomb,7282,2022-01-29,31,5,3,0,3.0929017584,-0.0929017584
statsbomb,7286,2022-01-29,13,4,1,0,1.0753502355,-0.0753502355
statsbomb,7283,2022-01-30,14,6,0,0,0.5723252570,-0.5723252570
statsbomb,7284,2022-01-30,18,3,1,0,1.3665623265,-0.3665623265
statsbomb,7285,2022-01-31,9,3,0,0,0.3039607535,-0.3039607535
statsbomb,7289,2022-01-31,20,8,5,0,3.0334522425,1.9665477575
statsbomb,7288,2022-02-01,24,7,1,0,1.7038635594,-0.7038635594
statsbomb,7291,2022-02-01,11,4,1,1,1.9163545700,-0.9163545700
statsbomb,7286,2022-02-02,26,5,2,0,1.5954273660,0.4045726340
statsbomb,7290,2022-02-02,7,1,1,0,0.6851272170,0.3148727830
statsbomb,7282,2022-02-03,19,5,1,0,1.2541934620,-0.2541934620
statsbomb,7287,2022-02-03,17,2,0,0,1.1267125580,-1.1267125580
statsbomb,7283,2022-02-04,16,4,2,0,1.4166016035,0.5833983965
statsbomb,7285,2022-02-04,11,1,1,0,0.4784987785,0.5215012215
statsbomb,2021,2022-02-05,13,3,1,0,1.1547559840,-0.1547559840
statsbomb,7284,2022-02-05,11,4,3,0,1.4108474356,1.5891525644
statsbomb,131,2022-02-06,18,7,5,0,2.9326926210,2.0673073790
statsbomb,143,2022-02-06,10,5,1,0,1.0228648450,-0.0228648450
statsbomb,7287,2022-02-06,14,4,1,0,1.6736921860,-0.6736921860
statsbomb,7290,2022-02-06,9,0,0,0,0.5002588710,-0.5002588710
statsbomb,7286,2022-02-07,15,2,1,0,0.6189376603,0.3810623397
statsbomb,7291,2022-02-07,8,3,2,0,1.2972221193,0.7027778807
statsbomb,7282,2022-02-08,17,7,2,0,2.2775546419,-0.2775546419
statsbomb,7289,2022-02-08,15,6,1,0,1.0389150530,-0.0389150530
statsbomb,7288,2022-02-09,18,6,4,0,1.8697548260,2.1302451740
statsbomb,7290,2022-02-09,7,0,0,0,0.4835278700,-0.4835278700
statsbomb,2021,2022-02-10,12,3,3,2,2.0143007886,0.9856992114
statsbomb,7283,2022-02-10,10,2,0,0,0.2812479550,-0.2812479550
statsbomb,131,2022-02-11,12,1,1,0,0.9943207275,0.0056792725
statsbomb,134,2022-02-11,13,1,0,0,0.7518168380,-0.7518168380
statsbomb,7284,2022-02-11,8,1,1,0,0.9922792770,0.0077207230
statsbomb,7289,2022-02-11,11,3,2,0,0.5769524988,1.4230475012
statsbomb,7282,2022-02-12,16,8,3,0,2.3273786070,0.6726213930
statsbomb,7285,2022-02-12,24,5,1,0,1.2593737215,-0.2593737215
statsbomb,7287,2022-02-13,14,4,4,0,0.9208207466,3.0791792534
statsbomb,7291,2022-02-13,15,4,1,0,0.5503975070,0.4496024930
statsbomb,7283,2022-02-14,15,5,1,0,0.6355544452,0.3644455548
statsbomb,7286,2022-02-14,9,1,0,0,0.4518129630,-0.4518129630
statsbomb,7282,2022-02-15,15,5,2,0,2.1126044815,-0.1126044815
statsbomb,7288,2022-02-15,16,4,0,0,0.9242913140,-0.9242913140
statsbomb,7290,2022-02-16,14,3,2,0,1.5605420540,0.4394579460
statsbomb,7291,2022-02-16,19,6,2,0,1.9555698390,0.0444301610
statsbomb,2021,2022-02-17,10,5,3,1,2.6679623430,0.3320376570
statsbomb,7287,2022-02-17,17,8,2,1,2.5552190605,-0.5552190605
statsbomb,7284,2022-02-18,15,6,1,0,1.6039958940,-0.6039958940
statsbomb,7285,2022-02-18,14,5,2,0,1.9332753060,0.0667246940
statsbomb,131,2022-02-19,16,9,1,0,3.6631154650,-2.6631154650
statsbomb,144,2022-02-19,13,7,3,1,2.3669374860,0.6330625140
statsbomb,7282,2022-02-19,14,6,2,0,1.5028308000,0.4971692000
statsbomb,7283,2022-02-19,15,5,2,0,0.8798922105,1.1201077895
statsbomb,7288,2022-02-19,14,7,2,0,1.0332316733,0.9667683267
statsbomb,7289,2022-02-19,12,4,3,0,0.5973834880,2.4026165120
statsbomb,2021,2022-02-20,28,12,4,0,3.4139570460,0.5860429540
statsbomb,7290,2022-02-20,15,4,1,0,0.8750970877,0.1249029123
statsbomb,7284,2022-02-21,11,5,2,1,1.9445402300,0.0554597700
statsbomb,7291,2022-02-21,14,6,1,0,1.6911040387,-0.6911040387
statsbomb,7286,2022-02-22,13,5,0,0,1.0185644610,-1.0185644610
statsbomb,7287,2022-02-22,12,3,1,0,1.2889607970,-0.2889607970
statsbomb,7283,2022-02-23,18,6,1,0,1.3841952135,-0.3841952135
statsbomb,7289,2022-02-23,9,6,2,0,1.4205721940,0.5794278060
statsbomb,7282,2022-02-24,17,4,1,1,1.5756372490,-0.5756372490
statsbomb,7291,2022-02-24,13,2,1,0,1.5513457953,-0.5513457953
statsbomb,2021,2022-02-25,15,6,3,0,1.5931100340,1.4068899660
statsbomb,7285,2022-02-25,11,4,2,0,1.7880599310,0.2119400690
statsbomb,131,2022-02-26,21,8,3,0,2.0431991220,0.9568008780
statsbomb,135,2022-02-26,13,6,1,0,0.8640110980,0.1359889020
statsbomb,7283,2022-02-26,16,3,3,0,2.6212669380,0.3787330620
statsbomb,7287,2022-02-26,15,6,2,0,0.6448083930,1.3551916070
statsbomb,7288,2022-02-26,16,3,0,0,1.9090928834,-1.9090928834
statsbomb,7290,2022-02-26,8,0,0,0,1.3217561810,-1.3217561810
statsbomb,7282,2022-02-27,10,4,2,0,0.8036303020,1.1963696980
statsbomb,7284,2022-02-27,15,1,0,0,0.8707380026,-0.8707380026
statsbomb,7285,2022-02-28,10,3,1,0,0.8710930040,0.1289069960
statsbomb,7286,2022-02-28,18,6,1,1,1.2729810011,-0.2729810011
statsbomb,2021,2022-03-01,16,5,2,0,1.2692107940,0.7307892060
statsbomb,7289,2022-03-01,9,2,0,0,0.7323741680,-0.7323741680
statsbomb,7283,2022-03-02,16,7,3,1,1.7743665521,1.2256334479
statsbomb,7287,2022-03-02,14,2,1,1,1.5865470615,-0.5865470615
statsbomb,7282,2022-03-03,8,3,1,0,0.2647244230,0.7352755770
statsbomb,7290,2022-03-03,16,4,0,0,0.7136447670,-0.7136447670
statsbomb,2021,2022-03-04,21,7,5,0,3.1450311025,1.8549688975
statsbomb,7291,2022-03-04,4,1,1,0,0.2199149370,0.7800850630
statsbomb,131,2022-03-05,8,2,0,0,0.5226310530,-0.5226310530
statsbomb,136,2022-03-05,11,6,1,0,0.6339590260,0.3660409740
statsbomb,7284,2022-03-05,8,3,1,0,1.1540791800,-0.1540791800
statsbomb,7286,2022-03-05,17,5,0,0,1.5518097160,-1.5518097160
statsbomb,7287,2022-03-05,16,2,1,0,0.9241801990,0.0758198010
statsbomb,7289,2022-03-05,14,7,2,0,1.5677905915,0.4322094085
statsbomb,7283,2022-03-06,13,8,4,1,2.9912366340,1.0087633660
statsbomb,7288,2022-03-06,15,7,4,1,2.3880994540,1.6119005460
statsbomb,2021,2022-03-07,8,3,1,0,0.5652036870,0.4347963130
statsbomb,7282,2022-03-07,18,2,0,0,0.8657039530,-0.8657039530
statsbomb,2021,2022-03-11,6,1,0,0,0.5802449540,-0.5802449540
statsbomb,7283,2022-03-11,6,4,1,0,0.5551661544,0.4448338456
statsbomb,7282,2022-03-12,13,4,1,0,1.7168171233,-0.7168171233
statsbomb,7289,2022-03-12,11,3,3,0,0.9427714730,2.0572285270
statsbomb,131,2022-03-13,12,3,3,0,1.5777517980,1.4222482020
statsbomb,146,2022-03-13,15,5,0,0,0.6438692590,-0.6438692590
statsbomb,2021,2022-03-15,11,5,1,0,1.0930655230,-0.0930655230
statsbomb,7283,2022-03-15,11,4,1,0,1.4229634847,-0.4229634847
statsbomb,7282,2022-03-16,30,6,1,0,2.5789815370,-1.5789815370
statsbomb,7289,2022-03-16,10,2,0,0,0.6415923840,-0.6415923840
statsbomb,7283,2022-03-20,16,4,1,0,1.1850909153,-0.1850909153
statsbomb,7289,2022-03-20,14,6,1,0,0.8650886484,0.1349113516
statsbomb,131,2022-04-03,15,7,5,0,1.8679088400,3.1320911600
statsbomb,165,2022-04-03,11,4,1,0,0.7037085290,0.2962914710
statsbomb,131,2022-04-09,17,11,6,1,3.5077230010,2.4922769990
statsbomb,152,2022-04-09,10,4,1,0,1.2051200420,-0.2051200420
statsbomb,131,2022-04-17,7,3,2,1,1.2930470010,0.7069529990
statsbomb,147,2022-04-17,3,1,1,0,0.8134914040,0.1865085960
statsbomb,131,2022-04-23,18,6,1,0,1.9679632550,-0.9679632550
statsbomb,168,2022-04-23,8,3,1,0,0.8457759843,0.1542240157
statsbomb,131,2022-04-29,14,6,3,0,1.8839828640,1.1160171360
statsbomb,138,2022-04-29,14,2,2,0,1.4863644220,0.5136355780
statsbomb,131,2022-05-08,17,6,2,1,2.2232075310,-0.2232075310
statsbomb,133,2022-05-08,10,3,2,1,1.3226006050,0.6773993950
statsbomb,131,2022-05-14,15,9,4,1,2.7566771900,1.2433228100
statsbomb,139,2022-05-14,10,3,0,0,0.3563691511,-0.3563691511
statsbomb,131,2022-05-21,27,11,5,0,4.7668098430,0.2331901570
statsbomb,141,2022-05-21,4,1,0,0,0.4775967120,-0.4775967120
statsbomb,859,2022-07-06,9,2,0,0,0.4719901270,-0.4719901270
statsbomb,865,2022-07-06,16,5,1,0,2.0790740100,-1.0790740100
statsbomb,852,2022-07-07,21,10,4,1,3.2686695460,0.7313304540
statsbomb,2457,2022-07-07,7,2,1,0,0.5018496000,0.4981504000
statsbomb,853,2022-07-08,6,2,0,0,0.4505891200,-0.4505891200
statsbomb,857,2022-07-08,22,9,4,0,2.4864406140,1.5135593860
statsbomb,863,2022-07-08,35,14,4,1,3.0757263380,0.9242736620
statsbomb,920,2022-07-08,4,2,1,0,0.3614157550,0.6385842450
statsbomb,851,2022-07-09,10,4,1,0,0.5433597070,0.4566402930
statsbomb,858,2022-07-09,11,4,1,0,1.7120312820,-0.7120312820
statsbomb,860,2022-07-09,7,2,2,0,0.5543201760,1.4456798240
statsbomb,864,2022-07-09,17,7,2,0,2.0001328070,-0.0001328070
statsbomb,854,2022-07-10,10,7,1,1,1.3336271520,-0.3336271520
statsbomb,855,2022-07-10,13,4,1,0,1.2883999390,-0.2883999390
statsbomb,861,2022-07-10,16,7,5,0,3.0996096220,1.9003903780
statsbomb,862,2022-07-10,21,4,1,0,2.4328257610,-1.4328257610
statsbomb,852,2022-07-11,4,0,0,0,0.2104708820,-0.2104708820
statsbomb,859,2022-07-11,18,8,2,0,1.4464598780,0.5535401220
statsbomb,865,2022-07-11,24,13,8,1,6.1936736520,1.8063263480
statsbomb,2457,2022-07-11,4,2,0,0,0.1124831700,-0.1124831700
statsbomb,853,2022-07-12,19,5,1,0,2.7077990790,-1.7077990790
statsbomb,857,2022-07-12,7,2,2,0,0.7633832840,1.2366167160
statsbomb,863,2022-07-12,13,2,0,0,1.0778507580,-1.0778507580
statsbomb,920,2022-07-12,9,2,0,0,0.2615593387,-0.2615593387
statsbomb,851,2022-07-13,18,5,3,0,1.3688622717,1.6311377283
statsbomb,858,2022-07-13,16,5,2,0,2.0673589210,-0.0673589210
statsbomb,860,2022-07-13,6,2,1,0,0.2914718600,0.7085281400
statsbomb,864,2022-07-13,10,6,2,1,1.2374308303,0.7625691697
statsbomb,854,2022-07-14,2,1,1,0,0.3487032540,0.6512967460
statsbomb,855,2022-07-14,21,7,1,0,1.1555974865,-0.1555974865
statsbomb,861,2022-07-14,26,7,2,0,4.0429396240,-2.0429396240
statsbomb,862,2022-07-14,10,1,1,0,1.2971781130,-0.2971781130
statsbomb,852,2022-07-15,9,2,0,0,0.4995674685,-0.4995674685
statsbomb,859,2022-07-15,21,9,1,0,1.3322924896,-0.3322924896
statsbomb,865,2022-07-15,28,6,4,0,3.1077201630,0.8922798370
statsbomb,2457,2022-07-15,5,2,0,0,0.3044824643,-0.3044824643
statsbomb,853,2022-07-16,9,2,0,0,0.7739588210,-0.7739588210
statsbomb,857,2022-07-16,31,7,3,0,2.8758757190,0.1241242810
statsbomb,863,2022-07-16,15,5,1,0,0.8511760990,0.1488239010
statsbomb,920,2022-07-16,1,0,0,0,0.0805794700,-0.0805794700
statsbomb,851,2022-07-17,18,9,3,0,2.5822513160,0.4177486840
statsbomb,858,2022-07-17,16,9,4,1,2.9297754690,1.0702245310
statsbomb,860,2022-07-17,12,6,1,0,1.3080642610,-0.3080642610
statsbomb,864,2022-07-17,7,2,0,0,0.4915934270,-0.4915934270
statsbomb,854,2022-07-18,9,1,1,0,0.5499214164,0.4500785836
statsbomb,855,2022-07-18,21,6,0,0,1.1530514637,-1.1530514637
statsbomb,861,2022-07-18,18,4,1,0,1.2447185205,-0.2447185205
statsbomb,862,2022-07-18,8,2,1,1,1.8481760810,-0.8481760810
statsbomb,863,2022-07-20,18,3,1,0,1.1360266700,-0.1360266700
statsbomb,865,2022-07-20,10,3,2,0,1.0743902910,0.9256097090
statsbomb,857,2022-07-21,21,5,2,0,2.9140666130,-0.9140666130
statsbomb,859,2022-07-21,12,1,0,0,0.5529814890,-0.5529814890
statsbomb,854,2022-07-22,3,0,0,0,0.1026625420,-0.1026625420
statsbomb,858,2022-07-22,34,8,1,0,3.0002835490,-2.0002835490
statsbomb,851,2022-07-23,9,1,0,0,0.5964582790,-0.5964582790
statsbomb,861,2022-07-23,33,10,1,1,4.2689015470,-3.2689015470
statsbomb,858,2022-07-26,11,3,0,0,1.1617817810,-1.1617817810
statsbomb,865,2022-07-26,17,8,4,0,1.6687135303,2.3312864697
statsbomb,857,2022-07-27,11,4,2,0,0.8625590450,1.1374409550
statsbomb,861,2022-07-27,14,3,0,0,0.6307605430,-0.6307605430
statsbomb,857,2022-07-31,15,4,1,0,1.7584670210,-0.7584670210
statsbomb,865,2022-07-31,13,7,2,0,1.6809909920,0.3190090080
statsbomb,131,2022-08-06,18,12,5,0,2.6113830920,2.3886169080
statsbomb,152,2022-08-06,7,1,0,0,0.2640343230,-0.2640343230
statsbomb,131,2022-08-13,20,10,4,1,3.5295500123,0.4704499877
statsbomb,139,2022-08-13,7,4,2,0,0.8105976310,1.1894023690
statsbomb,131,2022-08-21,16,9,7,0,3.8994216070,3.1005783930
statsbomb,143,2022-08-21,16,9,1,0,1.9739784200,-0.9739784200
statsbomb,129,2022-08-28,4,3,1,0,0.4528167980,0.5471832020
statsbomb,131,2022-08-28,18,5,1,1,2.5604435630,-1.5604435630
statsbomb,130,2022-08-31,14,7,0,0,0.8037850807,-0.8037850807
statsbomb,131,2022-08-31,21,12,3,0,3.0571432620,-0.0571432620
statsbomb,131,2022-09-03,20,6,3,0,3.8235215080,-0.8235215080
statsbomb,144,2022-09-03,11,1,0,0,0.4280334543,-0.4280334543
statsbomb,131,2022-09-10,14,4,1,0,1.4929676440,-0.4929676440
statsbomb,153,2022-09-10,6,3,0,0,1.0817895480,-1.0817895480
statsbomb,131,2022-09-18,15,7,1,0,1.9485006460,-0.9485006460
statsbomb,137,2022-09-18,12,2,0,0,0.8107324300,-0.8107324300
statsbomb,131,2022-10-01,12,4,2,0,0.7725035410,1.2274964590
statsbomb,136,2022-10-01,4,1,1,0,0.3824580090,0.6175419910
statsbomb,131,2022-10-16,22,8,1,0,2.0903075740,-1.0903075740
statsbomb,147,2022-10-16,20,7,0,0,1.2092799990,-1.2092799990
statsbomb,131,2022-10-21,11,6,3,0,2.8617608650,0.1382391350
statsbomb,158,2022-10-21,8,1,0,0,0.2400310327,-0.2400310327
statsbomb,131,2022-10-29,20,11,4,1,2.8354811610,1.1645188390
statsbomb,133,2022-10-29,16,5,3,0,1.7208469374,1.2791530626
statsbomb,131,2022-11-13,9,6,5,0,1.4279890900,3.5720109100
statsbomb,167,2022-11-13,10,3,0,0,0.6673704450,-0.6673704450
statsbomb,3565,2022-11-20,6,3,2,1,1.1540112984,0.8459887016
statsbomb,3566,2022-11-20,5,0,0,0,0.3041889505,-0.3041889505
statsbomb,768,2022-11-21,13,7,6,0,1.9871577450,4.0128422550
statsbomb,787,2022-11-21,15,4,0,0,0.6914927065,-0.6914927065
statsbomb,797,2022-11-21,8,3,2,1,1.4556585987,0.5443414013
statsbomb,907,2022-11-21,7,3,1,1,1.3953360120,-0.3953360120
statsbomb,941,2022-11-21,10,3,2,0,1.1238838000,0.8761162000
statsbomb,1839,2022-11-21,6,1,1,0,0.6024987946,0.3975012054
statsbomb,771,2022-11-22,23,6,4,0,3.1704957880,0.8295042120
statsbomb,776,2022-11-22,11,5,0,0,1.5665587580,-1.5665587580
statsbomb,777,2022-11-22,13,1,0,0,1.0599351180,-1.0599351180
statsbomb,779,2022-11-22,15,6,1,1,2.4916334460,-1.4916334460
statsbomb,789,2022-11-22,6,2,0,0,1.1379262280,-1.1379262280
statsbomb,792,2022-11-22,4,1,1,0,0.3232925400,0.6767074600
statsbomb,794,2022-11-22,11,4,0,0,0.5291349314,-0.5291349314
statsbomb,799,2022-11-22,3,2,2,0,0.1534616420,1.8465383580
statsbomb,770,2022-11-23,26,9,1,1,2.7680194210,-1.7680194210
statsbomb,772,2022-11-23,17,8,7,1,2.7619234730,4.2380765270
statsbomb,778,2022-11-23,12,4,2,0,1.2492595810,0.7507404190
statsbomb,782,2022-11-23,9,3,1,0,0.6700408540,0.3299591460
statsbomb,785,2022-11-23,5,1,0,0,0.8498605050,-0.8498605050
statsbomb,788,2022-11-23,8,2,0,0,0.3626389760,-0.3626389760
statsbomb,1833,2022-11-23,22,3,0,0,2.5462123360,-2.5462123360
statsbomb,773,2022-11-24,7,3,1,0,1.4265445360,-0.4265445360
statsbomb,780,2022-11-24,11,5,3,1,2.0968733930,0.9031266070
statsbomb,781,2022-11-24,23,9,2,0,2.1238895187,-0.1238895187
statsbomb,783,2022-11-24,10,1,0,0,0.4172943320,-0.4172943320
statsbomb,786,2022-11-24,5,0,0,0,0.1633271440,-0.1633271440
statsbomb,791,2022-11-24,7,0,0,0,0.4929925230,-0.4929925230
statsbomb,2722,2022-11-24,8,5,0,0,0.6130733495,-0.6130733495
statsbomb,4885,2022-11-24,9,3,2,0,0.7800233097,1.2199766903
statsbomb,768,2022-11-25,8,3,0,0,0.4606383460,-0.4606383460
statsbomb,787,2022-11-25,12,4,3,0,0.9029646220,2.0970353780
statsbomb,797,2022-11-25,21,6,2,0,1.4539579476,0.5460420524
statsbomb,907,2022-11-25,10,3,0,0,0.6156351910,-0.6156351910
statsbomb,941,2022-11-25,2,1,1,0,0.1044640250,0.8955359750
statsbomb,1839,2022-11-25,10,1,0,0,0.5142870020,-0.5142870020
statsbomb,3565,2022-11-25,15,4,1,0,1.6510543050,-0.6510543050
statsbomb,3566,2022-11-25,10,3,1,0,0.9600861730,0.0399138270
statsbomb,771,2022-11-26,21,6,2,0,1.9335694290,0.0664305710
statsbomb,776,2022-11-26,10,2,1,0,0.8885438420,0.1114561580
statsbomb,777,2022-11-26,14,4,0,0,1.0521703450,-1.0521703450
statsbomb,779,2022-11-26,5,2,2,0,0.3252041390,1.6747958610
statsbomb,789,2022-11-26,9,3,2,0,1.7341724850,0.2658275150
statsbomb,792,2022-11-26,9,2,1,0,0.3590377687,0.6409622313
statsbomb,794,2022-11-26,4,1,0,0,0.2063916517,-0.2063916517
statsbomb,799,2022-11-26,17,5,0,0,1.9719764840,-1.9719764840
statsbomb,770,2022-11-27,11,4,1,0,1.1469521137,-0.1469521137
statsbomb,772,2022-11-27,7,3,1,0,0.6395007165,0.3604992835
statsbomb,778,2022-11-27,13,3,0,0,0.7735334950,-0.7735334950
statsbomb,782,2022-11-27,10,4,0,0,0.6426120820,-0.6426120820
statsbomb,785,2022-11-27,13,10,4,0,2.6102110830,1.3897889170
statsbomb,788,2022-11-27,10,4,2,0,0.9911085500,1.0088914500
statsbomb,795,2022-11-27,4,1,1,0,0.1993683840,0.8006316160
statsbomb,1833,2022-11-27,8,2,1,0,0.2867951810,0.7132048190
statsbomb,773,2022-11-28,6,0,0,0,0.2886291750,-0.2886291750
statsbomb,780,2022-11-28,15,3,2,1,1.2137340056,0.7862659944
statsbomb,781,2022-11-28,13,5,1,0,0.9227299460,0.0772700540
statsbomb,783,2022-11-28,11,3,0,0,1.2166810740,-1.2166810740
statsbomb,786,2022-11-28,15,5,3,0,1.7380672830,1.2619327170
statsbomb,791,2022-11-28,21,6,2,0,1.3677928150,0.6322071850
statsbomb,2722,2022-11-28,13,8,3,0,2.0703093487,0.9296906513
statsbomb,4885,2022-11-28,7,3,3,0,1.1805358280,1.8194641720
statsbomb,768,2022-11-29,18,7,3,0,2.9154851700,0.0845148300
statsbomb,787,2022-11-29,13,3,2,1,1.7074647100,0.2925352900
statsbomb,797,2022-11-29,4,1,0,0,0.9207899420,-0.9207899420
statsbomb,907,2022-11-29,7,1,0,0,0.2080094980,-0.2080094980
statsbomb,941,2022-11-29,13,4,2,0,1.7139532730,0.2860467270
statsbomb,1839,2022-11-29,12,5,1,0,1.1696546010,-0.1696546010
statsbomb,3565,2022-11-29,9,4,1,0,1.0016627870,-0.0016627870
statsbomb,3566,2022-11-29,5,3,0,0,0.1437165750,-0.1437165750
statsbomb,771,2022-11-30,10,3,0,0,0.4769893740,-0.4769893740
statsbomb,776,2022-11-30,14,4,0,0,0.7371546320,-0.7371546320
statsbomb,777,2022-11-30,5,3,1,0,0.2983469860,0.7016530140
statsbomb,779,2022-11-30,24,13,2,0,3.0766596990,-1.0766596990
statsbomb,789,2022-11-30,4,0,0,0,0.1975952450,-0.1975952450
statsbomb,792,2022-11-30,8,4,1,0,0.4697233770,0.5302766230
statsbomb,794,2022-11-30,26,10,2,0,2.3221233279,-0.3221233279
statsbomb,799,2022-11-30,10,2,1,0,1.0761111420,-0.0761111420
statsbomb,770,2022-12-01,31,11,4,0,4.3161063970,-0.3161063970
statsbomb,772,2022-12-01,12,5,1,0,0.8577122080,0.1422877920
statsbomb,778,2022-12-01,6,3,2,0,1.1578006720,0.8421993280
statsbomb,782,2022-12-01,16,3,0,0,2.3818400918,-2.3818400918
statsbomb,785,2022-12-01,11,4,0,0,0.6950218960,-0.6950218960
statsbomb,788,2022-12-01,7,2,2,0,0.4264038250,1.5735961750
statsbomb,795,2022-12-01,7,5,1,0,1.0347440670,-0.0347440670
statsbomb,1833,2022-12-01,5,0,0,0,1.0956180120,-1.0956180120
statsbomb,773,2022-12-02,14,7,3,0,3.1035154720,-0.1035154720
statsbomb,780,2022-12-02,13,6,1,0,0.9737222660,0.0262777340
statsbomb,781,2022-12-02,21,8,0,0,2.3782188640,-2.3782188640
statsbomb,783,2022-12-02,12,6,2,0,1.6365584506,0.3634415494
statsbomb,786,2022-12-02,12,4,2,0,1.1890035350,0.8109964650
statsbomb,791,2022-12-02,12,6,2,0,1.3989824740,0.6010175260
statsbomb,2722,2022-12-02,7,3,1,0,0.3833607520,0.6166392480
statsbomb,4885,2022-12-02,9,4,0,0,1.3926941410,-1.3926941410
statsbomb,779,2022-12-03,14,5,2,0,1.4815793030,0.5184206970
statsbomb,792,2022-12-03,5,1,0,0,0.4261178200,-0.4261178200
statsbomb,941,2022-12-03,11,6,3,0,1.4819481150,1.5180518850
statsbomb,1839,2022-12-03,18,6,1,0,1.6520975440,-0.6520975440
statsbomb,768,2022-12-04,8,4,3,0,1.0200234610,1.9799765390
statsbomb,771,2022-12-04,16,8,3,0,1.1263744930,1.8736255070
statsbomb,787,2022-12-04,10,1,0,0,0.9728064330,-0.9728064330
statsbomb,789,2022-12-04,12,2,1,1,1.5935271240,-0.5935271240
statsbomb,778,2022-12-05,13,4,1,0,1.0689767660,-0.0689767660
statsbomb,781,2022-12-05,18,10,4,1,3.2614240970,0.7385759030
statsbomb,785,2022-12-05,17,4,1,0,0.8543975060,0.1456024940
statsbomb,791,2022-12-05,8,6,1,0,0.3448272774,0.6551727226
statsbomb,772,2022-12-06,12,1,0,0,0.4949908599,-0.4949908599
statsbomb,773,2022-12-06,10,3,1,0,1.2718271720,-0.2718271720
statsbomb,780,2022-12-06,15,9,6,0,2.2842600070,3.7157399930
statsbomb,788,2022-12-06,6,2,0,0,0.5703746060,-0.5703746060
statsbomb,779,2022-12-09,14,5,2,1,1.9391971310,0.0608028690
statsbomb,781,2022-12-09,20,11,1,0,1.8163305555,-0.8163305555
statsbomb,785,2022-12-09,9,1,1,0,0.6328888040,0.3671111960
statsbomb,941,2022-12-09,7,2,2,0,0.5695378270,1.4304621730
statsbomb,768,2022-12-10,16,7,1,1,2.3525514770,-1.3525514770
statsbomb,771,2022-12-10,8,5,2,0,0.8393620340,1.1606379660
statsbomb,780,2022-12-10,12,3,0,0,0.7441207567,-0.7441207567
statsbomb,788,2022-12-10,9,3,1,0,0.9720228750,0.0279771250
statsbomb,779,2022-12-13,9,7,3,1,1.8643632720,1.1356367280
statsbomb,785,2022-12-13,12,2,0,0,0.4100536413,-0.4100536413
statsbomb,771,2022-12-14,14,2,2,0,2.0024491160,-0.0024491160
statsbomb,788,2022-12-14,13,2,0,0,1.2303639900,-1.2303639900
statsbomb,785,2022-12-17,12,4,2,0,0.8492689636,1.1507310364
statsbomb,788,2022-12-17,9,2,1,0,0.9914571200,0.0085428800
statsbomb,771,2022-12-18,10,5,3,2,2.2726179490,0.7273820510
statsbomb,779,2022-12-18,20,10,3,1,2.7583059260,0.2416940740
statsbomb,131,2023-01-11,9,6,2,0,1.3508167280,0.6491832720
statsbomb,145,2023-01-11,6,0,0,0,0.3541919430,-0.3541919430
statsbomb,131,2023-01-15,8,1,0,0,1.0386884770,-1.0386884770
statsbomb,134,2023-01-15,8,6,1,0,0.5546924540,0.4453075460
statsbomb,131,2023-01-29,12,4,1,0,1.7197141280,-0.7197141280
statsbomb,156,2023-01-29,17,5,1,0,1.9074427530,-0.9074427530
statsbomb,131,2023-02-01,19,7,3,0,3.9969108030,-0.9969108030
statsbomb,139,2023-02-01,6,3,1,0,0.3462054920,0.6537945080
statsbomb,130,2023-02-04,12,5,1,0,0.7002973220,0.2997026780
statsbomb,131,2023-02-04,22,5,2,0,1.7680307960,0.2319692040
statsbomb,131,2023-02-19,12,10,4,0,1.2549418320,2.7450581680
statsbomb,143,2023-02-19,16,8,3,1,2.2040080629,0.7959919371
statsbomb,131,2023-02-26,12,7,3,0,2.1974639180,0.8025360820
statsbomb,147,2023-02-26,19,4,0,0,1.5676005460,-1.5676005460
statsbomb,131,2023-03-04,17,11,3,0,1.4720433525,1.5279566475
statsbomb,144,2023-03-04,8,5,2,0,0.4084848390,1.5915151610
statsbomb,131,2023-03-11,17,7,2,0,2.4703787850,-0.4703787850
statsbomb,153,2023-03-11,7,2,1,0,0.6218081050,0.3781918950
statsbomb,131,2023-03-19,17,8,0,0,1.5896716310,-1.5896716310
statsbomb,134,2023-03-19,10,3,2,0,1.3586413200,0.6413586800
statsbomb,766,2023-03-25,10,5,1,0,0.6412674830,0.3587325170
statsbomb,5106,2023-03-25,10,4,0,0,0.7371305350,-0.7371305350
statsbomb,759,2023-03-26,14,4,1,0,0.8031052160,0.1968947840
statsbomb,760,2023-03-26,16,4,0,0,1.4891485060,-1.4891485060
statsbomb,761,2023-03-26,14,6,2,1,2.6804685960,-0.6804685960
statsbomb,764,2023-03-26,8,1,0,0,0.5911919130,-0.5911919130
statsbomb,765,2023-03-26,26,15,4,0,5.1489469525,-1.1489469525
statsbomb,9101,2023-03-26,9,5,3,1,1.9568815670,1.0431184330
statsbomb,762,2023-03-27,15,7,0,0,1.0508951665,-1.0508951665
statsbomb,763,2023-03-27,15,9,2,1,1.7110284070,0.2889715930
statsbomb,5105,2023-03-27,18,5,0,0,1.4854775260,-1.4854775260
statsbomb,9100,2023-03-27,11,5,1,0,1.2674320530,-0.2674320530
statsbomb,759,2023-04-01,12,5,2,0,1.8180900500,0.1819099500
statsbomb,761,2023-04-01,13,2,0,0,0.8538188100,-0.8538188100
statsbomb,762,2023-04-01,8,3,2,1,2.3943298410,-0.3943298410
statsbomb,765,2023-04-01,18,8,4,1,2.1038616920,1.8961383080
statsbomb,5105,2023-04-01,11,4,2,0,0.6782796270,1.3217203730
statsbomb,5106,2023-04-01,10,2,1,0,1.1863147950,-0.1863147950
statsbomb,131,2023-04-02,16,5,0,0,1.0643197550,-1.0643197550
statsbomb,137,2023-04-02,10,3,1,0,2.2689583830,-1.2689583830
statsbomb,760,2023-04-02,9,5,2,0,1.7095746010,0.2904253990
statsbomb,763,2023-04-02,10,0,0,0,0.3830183310,-0.3830183310
statsbomb,764,2023-04-02,13,3,1,0,1.2854248040,-0.2854248040
statsbomb,766,2023-04-02,8,3,1,1,1.1164515090,-0.1164515090
statsbomb,9100,2023-04-02,15,6,2,1,2.8875620630,-0.8875620630
statsbomb,9101,2023-04-02,10,5,3,1,1.6900488580,1.3099511420
statsbomb,131,2023-04-08,13,4,2,0,0.7723604520,1.2276395480
statsbomb,136,2023-04-08,21,7,0,0,1.2730483900,-1.2730483900
statsbomb,131,2023-04-15,15,7,3,0,1.5001255870,1.4998744130
statsbomb,168,2023-04-15,14,7,1,1,1.7146206010,-0.7146206010
statsbomb,762,2023-04-15,14,6,1,0,1.6254079450,-0.6254079450
statsbomb,765,2023-04-15,21,5,1,0,2.8121797510,-1.8121797510
statsbomb,759,2023-04-16,9,4,2,1,1.3826410530,0.6173589470
statsbomb,760,2023-04-16,16,5,1,0,0.9761717590,0.0238282410
statsbomb,761,2023-04-16,8,5,3,0,1.0364377050,1.9635622950
statsbomb,763,2023-04-16,20,6,2,1,2.2767461990,-0.2767461990
statsbomb,764,2023-04-16,10,5,0,0,0.5957915060,-0.5957915060
statsbomb,766,2023-04-16,17,3,1,1,1.5799811590,-0.5799811590
statsbomb,5105,2023-04-16,13,2,2,1,1.8651313590,0.1348686410
statsbomb,5106,2023-04-16,7,3,2,0,1.8276746160,0.1723253840
statsbomb,9100,2023-04-16,26,7,2,0,2.2321119230,-0.2321119230
statsbomb,9101,2023-04-16,10,3,0,0,1.3741836900,-1.3741836900
statsbomb,131,2023-04-21,10,4,2,0,1.9138047460,0.0861952540
statsbomb,145,2023-04-21,16,4,1,0,1.2455132760,-0.2455132760
statsbomb,760,2023-04-22,15,5,5,0,1.4838915210,3.5161084790
statsbomb,761,2023-04-22,10,5,2,0,0.7923948600,1.2076051400
statsbomb,759,2023-04-23,11,4,0,0,0.7049194740,-0.7049194740
statsbomb,762,2023-04-23,10,5,0,0,0.5635900210,-0.5635900210
statsbomb,763,2023-04-23,18,5,1,0,1.1416786675,-0.1416786675
statsbomb,764,2023-04-23,14,1,0,0,1.1216506710,-1.1216506710
statsbomb,765,2023-04-23,20,6,2,0,1.8832470480,0.1167529520
statsbomb,766,2023-04-23,9,3,0,0,1.1640787930,-1.1640787930
statsbomb,5105,2023-04-23,13,4,0,0,0.8358719190,-0.8358719190
statsbomb,5106,2023-04-23,11,5,2,0,1.3084838310,0.6915161690
statsbomb,9100,2023-04-24,15,2,0,0,0.7250863690,-0.7250863690
statsbomb,9101,2023-04-24,7,3,2,0,0.4354265925,1.5645734075
statsbomb,762,2023-04-29,7,1,0,0,0.2873806450,-0.2873806450
statsbomb,766,2023-04-29,7,2,1,0,0.7381568330,0.2618431670
statsbomb,131,2023-04-30,13,4,1,0,1.9841896513,-0.9841896513
statsbomb,165,2023-04-30,14,6,3,0,3.2116284320,-0.2116284320
statsbomb,759,2023-04-30,23,6,1,1,2.8934561620,-1.8934561620
statsbomb,760,2023-04-30,11,3,2,1,1.7078174380,0.2921825620
statsbomb,761,2023-04-30,11,3,1,0,1.1616656680,-0.1616656680
statsbomb,763,2023-04-30,13,3,0,0,1.1515748450,-1.1515748450
statsbomb,764,2023-04-30,14,6,3,0,0.8300915270,2.1699084730
statsbomb,765,2023-04-30,15,6,3,1,2.1497566040,0.8502433960
statsbomb,5105,2023-04-30,17,8,2,0,1.0976685140,0.9023314860
statsbomb,5106,2023-04-30,12,8,2,0,3.0006241090,-1.0006241090
statsbomb,9100,2023-04-30,14,2,2,0,0.9523293380,1.0476706620
statsbomb,9101,2023-04-30,17,4,1,0,1.0645895190,-0.0645895190
statsbomb,759,2023-05-06,15,10,3,0,1.7056369910,1.2943630090
statsbomb,9101,2023-05-06,4,3,1,0,0.7907164710,0.2092835290
statsbomb,760,2023-05-07,12,4,2,0,1.2590224215,0.7409775785
statsbomb,762,2023-05-07,7,3,0,0,0.4259243170,-0.4259243170
statsbomb,764,2023-05-07,16,7,1,0,1.6101382330,-0.6101382330
statsbomb,765,2023-05-07,19,10,3,0,2.5364309375,0.4635690625
statsbomb,766,2023-05-07,9,5,2,0,1.3211085640,0.6788914360
statsbomb,5105,2023-05-07,18,7,0,0,1.0575160860,-1.0575160860
statsbomb,761,2023-05-08,8,4,1,0,0.8341778100,0.1658221900
statsbomb,763,2023-05-08,14,7,2,0,1.9680943550,0.0319056450
statsbomb,5106,2023-05-08,11,8,2,0,1.8500646710,0.1499353290
statsbomb,9100,2023-05-08,14,5,3,0,1.3883642480,1.6116357520
statsbomb,131,2023-05-13,16,8,4,0,2.1420416320,1.8579583680
statsbomb,158,2023-05-13,7,1,0,0,0.3031289150,-0.3031289150
statsbomb,761,2023-05-13,12,5,0,0,0.7066542717,-0.7066542717
statsbomb,762,2023-05-13,12,5,2,0,1.5094103380,0.4905896620
statsbomb,765,2023-05-13,12,5,1,0,1.3850083420,-0.3850083420
statsbomb,5105,2023-05-13,15,11,2,1,2.4834290700,-0.4834290700
statsbomb,759,2023-05-14,13,3,1,1,1.6661967030,-0.6661967030
statsbomb,760,2023-05-14,10,2,0,0,0.7653315020,-0.7653315020
statsbomb,766,2023-05-14,10,3,1,0,0.8848024070,0.1151975930
statsbomb,5106,2023-05-14,20,4,0,0,1.3947701505,-1.3947701505
statsbomb,9100,2023-05-14,9,2,0,0,0.5498833040,-0.5498833040
statsbomb,9101,2023-05-14,10,4,1,0,0.9697005190,0.0302994810
statsbomb,763,2023-05-15,6,1,0,0,0.3674889885,-0.3674889885
statsbomb,764,2023-05-15,13,6,0,0,1.5938760780,-1.5938760780
statsbomb,131,2023-05-21,15,4,2,0,1.5520369840,0.4479630160
statsbomb,167,2023-05-21,14,7,1,0,0.8707036200,0.1292963800
statsbomb,759,2023-05-21,9,6,1,0,0.5672379770,0.4327620230
statsbomb,762,2023-05-21,13,1,0,0,0.7362962038,-0.7362962038
statsbomb,764,2023-05-21,14,4,2,1,1.5583028740,0.4416971260
statsbomb,766,2023-05-21,12,3,0,0,1.5175338965,-1.5175338965
statsbomb,5105,2023-05-21,15,4,2,0,2.1096579430,-0.1096579430
statsbomb,5106,2023-05-21,18,6,0,0,1.8122168470,-1.8122168470
statsbomb,9100,2023-05-21,6,1,0,0,0.2552080430,-0.2552080430
statsbomb,9101,2023-05-21,11,7,3,0,2.0242849450,0.9757150550
statsbomb,760,2023-05-22,10,4,1,0,1.3023100320,-0.3023100320
statsbomb,761,2023-05-22,9,0,0,0,0.6039746740,-0.6039746740
statsbomb,763,2023-05-22,14,7,4,0,1.8168737390,2.1831262610
statsbomb,765,2023-05-22,22,12,4,0,2.3262132680,1.6737867320
statsbomb,131,2023-05-27,7,2,1,0,0.9099298160,0.0900701840
statsbomb,138,2023-05-27,17,4,1,0,1.4004451560,-0.4004451560
statsbomb,760,2023-05-27,24,11,4,0,2.4690314760,1.5309685240
statsbomb,762,2023-05-27,11,5,2,0,0.7558316600,1.2441683400
statsbomb,765,2023-05-27,27,8,1,0,1.8096972200,-0.8096972200
statsbomb,5106,2023-05-27,13,5,0,0,0.7940306900,-0.7940306900
statsbomb,9100,2023-05-27,7,2,1,0,0.3328076360,0.6671923640
statsbomb,9101,2023-05-27,16,5,1,0,1.5681411640,-0.5681411640
statsbomb,761,2023-05-28,2,2,1,0,0.2569551930,0.7430448070
statsbomb,764,2023-05-28,19,6,0,0,2.3744027530,-2.3744027530
statsbomb,766,2023-05-28,13,5,2,0,0.7455900880,1.2544099120
statsbomb,5105,2023-05-28,17,6,1,0,2.4374456900,-1.4374456900
statsbomb,759,2023-05-29,7,4,1,0,0.5767990410,0.4232009590
statsbomb,763,2023-05-29,13,2,1,0,0.7890209963,0.2109790037
statsbomb,131,2023-06-03,16,6,2,1,2.0178809660,-0.0178809660
statsbomb,152,2023-06-03,12,5,3,0,3.3718212710,-0.3718212710
statsbomb,759,2023-06-04,21,5,1,0,2.2879368840,-1.2879368840
statsbomb,760,2023-06-04,15,4,0,0,1.5400437790,-1.5400437790
statsbomb,762,2023-06-04,13,7,2,0,1.5944509930,0.4055490070
statsbomb,764,2023-06-04,16,7,0,0,1.3227025990,-1.3227025990
statsbomb,765,2023-06-04,19,5,2,0,1.8305336444,0.1694663556
statsbomb,766,2023-06-04,7,1,0,0,0.5393051380,-0.5393051380
statsbomb,5105,2023-06-04,11,3,1,1,1.3167569020,-0.3167569020
statsbomb,5106,2023-06-04,11,3,1,0,1.1745932410,-0.1745932410
statsbomb,763,2023-06-05,15,2,0,0,0.7258589680,-0.7258589680
statsbomb,9101,2023-06-05,9,3,1,0,1.4347426300,-0.4347426300
statsbomb,761,2023-06-06,6,2,2,0,0.4907863240,1.5092136760
statsbomb,9100,2023-06-06,15,4,1,0,1.3045020550,-0.3045020550
statsbomb,5105,2023-06-10,10,4,0,0,0.4706719010,-0.4706719010
statsbomb,9101,2023-06-10,14,4,0,0,0.6771380540,-0.6771380540
statsbomb,759,2023-06-11,15,8,2,0,1.7411314145,0.2588685855
statsbomb,760,2023-06-11,11,5,2,1,1.5141149000,0.4858851000
statsbomb,761,2023-06-11,8,0,0,0,1.0329292850,-1.0329292850
statsbomb,766,2023-06-11,15,8,5,0,2.1925026350,2.8074973650
statsbomb,5106,2023-06-11,6,3,1,0,0.6517672190,0.3482327810
statsbomb,9100,2023-06-11,20,4,1,0,1.7074885870,-0.7074885870
statsbomb,762,2023-06-12,7,2,1,0,1.4033755560,-0.4033755560
statsbomb,763,2023-06-12,7,4,1,1,1.6162257420,-0.6162257420
statsbomb,764,2023-06-12,16,8,3,0,1.1714802090,1.8285197910
statsbomb,765,2023-06-12,19,7,1,0,1.6425943410,-0.6425943410
statsbomb,9100,2023-06-17,15,5,2,0,0.9176728210,1.0823271790
statsbomb,9101,2023-06-17,9,5,1,0,0.6075023310,0.3924976690
statsbomb,759,2023-06-18,11,3,3,0,1.0605913520,1.9394086480
statsbomb,760,2023-06-18,8,1,0,0,0.7437596560,-0.7437596560
statsbomb,762,2023-06-18,18,5,0,0,1.5651794730,-1.5651794730
statsbomb,763,2023-06-18,19,7,0,0,0.9095047490,-0.9095047490
statsbomb,764,2023-06-18,12,1,0,0,0.6970979380,-0.6970979380
statsbomb,766,2023-06-18,15,6,2,0,1.5961158426,0.4038841574
statsbomb,5105,2023-06-18,13,3,2,0,1.4774861450,0.5225138550
statsbomb,5106,2023-06-18,16,8,2,1,2.1378292300,-0.1378292300
statsbomb,761,2023-06-19,16,6,2,1,1.5643061070,0.4356938930
statsbomb,765,2023-06-19,21,7,3,0,1.6047053770,1.3952946230
statsbomb,759,2023-06-24,15,4,2,0,1.5389916510,0.4610083490
statsbomb,764,2023-06-24,14,6,1,1,1.8973279200,-0.8973279200
statsbomb,765,2023-06-24,18,6,4,0,1.2703366243,2.7296633757
statsbomb,5106,2023-06-24,10,6,2,0,1.5081478708,0.4918521292
statsbomb,760,2023-06-25,9,4,2,0,0.6218650410,1.3781349590
statsbomb,766,2023-06-25,12,2,1,0,1.7038123415,-0.7038123415
statsbomb,5105,2023-06-25,10,2,0,0,0.7278011580,-0.7278011580
statsbomb,9101,2023-06-25,6,1,1,0,0.9172497620,0.0827502380
statsbomb,761,2023-06-26,8,3,1,0,0.9819910330,0.0180089670
statsbomb,762,2023-06-26,11,0,0,0,0.9143998175,-0.9143998175
statsbomb,763,2023-06-26,15,6,2,0,0.9348458250,1.0651541750
statsbomb,9100,2023-06-26,12,4,0,0,1.0712633040,-1.0712633040
statsbomb,760,2023-07-01,12,5,2,0,0.7089572580,1.2910427420
statsbomb,5105,2023-07-01,7,4,2,1,0.9254079595,1.0745920405
statsbomb,759,2023-07-02,9,2,0,0,0.5631013250,-0.5631013250
statsbomb,761,2023-07-02,8,2,1,0,1.3309223980,-0.3309223980
statsbomb,762,2023-07-02,11,1,0,0,0.6495535460,-0.6495535460
statsbomb,764,2023-07-02,12,4,2,0,1.4874777860,0.5125222140
statsbomb,765,2023-07-02,25,8,0,0,1.8728158500,-1.8728158500
statsbomb,766,2023-07-02,13,4,1,0,0.7764511575,0.2235488425
statsbomb,5106,2023-07-02,5,3,1,1,1.0732948170,-0.0732948170
statsbomb,9101,2023-07-02,15,4,0,0,1.6841605620,-1.6841605620
statsbomb,763,2023-07-03,11,3,0,0,1.4471726640,-1.4471726640
statsbomb,9100,2023-07-03,7,1,0,0,0.9703047745,-0.9703047745
statsbomb,760,2023-07-08,5,2,0,0,0.2891618900,-0.2891618900
statsbomb,761,2023-07-08,10,2,1,0,1.1693472260,-0.1693472260
statsbomb,762,2023-07-08,12,4,0,0,0.6690623323,-0.6690623323
statsbomb,764,2023-07-08,16,6,1,0,1.2685726720,-0.2685726720
statsbomb,5105,2023-07-08,29,10,2,0,1.7054092420,0.2945907580
statsbomb,5106,2023-07-08,6,1,1,1,1.2511862630,-0.2511862630
statsbomb,759,2023-07-09,10,3,1,1,1.3151782400,-0.3151782400
statsbomb,9101,2023-07-09,23,9,2,0,1.8000817640,0.1999182360
statsbomb,763,2023-07-10,13,7,2,0,2.5189270670,-0.5189270670
statsbomb,765,2023-07-10,12,5,1,0,1.6930766190,-0.6930766190
statsbomb,766,2023-07-10,9,5,1,0,0.8555579390,0.1444420610
statsbomb,9100,2023-07-10,19,7,1,0,1.9451584560,-0.9451584560
statsbomb,852,2023-07-20,13,2,0,0,0.9780007580,-0.9780007580
statsbomb,1205,2023-07-20,13,2,1,1,1.4420012665,-0.4420012665
statsbomb,1215,2023-07-20,12,2,1,0,1.6264745423,-0.6264745423
statsbomb,16768,2023-07-20,9,1,0,0,0.6949942070,-0.6949942070
statsbomb,860,2023-07-21,18,7,2,1,3.3536723810,-1.3536723810
statsbomb,863,2023-07-21,46,12,2,0,4.1715219510,-2.1715219510
statsbomb,1106,2023-07-21,3,0,0,0,0.1733124680,-0.1733124680
statsbomb,1206,2023-07-21,16,3,0,0,1.6059658200,-1.6059658200
statsbomb,1213,2023-07-21,10,1,0,0,0.4691193334,-0.4691193334
statsbomb,1832,2023-07-21,1,0,0,0,0.1298701600,-0.1298701600
statsbomb,853,2023-07-22,13,2,1,0,0.8643483650,0.1356516350
statsbomb,865,2023-07-22,20,11,1,1,2.5237454113,-1.5237454113
statsbomb,1207,2023-07-22,8,2,0,0,0.2627311320,-0.2627311320
statsbomb,1210,2023-07-22,26,10,5,1,4.6190356464,0.3809643536
statsbomb,1214,2023-07-22,29,6,3,0,3.9563675450,-0.9563675450
statsbomb,2355,2023-07-22,7,2,0,0,0.6454013455,-0.6454013455
statsbomb,851,2023-07-23,12,5,1,0,1.2178588190,-0.2178588190
statsbomb,858,2023-07-23,16,6,2,0,1.6040978290,0.3959021710
statsbomb,861,2023-07-23,14,5,0,0,1.8991741330,-1.8991741330
statsbomb,864,2023-07-23,2,1,0,0,0.0841939400,-0.0841939400
statsbomb,1212,2023-07-23,6,2,0,0,0.1644574482,-0.1644574482
statsbomb,1216,2023-07-23,10,4,1,0,1.0367046510,-0.0367046510
statsbomb,855,2023-07-24,12,4,1,0,0.5389511710,0.4610488290
statsbomb,857,2023-07-24,16,6,4,0,2.3154620140,1.6845379860
statsbomb,1203,2023-07-24,33,10,4,0,3.5553282470,0.4446717530
statsbomb,1204,2023-07-24,5,1,0,0,0.2361659321,-0.2361659321
statsbomb,2391,2023-07-24,6,4,0,0,0.1764720397,-0.1764720397
statsbomb,16803,2023-07-24,6,2,0,0,0.1613343252,-0.1613343252
statsbomb,852,2023-07-25,15,5,0,0,1.2123288210,-1.2123288210
statsbomb,860,2023-07-25,8,1,0,0,0.9484050920,-0.9484050920
statsbomb,1106,2023-07-25,4,1,1,0,0.3055988400,0.6944011600
statsbomb,1211,2023-07-25,5,3,0,0,0.3276148120,-0.3276148120
statsbomb,1215,2023-07-25,18,4,0,0,1.3607474370,-1.3607474370
statsbomb,16802,2023-07-25,17,5,2,1,1.5127524940,0.4872475060
statsbomb,863,2023-07-26,22,13,5,0,3.7751870210,1.2248129790
statsbomb,1206,2023-07-26,17,7,1,0,1.7719846110,-0.7719846110
statsbomb,1210,2023-07-26,23,11,2,0,2.4619794100,-0.4619794100
statsbomb,1832,2023-07-26,6,1,0,0,0.1453328790,-0.1453328790
statsbomb,6045,2023-07-26,10,2,0,0,0.4060642065,-0.4060642065
statsbomb,16768,2023-07-26,14,6,1,0,1.0235607950,-0.0235607950
statsbomb,851,2023-07-27,5,1,1,0,0.4871408790,0.5128591210
statsbomb,864,2023-07-27,29,9,2,0,3.8234859485,-1.8234859485
statsbomb,1205,2023-07-27,29,8,2,0,2.3302145330,-0.3302145330
statsbomb,1213,2023-07-27,11,6,3,0,1.1819037143,1.8180962857
statsbomb,1214,2023-07-27,18,3,1,0,1.0080451930,-0.0080451930
statsbomb,16769,2023-07-27,5,1,0,0,0.1655030210,-0.1655030210
statsbomb,853,2023-07-28,6,2,0,0,0.5216109680,-0.5216109680
statsbomb,865,2023-07-28,12,4,1,0,1.0148310960,-0.0148310960
statsbomb,1204,2023-07-28,13,4,2,0,0.5882881020,1.4117118980
statsbomb,1207,2023-07-28,8,3,1,1,1.2592524120,-0.2592524120
statsbomb,1216,2023-07-28,13,4,2,0,2.1760673870,-0.1760673870
statsbomb,2355,2023-07-28,7,1,0,0,0.7626360980,-0.7626360980
statsbomb,855,2023-07-29,12,2,0,0,0.6824053325,-0.6824053325
statsbomb,858,2023-07-29,21,7,5,0,3.5935176160,1.4064823840
statsbomb,861,2023-07-29,20,7,2,0,0.9078841072,1.0921158928
statsbomb,1203,2023-07-29,11,2,1,0,0.9500322640,0.0499677360
statsbomb,1212,2023-07-29,21,5,1,0,1.0424389360,-0.0424389360
statsbomb,16803,2023-07-29,13,4,0,0,0.5091767395,-0.5091767395
statsbomb,852,2023-07-30,31,12,5,1,3.4810487920,1.5189512080
statsbomb,857,2023-07-30,14,2,1,1,1.4960565400,-0.4960565400
statsbomb,860,2023-07-30,3,2,0,0,0.0824232380,-0.0824232380
statsbomb,1106,2023-07-30,4,1,0,0,0.1113962160,-0.1113962160
statsbomb,1211,2023-07-30,17,0,0,0,1.3857554852,-1.3857554852
statsbomb,1215,2023-07-30,12,3,0,0,0.6978321840,-0.6978321840
statsbomb,2391,2023-07-30,10,2,1,0,1.0325684920,-0.0325684920
statsbomb,16802,2023-07-30,9,4,2,0,0.4837397987,1.5162602013
statsbomb,863,2023-07-31,10,2,0,0,0.5793094562,-0.5793094562
statsbomb,1205,2023-07-31,11,6,4,1,3.1008675615,0.8991324385
statsbomb,1206,2023-07-31,11,3,0,0,0.5295220400,-0.5295220400
statsbomb,1210,2023-07-31,7,4,4,0,0.8821753840,3.1178246160
statsbomb,1213,2023-07-31,11,2,0,0,1.1301589660,-1.1301589660
statsbomb,1832,2023-07-31,16,3,1,0,2.2994698280,-1.2994698280
statsbomb,6045,2023-07-31,15,8,3,1,1.9483859435,1.0516140565
statsbomb,16768,2023-07-31,5,1,0,0,0.4961093890,-0.4961093890
statsbomb,851,2023-08-01,41,17,7,0,4.2383519381,2.7616480619
statsbomb,853,2023-08-01,9,6,2,1,1.8128935860,0.1871064140
statsbomb,864,2023-08-01,6,0,0,0,0.3233510460,-0.3233510460
statsbomb,865,2023-08-01,17,7,6,0,2.2611168600,3.7388831400
statsbomb,1207,2023-08-01,7,3,1,1,1.0159111290,-0.0159111290
statsbomb,1214,2023-08-01,17,5,0,0,1.5861648400,-1.5861648400
statsbomb,2355,2023-08-01,9,2,0,0,0.5274343557,-0.5274343557
statsbomb,16769,2023-08-01,5,1,0,0,0.2764343810,-0.2764343810
statsbomb,855,2023-08-02,17,7,2,1,3.1960250290,-1.1960250290
statsbomb,858,2023-08-02,7,3,2,1,1.5574079350,0.4425920650
statsbomb,861,2023-08-02,26,8,6,2,3.3391552790,2.6608447210
statsbomb,1203,2023-08-02,18,8,0,0,1.2934621858,-1.2934621858
statsbomb,1204,2023-08-02,6,2,0,0,0.3403296344,-0.3403296344
statsbomb,1212,2023-08-02,3,0,0,0,0.1673448780,-0.1673448780
statsbomb,1216,2023-08-02,12,5,2,0,0.7722712755,1.2277287245
statsbomb,16803,2023-08-02,6,3,3,1,1.4269441130,1.5730558870
statsbomb,857,2023-08-03,12,3,1,0,1.3172910360,-0.3172910360
statsbomb,1211,2023-08-03,5,2,1,0,1.0127225388,-0.0127225388
statsbomb,2391,2023-08-03,8,6,1,0,1.6950557695,-0.6950557695
statsbomb,16802,2023-08-03,11,4,0,0,0.5623994560,-0.5623994560
statsbomb,852,2023-08-05,8,3,1,0,0.6256051220,0.3743948780
statsbomb,860,2023-08-05,2,1,0,0,0.2423177850,-0.2423177850
statsbomb,863,2023-08-05,26,10,5,0,2.8282629550,2.1717370450
statsbomb,1210,2023-08-05,16,4,2,0,0.9838508530,1.0161491470
statsbomb,851,2023-08-06,12,6,2,0,1.3935986697,0.6064013303
statsbomb,858,2023-08-06,9,1,0,0,0.5033294220,-0.5033294220
statsbomb,1214,2023-08-06,22,11,0,0,1.3313473173,-1.3313473173
statsbomb,1216,2023-08-06,14,8,0,0,0.9574853170,-0.9574853170
statsbomb,853,2023-08-07,13,3,0,0,0.6248664550,-0.6248664550
statsbomb,865,2023-08-07,12,4,0,0,0.7509936010,-0.7509936010
statsbomb,1205,2023-08-07,10,3,2,0,0.8344241600,1.1655758400
statsbomb,1213,2023-08-07,19,2,0,0,1.0912170600,-1.0912170600
statsbomb,861,2023-08-08,15,5,4,0,1.8404692800,2.1595307200
statsbomb,1212,2023-08-08,6,2,0,0,0.7123244600,-0.7123244600
statsbomb,2391,2023-08-08,1,0,0,0,0.0248448480,-0.0248448480
statsbomb,16802,2023-08-08,11,3,1,0,1.1459130130,-0.1459130130
statsbomb,851,2023-08-11,9,3,1,0,0.9478654540,0.0521345460
statsbomb,858,2023-08-11,15,6,2,1,2.1645806990,-0.1645806990
statsbomb,863,2023-08-11,28,9,2,1,3.2635178010,-1.2635178010
statsbomb,1210,2023-08-11,11,3,1,0,1.7383049100,-0.7383049100
statsbomb,861,2023-08-12,22,5,0,0,1.6635760095,-1.6635760095
statsbomb,865,2023-08-12,10,6,2,0,1.5296865620,0.4703134380
statsbomb,1205,2023-08-12,16,3,0,0,1.9476306470,-1.9476306470
statsbomb,16802,2023-08-12,15,3,1,0,0.4357513145,0.5642486855
statsbomb,858,2023-08-15,6,3,1,0,0.7317332980,0.2682667020
statsbomb,863,2023-08-15,13,2,2,0,1.3759553100,0.6240446900
statsbomb,865,2023-08-16,15,5,3,0,1.0527788340,1.9472211660
statsbomb,1205,2023-08-16,12,4,1,0,1.1424423320,-0.1424423320
statsbomb,182,2023-08-19,14,6,2,0,1.7221100680,0.2778899320
statsbomb,760,2023-08-19,8,4,0,0,1.5496492230,-1.5496492230
statsbomb,858,2023-08-19,11,5,2,1,1.5701500685,0.4298499315
statsbomb,904,2023-08-19,11,7,3,0,1.5233641670,1.4766358330
statsbomb,1205,2023-08-19,11,4,0,0,0.7433371977,-0.7433371977
statsbomb,5106,2023-08-19,13,4,1,0,1.0527183170,-0.0527183170
statsbomb,759,2023-08-20,8,3,1,0,0.7804678195,0.2195321805
statsbomb,762,2023-08-20,21,8,1,0,1.2303991700,-0.2303991700
statsbomb,763,2023-08-20,13,4,1,0,1.0614276470,-0.0614276470
statsbomb,863,2023-08-20,14,5,1,0,2.1941230640,-1.1941230640
statsbomb,865,2023-08-20,8,3,0,0,0.4696789131,-0.4696789131
statsbomb,5105,2023-08-20,13,3,1,0,0.7603599080,0.2396400920
statsbomb,9100,2023-08-20,20,6,1,0,1.4510801445,-0.4510801445
statsbomb,9101,2023-08-20,6,3,2,0,1.1342265490,0.8657734510
statsbomb,761,2023-08-21,9,1,0,0,0.3761200680,-0.3761200680
statsbomb,764,2023-08-21,14,7,5,0,2.0589425020,2.9410574980
statsbomb,765,2023-08-21,12,5,2,0,1.7898456550,0.2101543450
statsbomb,766,2023-08-21,9,3,1,0,0.9324709210,0.0675290790
statsbomb,185,2023-08-26,12,2,0,0,0.7992645627,-0.7992645627
statsbomb,764,2023-08-26,17,6,1,0,1.2673916464,-0.2673916464
statsbomb,904,2023-08-26,24,11,3,0,2.7198706740,0.2801293260
statsbomb,9101,2023-08-26,8,5,2,0,0.7183243500,1.2816756500
statsbomb,387,2023-08-27,13,4,0,0,1.1085987450,-1.1085987450
statsbomb,761,2023-08-27,11,3,1,0,1.1274799490,-0.1274799490
statsbomb,762,2023-08-27,15,1,1,0,0.8776846990,0.1223153010
statsbomb,766,2023-08-27,9,4,1,0,1.7246431330,-0.7246431330
statsbomb,1975,2023-08-27,6,3,2,0,1.3837819010,0.6162180990
statsbomb,5106,2023-08-27,15,6,1,0,1.3335404380,-0.3335404380
statsbomb,759,2023-08-28,14,5,1,1,1.3445834740,-0.3445834740
statsbomb,760,2023-08-28,14,4,1,1,1.4954340470,-0.4954340470
statsbomb,763,2023-08-28,19,5,0,0,1.4242047420,-1.4242047420
statsbomb,765,2023-08-28,10,3,1,0,1.0549630100,-0.0549630100
statsbomb,5105,2023-08-28,10,1,0,0,0.8597884970,-0.8597884970
statsbomb,9100,2023-08-28,5,3,2,0,0.6526668680,1.3473331320
statsbomb,1938,2023-08-31,7,2,0,0,0.5504003210,-0.5504003210
statsbomb,1975,2023-08-31,13,4,0,0,0.6666269590,-0.6666269590
statsbomb,872,2023-09-02,5,1,1,0,0.5792024480,0.4207975520
statsbomb,904,2023-09-02,25,13,5,0,3.3046411770,1.6953588230
statsbomb,5106,2023-09-02,18,2,0,0,1.5326114970,-1.5326114970
statsbomb,9100,2023-09-02,15,6,1,0,0.9105873770,0.0894126230
statsbomb,763,2023-09-03,16,5,3,1,2.8321258360,0.1678741640
statsbomb,765,2023-09-03,15,5,1,0,1.3405325960,-0.3405325960
statsbomb,766,2023-09-03,10,5,3,0,0.9109294100,2.0890705900
statsbomb,5105,2023-09-03,26,9,2,0,2.8921341690,-0.8921341690
statsbomb,759,2023-09-04,24,9,0,0,2.7669280610,-2.7669280610
statsbomb,760,2023-09-04,18,7,1,0,1.5025493030,-0.5025493030
statsbomb,761,2023-09-04,5,2,2,0,0.9542217320,1.0457782680
statsbomb,762,2023-09-04,6,0,0,0,0.3020180240,-0.3020180240
statsbomb,764,2023-09-04,4,1,0,0,0.2866872940,-0.2866872940
statsbomb,919,2023-09-04,22,6,1,0,1.8658696580,-0.8658696580
statsbomb,1975,2023-09-04,9,6,3,0,1.7875688150,1.2124311850
statsbomb,9101,2023-09-04,32,10,1,0,3.8339046800,-2.8339046800
statsbomb,169,2023-09-15,16,9,2,0,2.2095244050,-0.2095244050
statsbomb,904,2023-09-15,13,5,2,1,2.2180567730,-0.2180567730
statsbomb,1069,2023-09-15,21,3,2,0,2.1186128400,-0.1186128400
statsbomb,3165,2023-09-15,10,4,2,0,1.8218231818,0.1781768182
statsbomb,3277,2023-09-15,5,1,0,0,0.2364401420,-0.2364401420
statsbomb,3282,2023-09-15,27,8,2,0,4.3754037284,-2.3754037284
statsbomb,762,2023-09-16,19,5,1,0,1.2473552421,-0.2473552421
statsbomb,924,2023-09-16,4,2,0,0,0.2523217030,-0.2523217030
statsbomb,937,2023-09-16,23,4,2,0,2.0984190460,-0.0984190460
statsbomb,1076,2023-09-16,15,5,3,0,1.9134543890,1.0865456110
statsbomb,1086,2023-09-16,19,7,2,0,1.8118329740,0.1881670260
statsbomb,1105,2023-09-16,11,5,3,0,0.6389606910,2.3610393090
statsbomb,3154,2023-09-16,4,2,1,1,0.8635935050,0.1364064950
statsbomb,3168,2023-09-16,22,8,5,0,3.4675824870,1.5324175130
statsbomb,3169,2023-09-16,26,9,8,0,3.1572271633,4.8427728367
statsbomb,3270,2023-09-16,7,3,0,0,0.3253375800,-0.3253375800
statsbomb,3275,2023-09-16,14,4,1,0,1.4728952128,-0.4728952128
statsbomb,3278,2023-09-16,7,1,0,0,0.1756024900,-0.1756024900
statsbomb,3279,2023-09-16,7,2,1,0,0.8897950320,0.1102049680
statsbomb,5105,2023-09-16,17,6,0,0,1.6404369010,-1.6404369010
statsbomb,6604,2023-09-16,11,4,0,0,0.7646968790,-0.7646968790
statsbomb,6755,2023-09-16,8,4,2,0,0.2601998580,1.7398001420
statsbomb,11864,2023-09-16,10,4,2,1,1.6942424010,0.3057575990
statsbomb,19106,2023-09-16,3,3,1,0,0.1240746290,0.8759253710
statsbomb,759,2023-09-17,8,1,0,0,0.8965060610,-0.8965060610
statsbomb,760,2023-09-17,9,3,0,0,0.6377748610,-0.6377748610
statsbomb,763,2023-09-17,17,4,2,0,1.8711726670,0.1288273330
statsbomb,765,2023-09-17,14,8,2,0,2.3528511290,-0.3528511290
statsbomb,929,2023-09-17,22,11,3,0,2.4200557030,0.5799442970
statsbomb,3144,2023-09-17,17,3,2,0,2.2739594920,-0.2739594920
statsbomb,3150,2023-09-17,6,5,2,0,0.5956824140,1.4043175860
statsbomb,3152,2023-09-17,27,7,4,0,2.7594003373,1.2405996627
statsbomb,3155,2023-09-17,20,3,1,0,1.1303955430,-0.1303955430
statsbomb,3164,2023-09-17,9,4,2,0,0.6536361290,1.3463638710
statsbomb,3166,2023-09-17,7,1,0,0,0.6438374590,-0.6438374590
statsbomb,3170,2023-09-17,9,2,0,0,0.9570362980,-0.9570362980
statsbomb,3269,2023-09-17,13,5,2,0,1.4567959140,0.5432040860
statsbomb,3272,2023-09-17,10,2,1,0,0.5915818460,0.4084181540
statsbomb,3274,2023-09-17,18,4,2,0,1.4288929711,0.5711070289
statsbomb,3280,2023-09-17,5,4,0,0,0.0963434814,-0.0963434814
statsbomb,3281,2023-09-17,12,5,0,0,0.5625746060,-0.5625746060
statsbomb,5106,2023-09-17,5,2,2,0,0.5879489920,1.4120510080
statsbomb,6602,2023-09-17,17,5,2,0,0.9974718980,1.0025281020
statsbomb,6757,2023-09-17,9,0,0,0,0.4158804773,-0.4158804773
statsbomb,9101,2023-09-17,14,6,1,0,1.2492618080,-0.2492618080
statsbomb,11558,2023-09-17,16,8,2,0,1.1507218043,0.8492781957
statsbomb,18938,2023-09-17,12,6,2,0,1.3139286950,0.6860713050
statsbomb,19107,2023-09-17,9,3,1,0,0.3986032187,0.6013967813
statsbomb,761,2023-09-18,10,5,2,0,1.6343986400,0.3656013600
statsbomb,764,2023-09-18,10,3,2,0,1.4244007610,0.5755992390
statsbomb,766,2023-09-18,9,2,1,0,0.9640410080,0.0359589920
statsbomb,9100,2023-09-18,13,9,2,0,1.8202976040,0.1797023960
statsbomb,575,2023-09-21,8,2,0,0,0.7802010760,-0.7802010760
statsbomb,1975,2023-09-21,13,5,4,0,1.0278975130,2.9721024870
statsbomb,201,2023-09-24,2,2,1,0,0.3267883900,0.6732116100
statsbomb,904,2023-09-24,21,10,4,1,3.7083720540,0.2916279460
statsbomb,3164,2023-09-29,13,5,2,0,0.9402772995,1.0597227005
statsbomb,19107,2023-09-29,8,5,3,0,0.2774616130,2.7225383870
statsbomb,177,2023-09-30,10,3,0,0,0.4352650240,-0.4352650240
statsbomb,759,2023-09-30,19,3,2,0,1.6473097690,0.3526902310
statsbomb,904,2023-09-30,6,3,2,0,0.7936648450,1.2063351550
statsbomb,1105,2023-09-30,8,5,1,0,0.9199291050,0.0800708950
statsbomb,3152,2023-09-30,38,13,4,0,5.1884510860,-1.1884510860
statsbomb,3166,2023-09-30,23,11,6,0,3.1382173690,2.8617826310
statsbomb,3168,2023-09-30,12,5,1,0,1.4878009140,-0.4878009140
statsbomb,3169,2023-09-30,21,9,3,0,3.9011943460,-0.9011943460
statsbomb,3274,2023-09-30,12,3,1,0,0.8518255677,0.1481744323
statsbomb,3275,2023-09-30,6,5,2,0,1.8664384570,0.1335615430
statsbomb,3277,2023-09-30,15,8,2,0,0.9437224820,1.0562775180
statsbomb,3278,2023-09-30,22,14,5,0,2.7336862623,2.2663137377
statsbomb,3281,2023-09-30,11,2,1,0,0.4440242870,0.5559757130
statsbomb,5106,2023-09-30,7,5,1,1,1.1411794610,-0.1411794610
statsbomb,6604,2023-09-30,8,5,1,0,0.3873215530,0.6126784470
statsbomb,11558,2023-09-30,9,3,1,0,1.1106826110,-0.1106826110
statsbomb,18938,2023-09-30,19,7,1,0,0.9193745130,0.0806254870
statsbomb,19106,2023-09-30,3,1,0,0,0.3094218195,-0.3094218195
statsbomb,746,2023-10-01,19,9,2,0,2.4357307050,-0.4357307050
statsbomb,749,2023-10-01,15,10,1,0,1.7997631400,-0.7997631400
statsbomb,761,2023-10-01,14,3,1,0,0.9936671420,0.0063328580
statsbomb,765,2023-10-01,15,6,0,0,1.3074161120,-1.3074161120
statsbomb,924,2023-10-01,7,3,2,0,0.1981526802,1.8018473198
statsbomb,929,2023-10-01,20,8,4,0,2.1819016970,1.8180983030
statsbomb,937,2023-10-01,21,2,1,0,2.4260371010,-1.4260371010
statsbomb,965,2023-10-01,13,4,2,0,1.7145842510,0.2854157490
statsbomb,966,2023-10-01,8,2,1,0,0.8521913540,0.1478086460
statsbomb,967,2023-10-01,16,4,1,0,1.1414083215,-0.1414083215
statsbomb,968,2023-10-01,19,3,0,0,1.9238487900,-1.9238487900
statsbomb,971,2023-10-01,21,9,2,0,2.2825463880,-0.2825463880
statsbomb,972,2023-10-01,7,2,0,0,0.3388946337,-0.3388946337
statsbomb,973,2023-10-01,8,3,2,1,1.1422068610,0.8577931390
statsbomb,1076,2023-10-01,27,11,4,0,1.5923423471,2.4076576529
statsbomb,1475,2023-10-01,25,8,2,0,1.7668322830,0.2331677170
statsbomb,2647,2023-10-01,9,3,1,0,0.6403197320,0.3596802680
statsbomb,2652,2023-10-01,19,8,4,0,2.0248633620,1.9751366380
statsbomb,3150,2023-10-01,23,6,1,0,2.0102880530,-1.0102880530
statsbomb,3154,2023-10-01,12,7,1,0,1.4881061190,-0.4881061190
statsbomb,3155,2023-10-01,5,1,0,0,1.0247968500,-1.0247968500
statsbomb,3165,2023-10-01,14,4,1,0,0.9295791540,0.0704208460
statsbomb,3170,2023-10-01,7,5,2,1,1.2835507084,0.7164492916
statsbomb,3269,2023-10-01,8,3,1,0,0.4297834546,0.5702165454
statsbomb,3270,2023-10-01,18,9,1,0,1.6408333365,-0.6408333365
statsbomb,3272,2023-10-01,15,7,2,0,2.3885178070,-0.3885178070
statsbomb,3279,2023-10-01,10,5,1,0,0.6296032638,0.3703967362
statsbomb,3280,2023-10-01,4,2,1,0,0.4089319350,0.5910680650
statsbomb,3282,2023-10-01,9,4,2,0,0.7970778200,1.2029221800
statsbomb,5105,2023-10-01,22,4,0,0,1.2438179750,-1.2438179750
statsbomb,6755,2023-10-01,9,3,1,0,1.5036921720,-0.5036921720
statsbomb,6757,2023-10-01,8,3,1,1,1.0724554430,-0.0724554430
statsbomb,9101,2023-10-01,12,6,2,0,0.6430748130,1.3569251870
statsbomb,11864,2023-10-01,11,3,2,1,1.5761239400,0.4238760600
statsbomb,760,2023-10-02,5,2,1,0,0.4012644390,0.5987355610
statsbomb,762,2023-10-02,7,3,2,0,0.5133899990,1.4866100010
statsbomb,763,2023-10-02,23,7,0,0,2.7103499840,-2.7103499840
statsbomb,766,2023-10-02,25,7,1,0,2.9488743440,-1.9488743440
statsbomb,1069,2023-10-02,16,10,2,0,1.6327698940,0.3672301060
statsbomb,1086,2023-10-02,7,3,1,0,0.3560507280,0.6439492720
statsbomb,3144,2023-10-02,17,7,1,0,1.6560431060,-0.6560431060
statsbomb,6602,2023-10-02,4,1,0,0,0.2217328930,-0.2217328930
statsbomb,764,2023-10-03,8,4,1,0,0.5949035640,0.4050964360
statsbomb,1105,2023-10-03,17,8,3,0,1.1425440010,1.8574559990
statsbomb,6604,2023-10-03,8,2,1,0,0.9402505380,0.0597494620
statsbomb,9100,2023-10-03,21,7,0,0,1.6866634170,-1.6866634170
statsbomb,3269,2023-10-04,13,5,0,0,0.4863390890,-0.4863390890
statsbomb,3270,2023-10-04,15,4,1,0,1.0150352685,-0.0150352685
statsbomb,3272,2023-10-04,6,2,1,0,0.2359980140,0.7640019860
statsbomb,3274,2023-10-04,9,4,1,1,1.6983671040,-0.6983671040
statsbomb,3275,2023-10-04,6,1,1,0,0.3425932487,0.6574067513
statsbomb,3278,2023-10-04,19,10,6,0,2.1943386107,3.8056613893
statsbomb,3279,2023-10-04,4,1,1,0,0.1220888890,0.8779111110
statsbomb,3281,2023-10-04,18,9,5,0,2.9621247160,2.0378752840
statsbomb,3282,2023-10-04,21,11,4,0,1.9752897650,2.0247102350
statsbomb,18938,2023-10-04,8,1,0,0,0.1697623140,-0.1697623140
statsbomb,937,2023-10-05,33,14,4,1,2.9659723474,1.0340276526
statsbomb,3277,2023-10-05,6,1,0,0,0.5364916260,-0.5364916260
statsbomb,3280,2023-10-05,7,5,1,0,0.3102501563,0.6897498437
statsbomb,11864,2023-10-05,15,7,1,0,1.6777961087,-0.6777961087
statsbomb,929,2023-10-06,17,7,1,0,1.1880907120,-0.1880907120
statsbomb,968,2023-10-06,16,4,2,0,1.2594069220,0.7405930780
statsbomb,1475,2023-10-06,9,4,2,0,1.2872595680,0.7127404320
statsbomb,19106,2023-10-06,4,2,0,0,0.2604302349,-0.2604302349
statsbomb,759,2023-10-07,17,5,0,0,1.6336170960,-1.6336170960
statsbomb,760,2023-10-07,13,3,0,0,0.6931768130,-0.6931768130
statsbomb,764,2023-10-07,12,5,2,1,1.5702035670,0.4297964330
statsbomb,924,2023-10-07,8,4,1,0,0.9945804730,0.0054195270
statsbomb,1076,2023-10-07,14,6,1,0,0.9507581150,0.0492418850
statsbomb,1105,2023-10-07,17,6,2,0,2.1519539400,-0.1519539400
statsbomb,3150,2023-10-07,2,1,0,0,0.0774997330,-0.0774997330
statsbomb,3152,2023-10-07,27,14,5,0,3.2008561860,1.7991438140
statsbomb,3170,2023-10-07,13,5,3,1,2.7629263692,0.2370736308
statsbomb,3281,2023-10-07,8,2,1,0,0.3450445660,0.6549554340
statsbomb,3282,2023-10-07,23,3,1,0,2.1747144328,-1.1747144328
statsbomb,5105,2023-10-07,13,5,2,1,1.8906115300,0.1093884700
statsbomb,6602,2023-10-07,13,6,4,1,2.2570042690,1.7429957310
statsbomb,6604,2023-10-07,2,0,0,0,0.2567185620,-0.2567185620
statsbomb,6755,2023-10-07,10,1,0,0,0.6119924930,-0.6119924930
statsbomb,6757,2023-10-07,13,5,1,0,0.7394676553,0.2605323447
statsbomb,11558,2023-10-07,8,3,2,0,0.6939300130,1.3060699870
statsbomb,19107,2023-10-07,8,1,1,0,0.9096002060,0.0903997940
statsbomb,186,2023-10-08,7,3,0,0,1.1904642350,-1.1904642350
statsbomb,489,2023-10-08,15,6,1,0,2.1341340210,-1.1341340210
statsbomb,746,2023-10-08,8,5,1,0,0.6700410160,0.3299589840
statsbomb,749,2023-10-08,17,6,3,0,1.4231233020,1.5768766980
statsbomb,761,2023-10-08,13,3,2,0,1.5530429620,0.4469570380
statsbomb,763,2023-10-08,7,3,0,0,0.5804889450,-0.5804889450
statsbomb,765,2023-10-08,9,3,1,0,0.7449820530,0.2550179470
statsbomb,766,2023-10-08,13,3,0,0,0.9712153910,-0.9712153910
statsbomb,904,2023-10-08,23,10,3,0,2.9421685534,0.0578314466
statsbomb,937,2023-10-08,38,14,3,0,4.4274110550,-1.4274110550
statsbomb,965,2023-10-08,14,3,0,0,0.9687726800,-0.9687726800
statsbomb,966,2023-10-08,10,5,2,0,0.6489847740,1.3510152260
statsbomb,967,2023-10-08,11,5,0,0,2.7598961210,-2.7598961210
statsbomb,971,2023-10-08,21,4,1,0,2.1687730530,-1.1687730530
statsbomb,972,2023-10-08,10,5,2,0,1.4776748120,0.5223251880
statsbomb,973,2023-10-08,14,3,1,1,2.0719757635,-1.0719757635
statsbomb,1069,2023-10-08,15,6,2,0,2.3436778050,-0.3436778050
statsbomb,1086,2023-10-08,19,7,2,2,2.5497481250,-0.5497481250
statsbomb,1975,2023-10-08,18,2,0,0,1.2273828680,-1.2273828680
statsbomb,2647,2023-10-08,12,3,0,0,0.9634537793,-0.9634537793
statsbomb,2652,2023-10-08,15,3,1,0,1.8776760300,-0.8776760300
statsbomb,3144,2023-10-08,12,5,2,1,1.5090777614,0.4909222386
statsbomb,3154,2023-10-08,10,3,1,0,0.7171454430,0.2828545570
statsbomb,3155,2023-10-08,7,1,0,0,0.3519574502,-0.3519574502
statsbomb,3164,2023-10-08,5,3,0,0,0.2171367360,-0.2171367360
statsbomb,3165,2023-10-08,14,4,1,0,0.6739350744,0.3260649256
statsbomb,3168,2023-10-08,16,4,1,0,1.2606585550,-0.2606585550
statsbomb,3269,2023-10-08,13,5,1,0,0.9361733975,0.0638266025
statsbomb,3272,2023-10-08,2,0,0,0,0.0918437250,-0.0918437250
statsbomb,3274,2023-10-08,16,7,4,1,2.5283176425,1.4716823575
statsbomb,3275,2023-10-08,9,2,0,0,0.7970014330,-0.7970014330
statsbomb,3278,2023-10-08,19,6,1,1,2.1501787470,-1.1501787470
statsbomb,3279,2023-10-08,8,5,0,0,0.6982111060,-0.6982111060
statsbomb,5106,2023-10-08,22,7,6,0,2.5269418370,3.4730581630
statsbomb,9101,2023-10-08,4,1,0,0,0.1519865505,-0.1519865505
statsbomb,18938,2023-10-08,12,4,0,0,0.6377823230,-0.6377823230
statsbomb,762,2023-10-09,29,10,1,0,2.2121564840,-1.2121564840
statsbomb,3166,2023-10-09,14,6,2,0,1.6226619690,0.3773380310
statsbomb,3169,2023-10-09,19,3,2,0,1.7422540170,0.2577459830
statsbomb,3270,2023-10-09,14,6,3,0,1.7146029130,1.2853970870
statsbomb,3277,2023-10-09,18,3,1,0,1.1308606520,-0.1308606520
statsbomb,3280,2023-10-09,6,2,0,0,0.2306699815,-0.2306699815
statsbomb,9100,2023-10-09,13,10,2,0,1.6823203810,0.3176796190
statsbomb,11864,2023-10-09,13,3,1,0,0.6598769818,0.3401230182
statsbomb,3169,2023-10-13,23,9,3,1,3.1690811675,-0.1690811675
statsbomb,19106,2023-10-13,5,1,0,0,0.1166977000,-0.1166977000
statsbomb,971,2023-10-14,20,7,2,0,2.4138843360,-0.4138843360
statsbomb,972,2023-10-14,13,2,0,0,0.8588322572,-0.8588322572
statsbomb,1069,2023-10-14,14,6,0,0,0.7867098040,-0.7867098040
statsbomb,3150,2023-10-14,16,3,0,0,0.6539612073,-0.6539612073
statsbomb,3155,2023-10-14,9,2,0,0,0.2801292070,-0.2801292070
statsbomb,3168,2023-10-14,14,5,2,0,1.3784605790,0.6215394210
statsbomb,3170,2023-10-14,7,2,0,0,0.2496816395,-0.2496816395
statsbomb,3270,2023-10-14,9,3,0,0,0.7661922130,-0.7661922130
statsbomb,3272,2023-10-14,6,4,3,0,1.3614820200,1.6385179800
statsbomb,3275,2023-10-14,11,5,1,0,0.5662169873,0.4337830127
statsbomb,3277,2023-10-14,18,6,2,0,1.5296778177,0.4703221823
statsbomb,3281,2023-10-14,15,5,1,0,1.7872364593,-0.7872364593
statsbomb,3282,2023-10-14,20,7,5,0,2.4691814280,2.5308185720
statsbomb,6602,2023-10-14,3,1,0,0,0.1705906650,-0.1705906650
statsbomb,6604,2023-10-14,8,6,3,0,1.3564827490,1.6435172510
statsbomb,6757,2023-10-14,16,8,2,0,1.5743678934,0.4256321066
statsbomb,11558,2023-10-14,5,2,0,0,0.1937378170,-0.1937378170
statsbomb,18938,2023-10-14,14,5,2,0,3.1195104090,-1.1195104090
statsbomb,746,2023-10-15,25,12,5,0,3.0629779310,1.9370220690
statsbomb,749,2023-10-15,20,5,3,0,1.7179327280,1.2820672720
statsbomb,763,2023-10-15,14,5,2,0,1.4959740026,0.5040259974
statsbomb,929,2023-10-15,11,6,2,0,1.7575391770,0.2424608230
statsbomb,937,2023-10-15,14,4,1,0,1.3694027700,-0.3694027700
statsbomb,965,2023-10-15,8,4,1,0,0.8692457630,0.1307542370
statsbomb,966,2023-10-15,16,3,0,0,1.2868358810,-1.2868358810
statsbomb,967,2023-10-15,10,2,1,0,0.6640702110,0.3359297890
statsbomb,968,2023-10-15,29,4,2,0,2.1282600254,-0.1282600254
statsbomb,973,2023-10-15,2,1,0,0,0.0869045580,-0.0869045580
statsbomb,1076,2023-10-15,21,10,4,0,2.2411143125,1.7588856875
statsbomb,1086,2023-10-15,26,11,4,0,4.1809637860,-0.1809637860
statsbomb,1105,2023-10-15,9,3,0,0,0.7527746830,-0.7527746830
statsbomb,1475,2023-10-15,20,8,1,0,2.7194159140,-1.7194159140
statsbomb,2647,2023-10-15,5,2,1,0,0.2760120985,0.7239879015
statsbomb,2652,2023-10-15,4,2,1,0,0.3446304640,0.6553695360
statsbomb,3144,2023-10-15,6,2,0,0,0.6137696220,-0.6137696220
statsbomb,3152,2023-10-15,16,4,1,0,1.2168659420,-0.2168659420
statsbomb,3154,2023-10-15,11,4,0,0,0.5605984700,-0.5605984700
statsbomb,3165,2023-10-15,8,2,0,0,0.4047212815,-0.4047212815
statsbomb,3166,2023-10-15,11,6,3,0,1.0207635540,1.9792364460
statsbomb,3269,2023-10-15,7,2,1,0,0.5263931850,0.4736068150
statsbomb,3274,2023-10-15,7,2,1,0,1.3344536690,-0.3344536690
statsbomb,3278,2023-10-15,34,14,3,0,5.2746224550,-2.2746224550
statsbomb,3279,2023-10-15,13,0,0,0,0.7023295660,-0.7023295660
statsbomb,3280,2023-10-15,7,4,1,0,1.0706800395,-0.0706800395
statsbomb,5106,2023-10-15,8,3,1,0,1.0597946720,-0.0597946720
statsbomb,6755,2023-10-15,11,2,1,1,1.9070506750,-0.9070506750
statsbomb,11864,2023-10-15,10,4,1,0,0.7257238320,0.2742761680
statsbomb,19107,2023-10-15,9,3,0,0,1.0849013676,-1.0849013676
statsbomb,759,2023-10-16,9,4,0,0,0.8670142735,-0.8670142735
statsbomb,760,2023-10-16,14,7,3,0,1.5187512220,1.4812487780
statsbomb,761,2023-10-16,7,1,0,0,0.3946071220,-0.3946071220
statsbomb,762,2023-10-16,12,2,0,0,1.0944028370,-1.0944028370
statsbomb,764,2023-10-16,21,8,1,1,3.2538892880,-2.2538892880
statsbomb,765,2023-10-16,8,6,1,0,0.9262858610,0.0737141390
statsbomb,766,2023-10-16,11,3,1,0,1.5289170380,-0.5289170380
statsbomb,924,2023-10-16,8,3,0,0,0.3826921115,-0.3826921115
statsbomb,3164,2023-10-16,15,5,1,0,1.2042556650,-0.2042556650
statsbomb,5105,2023-10-16,9,3,0,0,0.5286911790,-0.5286911790
statsbomb,9100,2023-10-16,13,9,5,0,1.9779699170,3.0220300830
statsbomb,9101,2023-10-16,24,10,2,0,1.8563654440,0.1436345560
statsbomb,3166,2023-10-20,12,5,1,0,0.8027133530,0.1972866470
statsbomb,6602,2023-10-20,9,2,0,0,0.2204071843,-0.2204071843
statsbomb,179,2023-10-21,18,7,1,0,1.1983493380,-0.1983493380
statsbomb,746,2023-10-21,18,8,1,0,2.5099805680,-1.5099805680
statsbomb,749,2023-10-21,18,11,4,0,1.3710682520,2.6289317480
statsbomb,760,2023-10-21,9,4,1,0,0.4606588856,0.5393411144
statsbomb,904,2023-10-21,13,7,2,0,1.9626719170,0.0373280830
statsbomb,937,2023-10-21,28,11,6,0,4.2074156760,1.7925843240
statsbomb,1105,2023-10-21,15,4,2,0,1.8417250760,0.1582749240
statsbomb,2647,2023-10-21,14,7,2,1,1.8724476670,0.1275523330
statsbomb,2652,2023-10-21,12,6,0,0,1.3802435440,-1.3802435440
statsbomb,3144,2023-10-21,16,7,2,0,1.7205580360,0.2794419640
statsbomb,3154,2023-10-21,22,5,1,0,1.8680932982,-0.8680932982
statsbomb,3155,2023-10-21,17,6,0,0,1.4544074456,-1.4544074456
statsbomb,3164,2023-10-21,10,3,1,0,0.5240744435,0.4759255565
statsbomb,3165,2023-10-21,33,4,0,0,2.4176338183,-2.4176338183
statsbomb,3168,2023-10-21,2,1,1,0,0.3414970330,0.6585029670
statsbomb,3275,2023-10-21,9,1,0,0,0.6148776610,-0.6148776610
statsbomb,3277,2023-10-21,18,4,2,0,1.2359183590,0.7640816410
statsbomb,3279,2023-10-21,20,10,2,0,1.7567043975,0.2432956025
statsbomb,3280,2023-10-21,11,3,0,0,0.5684603610,-0.5684603610
statsbomb,6604,2023-10-21,7,3,0,0,0.5395098697,-0.5395098697
statsbomb,9100,2023-10-21,4,0,0,0,0.2021223260,-0.2021223260
statsbomb,11558,2023-10-21,6,3,1,0,0.9695369210,0.0304630790
statsbomb,18938,2023-10-21,6,3,1,0,0.2682546058,0.7317453942
statsbomb,19106,2023-10-21,11,6,2,0,1.3508183720,0.6491816280
statsbomb,924,2023-10-22,9,3,1,1,1.1823988255,-0.1823988255
statsbomb,929,2023-10-22,25,6,2,1,2.6130026280,-0.6130026280
statsbomb,965,2023-10-22,7,4,2,0,1.3883869810,0.6116130190
statsbomb,966,2023-10-22,14,3,1,0,0.9737825140,0.0262174860
statsbomb,967,2023-10-22,10,4,0,0,0.6197177280,-0.6197177280
statsbomb,968,2023-10-22,25,8,2,0,2.2299944480,-0.2299944480
statsbomb,971,2023-10-22,30,12,3,0,4.9362175063,-1.9362175063
statsbomb,972,2023-10-22,6,2,1,0,1.0492150540,-0.0492150540
statsbomb,973,2023-10-22,1,1,1,0,0.1082514700,0.8917485300
statsbomb,1069,2023-10-22,16,6,3,0,2.8114268120,0.1885731880
statsbomb,1076,2023-10-22,19,10,2,1,2.1383540307,-0.1383540307
statsbomb,1086,2023-10-22,19,4,1,0,1.1155508907,-0.1155508907
statsbomb,1475,2023-10-22,18,10,5,0,2.9490862590,2.0509137410
statsbomb,1975,2023-10-22,11,3,0,0,1.1023063650,-1.1023063650
statsbomb,3150,2023-10-22,17,11,4,1,3.1177077990,0.8822922010
statsbomb,3152,2023-10-22,19,11,5,1,2.7960411370,2.2039588630
statsbomb,3169,2023-10-22,5,1,1,0,0.5840612330,0.4159387670
statsbomb,3170,2023-10-22,20,10,5,1,4.8205156860,0.1794843140
statsbomb,3269,2023-10-22,13,2,2,0,1.1831485490,0.8168514510
statsbomb,3270,2023-10-22,14,5,2,0,1.0174933480,0.9825066520
statsbomb,3272,2023-10-22,9,2,1,0,1.0009811510,-0.0009811510
statsbomb,3274,2023-10-22,7,4,2,0,1.2966713430,0.7033286570
statsbomb,3278,2023-10-22,13,4,3,0,0.9425891405,2.0574108595
statsbomb,3281,2023-10-22,18,8,2,0,2.2706740190,-0.2706740190
statsbomb,3282,2023-10-22,13,6,1,0,1.5291523900,-0.5291523900
statsbomb,6755,2023-10-22,10,6,1,0,0.5802448410,0.4197551590
statsbomb,6757,2023-10-22,12,5,0,0,1.2537751250,-1.2537751250
statsbomb,8070,2023-10-22,11,4,1,0,0.9843875340,0.0156124660
statsbomb,11864,2023-10-22,10,5,1,0,1.3193686320,-0.3193686320
statsbomb,19107,2023-10-22,3,0,0,0,0.2414537500,-0.2414537500
statsbomb,763,2023-10-23,13,6,2,0,1.1525749520,0.8474250480
statsbomb,766,2023-10-23,6,4,0,0,0.5275149840,-0.5275149840
statsbomb,183,2023-10-29,10,4,1,0,0.7682742250,0.2317257750
statsbomb,904,2023-10-29,18,3,1,0,1.4253422826,-0.4253422826
statsbomb,924,2023-11-03,17,4,1,0,0.6717633950,0.3282366050
statsbomb,19107,2023-11-03,12,2,1,0,0.5999476964,0.4000523036
statsbomb,175,2023-11-04,12,7,2,0,1.4835105320,0.5164894680
statsbomb,904,2023-11-04,10,5,3,0,1.2744761370,1.7255238630
statsbomb,971,2023-11-04,27,12,6,0,5.1860775300,0.8139224700
statsbomb,1086,2023-11-04,17,7,1,0,1.9138114770,-0.9138114770
statsbomb,2647,2023-11-04,7,2,0,0,0.4330520148,-0.4330520148
statsbomb,3150,2023-11-04,12,2,0,0,0.5509236230,-0.5509236230
statsbomb,3164,2023-11-04,17,5,0,0,1.4550146005,-1.4550146005
statsbomb,3165,2023-11-04,9,4,3,0,1.4669938170,1.5330061830
statsbomb,3166,2023-11-04,8,3,0,0,0.5470698323,-0.5470698323
statsbomb,3169,2023-11-04,15,5,2,0,1.4894571350,0.5105428650
statsbomb,3270,2023-11-04,13,3,0,0,1.4404514510,-1.4404514510
statsbomb,3272,2023-11-04,11,5,1,0,0.6414880620,0.3585119380
statsbomb,3275,2023-11-04,12,2,0,0,0.4951249818,-0.4951249818
statsbomb,3277,2023-11-04,14,8,2,0,1.5509959983,0.4490040017
statsbomb,3279,2023-11-04,12,4,1,0,0.9195465790,0.0804534210
statsbomb,3280,2023-11-04,9,4,0,0,0.3588393388,-0.3588393388
statsbomb,3282,2023-11-04,16,1,0,0,1.8183574410,-1.8183574410
statsbomb,6604,2023-11-04,10,3,0,0,0.6479492470,-0.6479492470
statsbomb,6755,2023-11-04,7,1,0,0,0.2800606450,-0.2800606450
statsbomb,6757,2023-11-04,25,10,1,1,2.2313367870,-1.2313367870
statsbomb,746,2023-11-05,17,4,1,0,1.1252363840,-0.1252363840
statsbomb,749,2023-11-05,20,11,1,0,2.4674082290,-1.4674082290
statsbomb,929,2023-11-05,7,1,1,0,0.5787017100,0.4212982900
statsbomb,937,2023-11-05,27,17,8,0,3.7260623800,4.2739376200
statsbomb,965,2023-11-05,11,7,2,0,1.2332599250,0.7667400750
statsbomb,966,2023-11-05,19,7,2,0,1.2788293950,0.7211706050
statsbomb,967,2023-11-05,6,2,1,1,1.4735906830,-0.4735906830
statsbomb,968,2023-11-05,10,6,2,0,2.1013232386,-0.1013232386
statsbomb,972,2023-11-05,14,5,2,1,1.5273231520,0.4726768480
statsbomb,973,2023-11-05,9,6,3,0,1.3060379595,1.6939620405
statsbomb,1069,2023-11-05,13,6,2,0,2.4706875980,-0.4706875980
statsbomb,1076,2023-11-05,25,6,1,0,1.2739865162,-0.2739865162
statsbomb,1105,2023-11-05,11,4,1,0,1.0926631830,-0.0926631830
statsbomb,1475,2023-11-05,22,7,2,0,3.0433443100,-1.0433443100
statsbomb,2652,2023-11-05,8,2,1,0,0.3442329595,0.6557670405
statsbomb,3144,2023-11-05,19,5,1,1,1.6003907880,-0.6003907880
statsbomb,3152,2023-11-05,9,6,3,0,1.1330719943,1.8669280057
statsbomb,3154,2023-11-05,14,6,1,0,1.5807052600,-0.5807052600
statsbomb,3155,2023-11-05,6,3,0,0,0.4419699460,-0.4419699460
statsbomb,3269,2023-11-05,12,4,2,0,1.3031890040,0.6968109960
statsbomb,3274,2023-11-05,9,2,1,0,1.2004682480,-0.2004682480
statsbomb,3278,2023-11-05,7,1,0,0,0.3991256120,-0.3991256120
statsbomb,3281,2023-11-05,5,3,0,0,0.1912319070,-0.1912319070
statsbomb,6602,2023-11-05,23,8,3,0,2.6076774190,0.3923225810
statsbomb,11558,2023-11-05,8,3,2,0,0.7356318280,1.2643681720
statsbomb,11864,2023-11-05,8,2,1,0,0.7604742750,0.2395257250
statsbomb,18938,2023-11-05,11,3,0,0,0.9786938818,-0.9786938818
statsbomb,19106,2023-11-05,12,4,1,0,0.7721810383,0.2278189617
statsbomb,760,2023-11-06,9,5,1,0,0.4216617080,0.5783382920
statsbomb,763,2023-11-06,13,4,1,0,0.4812222450,0.5187777550
statsbomb,765,2023-11-06,11,3,0,0,0.6434811120,-0.6434811120
statsbomb,3168,2023-11-06,3,2,0,0,0.1248460640,-0.1248460640
statsbomb,3170,2023-11-06,16,7,1,0,2.0831054250,-1.0831054250
statsbomb,9101,2023-11-06,12,4,0,0,0.6392352800,-0.6392352800
statsbomb,3166,2023-11-10,9,4,2,0,0.5480744490,1.4519255510
statsbomb,3170,2023-11-10,11,5,2,0,1.2468866850,0.7531133150
statsbomb,3272,2023-11-10,9,5,1,0,1.3596794270,-0.3596794270
statsbomb,3282,2023-11-10,32,13,7,0,5.4832283020,1.5167716980
statsbomb,937,2023-11-11,23,11,6,0,3.4317174780,2.5682825220
statsbomb,1105,2023-11-11,18,6,3,0,3.0647786110,-0.0647786110
statsbomb,3150,2023-11-11,18,3,1,0,1.2911546870,-0.2911546870
statsbomb,3152,2023-11-11,17,10,6,0,1.8082278360,4.1917721640
statsbomb,3154,2023-11-11,15,6,1,0,0.8055165880,0.1944834120
statsbomb,3155,2023-11-11,6,4,0,0,0.5538509330,-0.5538509330
statsbomb,3164,2023-11-11,26,11,5,1,2.8054414960,2.1945585040
statsbomb,3168,2023-11-11,13,7,5,0,2.7575136410,2.2424863590
statsbomb,3275,2023-11-11,6,2,0,0,0.1892684556,-0.1892684556
statsbomb,3279,2023-11-11,5,3,2,1,1.0588170595,0.9411829405
statsbomb,3280,2023-11-11,18,5,1,0,1.2139879017,-0.2139879017
statsbomb,6604,2023-11-11,3,0,0,0,0.1539118500,-0.1539118500
statsbomb,19106,2023-11-11,4,3,0,0,0.2224786970,-0.2224786970
statsbomb,19107,2023-11-11,10,0,0,0,0.7879705700,-0.7879705700
statsbomb,190,2023-11-12,2,2,0,0,0.0389010030,-0.0389010030
statsbomb,746,2023-11-12,36,13,0,0,3.4222811980,-3.4222811980
statsbomb,749,2023-11-12,14,3,1,0,0.8570619950,0.1429380050
statsbomb,760,2023-11-12,7,3,1,0,1.4178024990,-0.4178024990
statsbomb,763,2023-11-12,9,2,2,0,1.4759022280,0.5240977720
statsbomb,904,2023-11-12,18,10,4,0,1.8832183530,2.1167816470
statsbomb,924,2023-11-12,1,0,0,0,0.0214751200,-0.0214751200
statsbomb,929,2023-11-12,28,11,4,0,2.9884573420,1.0115426580
statsbomb,965,2023-11-12,6,3,1,0,1.0538950200,-0.0538950200
statsbomb,966,2023-11-12,15,3,1,0,0.9248607163,0.0751392837
statsbomb,967,2023-11-12,9,5,0,0,0.9830583700,-0.9830583700
statsbomb,968,2023-11-12,24,12,6,0,4.6257161260,1.3742838740
statsbomb,971,2023-11-12,14,5,3,0,1.1596870890,1.8403129110
statsbomb,972,2023-11-12,8,3,0,0,0.9141318240,-0.9141318240
statsbomb,973,2023-11-12,6,2,0,0,0.3282577880,-0.3282577880
statsbomb,1069,2023-11-12,23,7,2,1,3.4933230590,-1.4933230590
statsbomb,1076,2023-11-12,23,9,3,0,2.6295039792,0.3704960208
statsbomb,1086,2023-11-12,11,3,1,0,1.9372501945,-0.9372501945
statsbomb,1475,2023-11-12,18,9,5,0,2.3178287480,2.6821712520
statsbomb,2647,2023-11-12,19,6,1,0,1.4269565390,-0.4269565390
statsbomb,2652,2023-11-12,8,2,2,0,0.9031855260,1.0968144740
statsbomb,3144,2023-11-12,28,10,2,0,3.7939551043,-1.7939551043
statsbomb,3165,2023-11-12,6,1,0,0,0.2744705337,-0.2744705337
statsbomb,3269,2023-11-12,19,6,1,0,1.9243771137,-0.9243771137
statsbomb,3270,2023-11-12,7,1,1,0,0.1918461940,0.8081538060
statsbomb,3274,2023-11-12,28,13,3,0,3.7117504090,-0.7117504090
statsbomb,3277,2023-11-12,11,6,1,0,1.1634551070,-0.1634551070
statsbomb,3278,2023-11-12,15,9,2,0,1.9319060237,0.0680939763
statsbomb,3281,2023-11-12,9,3,1,0,0.9985369610,0.0014630390
statsbomb,6755,2023-11-12,7,2,1,0,0.3520417400,0.6479582600
statsbomb,6757,2023-11-12,10,4,0,0,0.5490791320,-0.5490791320
statsbomb,11558,2023-11-12,5,0,0,0,0.4383859680,-0.4383859680
statsbomb,11864,2023-11-12,7,5,3,0,1.4241337550,1.5758662450
statsbomb,18938,2023-11-12,9,3,0,0,0.5997232208,-0.5997232208
statsbomb,3169,2023-11-13,16,3,1,0,1.1362221525,-0.1362221525
statsbomb,6602,2023-11-13,12,2,1,0,0.8083131117,0.1916868883
statsbomb,3164,2023-11-17,13,5,2,0,1.5925260156,0.4074739844
statsbomb,3169,2023-11-17,6,2,0,0,1.1398084110,-1.1398084110
statsbomb,924,2023-11-18,2,0,0,0,0.2409683350,-0.2409683350
statsbomb,929,2023-11-18,24,8,2,0,2.3098775050,-0.3098775050
statsbomb,966,2023-11-18,10,4,0,0,0.7595130070,-0.7595130070
statsbomb,971,2023-11-18,20,10,5,0,2.9107167730,2.0892832270
statsbomb,1086,2023-11-18,16,9,3,1,1.8668781720,1.1331218280
statsbomb,3150,2023-11-18,13,4,1,0,1.5038133430,-0.5038133430
statsbomb,3170,2023-11-18,21,8,2,0,2.2715000564,-0.2715000564
statsbomb,3269,2023-11-18,10,1,0,0,0.6701914420,-0.6701914420
statsbomb,3270,2023-11-18,13,4,2,1,1.6320064609,0.3679935391
statsbomb,3272,2023-11-18,11,4,1,0,1.1131815450,-0.1131815450
statsbomb,3274,2023-11-18,7,3,1,0,1.4761052560,-0.4761052560
statsbomb,3275,2023-11-18,7,3,1,0,0.4335804690,0.5664195310
statsbomb,3277,2023-11-18,17,4,1,0,1.2266210244,-0.2266210244
statsbomb,3280,2023-11-18,4,0,0,0,0.0800269620,-0.0800269620
statsbomb,3281,2023-11-18,11,3,2,0,1.0637226730,0.9362773270
statsbomb,6757,2023-11-18,14,4,1,1,1.4635464466,-0.4635464466
statsbomb,11558,2023-11-18,11,6,0,0,0.6938452410,-0.6938452410
statsbomb,19106,2023-11-18,13,2,0,0,0.5392290265,-0.5392290265
statsbomb,746,2023-11-19,17,8,3,0,1.6118550840,1.3881449160
statsbomb,749,2023-11-19,19,10,1,0,1.8287053620,-0.8287053620
statsbomb,937,2023-11-19,20,9,5,0,4.3410006570,0.6589993430
statsbomb,965,2023-11-19,7,2,0,0,0.3924716820,-0.3924716820
statsbomb,967,2023-11-19,10,5,2,0,1.4370018770,0.5629981230
statsbomb,968,2023-11-19,21,4,3,0,2.2814862560,0.7185137440
statsbomb,972,2023-11-19,10,4,2,1,1.4431367293,0.5568632707
statsbomb,973,2023-11-19,11,5,2,0,0.7410750124,1.2589249876
statsbomb,1069,2023-11-19,9,5,2,0,1.3880396450,0.6119603550
statsbomb,1076,2023-11-19,17,7,5,1,1.9382787640,3.0617212360
statsbomb,1105,2023-11-19,12,6,4,0,1.8884751620,2.1115248380
statsbomb,1475,2023-11-19,15,5,1,1,1.5081831686,-0.5081831686
statsbomb,2647,2023-11-19,10,5,3,0,0.9972900510,2.0027099490
statsbomb,2652,2023-11-19,12,3,1,0,1.1022286790,-0.1022286790
statsbomb,3144,2023-11-19,9,2,0,0,0.8928424020,-0.8928424020
statsbomb,3152,2023-11-19,15,6,2,0,2.0276496140,-0.0276496140
statsbomb,3154,2023-11-19,3,0,0,0,0.1249303990,-0.1249303990
statsbomb,3155,2023-11-19,22,8,1,0,1.1604079920,-0.1604079920
statsbomb,3166,2023-11-19,12,3,1,0,1.1206205340,-0.1206205340
statsbomb,3168,2023-11-19,3,0,0,0,0.0519700820,-0.0519700820
statsbomb,3278,2023-11-19,19,6,1,0,1.8894644560,-0.8894644560
statsbomb,3279,2023-11-19,14,4,1,0,1.0206094350,-0.0206094350
statsbomb,3282,2023-11-19,3,0,0,0,0.1104424990,-0.1104424990
statsbomb,6604,2023-11-19,10,5,2,0,0.4463360141,1.5536639859
statsbomb,6755,2023-11-19,11,2,2,1,1.6458344590,0.3541655410
statsbomb,11864,2023-11-19,10,4,0,0,0.4488913994,-0.4488913994
statsbomb,18938,2023-11-19,7,2,1,0,0.8486527770,0.1513472230
statsbomb,19107,2023-11-19,10,3,1,0,0.9550793970,0.0449206030
statsbomb,3165,2023-11-20,14,5,3,1,1.8344711860,1.1655288140
statsbomb,6602,2023-11-20,13,6,3,1,1.6615889080,1.3384110920
statsbomb,176,2023-11-25,2,1,0,0,0.1859463460,-0.1859463460
statsbomb,904,2023-11-25,14,4,2,0,1.0910592730,0.9089407270
statsbomb,3144,2023-11-25,22,9,1,0,1.2752697296,-0.2752697296
statsbomb,3150,2023-11-25,13,3,0,0,1.1462643140,-1.1462643140
statsbomb,3269,2023-11-25,20,3,1,0,1.3433552047,-0.3433552047
statsbomb,3272,2023-11-25,12,4,2,0,1.5714922260,0.4285077740
statsbomb,3274,2023-11-25,19,6,3,0,2.0091368000,0.9908632000
statsbomb,3275,2023-11-25,10,3,0,0,0.3831379513,-0.3831379513
statsbomb,3277,2023-11-25,15,5,0,0,1.5655486794,-1.5655486794
statsbomb,3279,2023-11-25,9,1,0,0,0.5310678400,-0.5310678400
statsbomb,3281,2023-11-25,27,16,6,0,4.7297482921,1.2702517079
statsbomb,6604,2023-11-25,6,2,1,0,0.7454383690,0.2545616310
statsbomb,6755,2023-11-25,11,2,0,0,0.5266604950,-0.5266604950
statsbomb,11558,2023-11-25,16,2,0,0,1.3126486390,-1.3126486390
statsbomb,746,2023-11-26,20,10,7,0,2.9287804280,4.0712195720
statsbomb,749,2023-11-26,7,4,0,0,0.6860932520,-0.6860932520
statsbomb,937,2023-11-26,19,11,4,0,2.3037286100,1.6962713900
statsbomb,965,2023-11-26,8,2,0,0,0.6809369140,-0.6809369140
statsbomb,966,2023-11-26,17,8,4,0,2.9365598900,1.0634401100
statsbomb,967,2023-11-26,8,5,1,1,1.4362352950,-0.4362352950
statsbomb,968,2023-11-26,14,6,3,0,1.4569569315,1.5430430685
statsbomb,971,2023-11-26,17,6,4,0,2.4878896430,1.5121103570
statsbomb,972,2023-11-26,13,3,0,0,1.0081832930,-1.0081832930
statsbomb,973,2023-11-26,6,4,0,0,0.4833007560,-0.4833007560
statsbomb,1076,2023-11-26,13,6,3,1,2.2626903310,0.7373096690
statsbomb,1086,2023-11-26,10,1,1,0,0.7203212380,0.2796787620
statsbomb,1105,2023-11-26,28,3,2,0,1.9960837720,0.0039162280
statsbomb,1475,2023-11-26,24,8,2,0,2.2822156760,-0.2822156760
statsbomb,2647,2023-11-26,14,7,1,0,1.1401048690,-0.1401048690
statsbomb,2652,2023-11-26,11,6,2,0,1.2510337825,0.7489662175
statsbomb,3152,2023-11-26,27,8,2,0,1.9400208600,0.0599791400
statsbomb,3154,2023-11-26,16,11,4,0,2.1950519130,1.8049480870
statsbomb,3155,2023-11-26,12,3,1,0,1.1952365260,-0.1952365260
statsbomb,3270,2023-11-26,5,2,0,0,0.2314324940,-0.2314324940
statsbomb,3278,2023-11-26,11,4,4,1,2.2789036646,1.7210963354
statsbomb,3280,2023-11-26,4,2,2,0,1.0504370540,0.9495629460
statsbomb,3282,2023-11-26,26,12,5,0,3.3855278950,1.6144721050
statsbomb,6757,2023-11-26,5,3,0,0,0.1761801630,-0.1761801630
statsbomb,11864,2023-11-26,11,7,3,0,1.2254234040,1.7745765960
statsbomb,18938,2023-11-26,1,0,0,0,0.0422348100,-0.0422348100
statsbomb,180,2023-12-03,6,2,1,0,0.8077303976,0.1922696024
statsbomb,904,2023-12-03,24,6,1,0,2.1447267910,-1.1447267910
statsbomb,19106,2023-12-08,8,3,0,0,1.1111781400,-1.1111781400
statsbomb,19107,2023-12-08,12,2,0,0,0.7487972780,-0.7487972780
statsbomb,746,2023-12-09,20,6,2,0,2.0149651200,-0.0149651200
statsbomb,929,2023-12-09,11,6,4,1,2.1162328100,1.8837671900
statsbomb,937,2023-12-09,34,9,5,0,4.2545444530,0.7454555470
statsbomb,1076,2023-12-09,23,10,4,1,2.7297349803,1.2702650197
statsbomb,2647,2023-12-09,7,3,1,0,0.4664755210,0.5335244790
statsbomb,3144,2023-12-09,20,9,1,0,2.3707052330,-1.3707052330
statsbomb,3164,2023-12-09,14,2,0,0,1.0354193060,-1.0354193060
statsbomb,3165,2023-12-09,10,2,1,0,1.2803138100,-0.2803138100
statsbomb,3269,2023-12-09,18,7,2,0,2.0694762880,-0.0694762880
statsbomb,3272,2023-12-09,12,4,2,0,1.2339863160,0.7660136840
statsbomb,3275,2023-12-09,7,2,0,0,0.4386720062,-0.4386720062
statsbomb,3280,2023-12-09,9,3,1,0,0.2679368690,0.7320631310
statsbomb,3281,2023-12-09,11,5,3,0,1.0471320445,1.9528679555
statsbomb,3282,2023-12-09,17,8,1,0,1.0697219070,-0.0697219070
statsbomb,6602,2023-12-09,12,4,1,0,1.4659488670,-0.4659488670
statsbomb,6755,2023-12-09,6,1,0,0,0.3257424790,-0.3257424790
statsbomb,6757,2023-12-09,8,5,1,0,0.4063629430,0.5936370570
statsbomb,18938,2023-12-09,7,0,0,0,0.4583496820,-0.4583496820
statsbomb,174,2023-12-10,22,10,1,0,2.4035395946,-1.4035395946
statsbomb,749,2023-12-10,9,5,0,0,0.9244503190,-0.9244503190
statsbomb,904,2023-12-10,19,5,1,0,1.5323796430,-0.5323796430
statsbomb,924,2023-12-10,5,0,0,0,0.5941170290,-0.5941170290
statsbomb,965,2023-12-10,17,7,2,0,1.8575959550,0.1424040450
statsbomb,966,2023-12-10,11,3,1,0,0.9152914030,0.0847085970
statsbomb,967,2023-12-10,12,4,1,0,0.9496574660,0.0503425340
statsbomb,968,2023-12-10,12,5,4,1,2.7074541760,1.2925458240
statsbomb,971,2023-12-10,12,6,1,0,0.8888888290,0.1111111710
statsbomb,972,2023-12-10,11,5,0,0,1.7029739860,-1.7029739860
statsbomb,973,2023-12-10,10,3,1,0,1.0328905830,-0.0328905830
statsbomb,1105,2023-12-10,16,6,2,0,1.8272135200,0.1727864800
statsbomb,1475,2023-12-10,11,5,4,0,1.3929759540,2.6070240460
statsbomb,2652,2023-12-10,12,3,2,0,1.1267596550,0.8732403450
statsbomb,3150,2023-12-10,8,3,1,1,1.2301835400,-0.2301835400
statsbomb,3152,2023-12-10,18,5,2,0,1.1048593610,0.8951406390
statsbomb,3155,2023-12-10,12,5,0,0,0.7240966180,-0.7240966180
statsbomb,3168,2023-12-10,13,5,2,0,1.5984818305,0.4015181695
statsbomb,3169,2023-12-10,6,2,1,0,0.7549000480,0.2450999520
statsbomb,3170,2023-12-10,24,9,3,0,2.9345766050,0.0654233950
statsbomb,3270,2023-12-10,8,4,1,0,0.8891295960,0.1108704040
statsbomb,3274,2023-12-10,11,2,0,0,1.1769112140,-1.1769112140
statsbomb,3277,2023-12-10,14,4,3,0,2.0606628200,0.9393371800
statsbomb,3278,2023-12-10,35,14,4,1,3.9520212143,0.0479787857
statsbomb,3279,2023-12-10,7,2,0,0,0.3197195800,-0.3197195800
statsbomb,6604,2023-12-10,8,4,2,0,1.0003476730,0.9996523270
statsbomb,11558,2023-12-10,12,5,0,0,0.6251755140,-0.6251755140
statsbomb,11864,2023-12-10,14,4,2,1,1.6528838010,0.3471161990
statsbomb,1069,2023-12-11,9,6,3,0,0.9301870340,2.0698129660
statsbomb,1086,2023-12-11,16,7,2,0,1.6121878370,0.3878121630
statsbomb,3154,2023-12-11,11,5,1,0,0.6566142760,0.3433857240
statsbomb,3166,2023-12-11,7,3,0,0,0.3624438136,-0.3624438136
statsbomb,924,2023-12-15,10,4,1,0,1.2202614210,-0.2202614210
statsbomb,3166,2023-12-15,19,9,4,0,1.8365946535,2.1634053465
statsbomb,749,2023-12-16,5,2,1,0,0.4736855890,0.5263144110
statsbomb,968,2023-12-16,31,8,0,0,2.2529878580,-2.2529878580
statsbomb,1076,2023-12-16,19,4,0,0,1.5436483600,-1.5436483600
statsbomb,1105,2023-12-16,16,4,1,0,2.1042641740,-1.1042641740
statsbomb,3150,2023-12-16,24,7,1,0,2.1962699960,-1.1962699960
statsbomb,3155,2023-12-16,8,3,1,0,0.9246024090,0.0753975910
statsbomb,3164,2023-12-16,14,8,1,0,0.6877435440,0.3122564560
statsbomb,3165,2023-12-16,12,2,0,0,0.7148003930,-0.7148003930
statsbomb,3170,2023-12-16,13,5,3,0,1.6232527750,1.3767472250
statsbomb,3272,2023-12-16,14,5,1,0,0.6270249550,0.3729750450
statsbomb,3274,2023-12-16,25,7,2,0,2.0156498190,-0.0156498190
statsbomb,3275,2023-12-16,18,6,3,0,2.2881169050,0.7118830950
statsbomb,3278,2023-12-16,12,5,2,0,1.4547068300,0.5452931700
statsbomb,3279,2023-12-16,5,3,2,0,1.0142816900,0.9857183100
statsbomb,3280,2023-12-16,3,2,0,0,0.1720431190,-0.1720431190
statsbomb,6602,2023-12-16,8,3,0,0,0.4292911847,-0.4292911847
statsbomb,6604,2023-12-16,5,0,0,0,0.3192866310,-0.3192866310
statsbomb,6757,2023-12-16,4,3,1,0,0.3530304870,0.6469695130
statsbomb,184,2023-12-17,4,2,0,0,0.1849127910,-0.1849127910
statsbomb,746,2023-12-17,17,8,4,0,1.9031959420,2.0968040580
statsbomb,904,2023-12-17,14,6,3,0,2.7532404140,0.2467595860
statsbomb,937,2023-12-17,22,6,2,1,3.0607277220,-1.0607277220
statsbomb,965,2023-12-17,7,1,0,0,0.3968658250,-0.3968658250
statsbomb,966,2023-12-17,10,3,1,0,1.3005831625,-0.3005831625
statsbomb,967,2023-12-17,6,4,1,0,0.5826006820,0.4173993180
statsbomb,971,2023-12-17,22,11,3,0,2.8058268440,0.1941731560
statsbomb,972,2023-12-17,14,6,1,0,1.6544887970,-0.6544887970
statsbomb,973,2023-12-17,8,2,0,0,1.0297237870,-1.0297237870
statsbomb,1069,2023-12-17,23,6,1,0,3.2530043110,-2.2530043110
statsbomb,1475,2023-12-17,11,2,1,0,1.2143119180,-0.2143119180
statsbomb,2647,2023-12-17,22,7,1,0,2.2348132420,-1.2348132420
statsbomb,2652,2023-12-17,18,3,1,0,1.7459163120,-0.7459163120
statsbomb,3152,2023-12-17,36,11,3,2,4.3219619690,-1.3219619690
statsbomb,3154,2023-12-17,15,6,2,0,1.9153298140,0.0846701860
statsbomb,3169,2023-12-17,12,8,2,0,1.1645982090,0.8354017910
statsbomb,3269,2023-12-17,8,4,0,0,0.6929147700,-0.6929147700
statsbomb,3270,2023-12-17,9,6,1,0,1.3249370050,-0.3249370050
statsbomb,3277,2023-12-17,11,4,1,0,1.0922381990,-0.0922381990
statsbomb,3281,2023-12-17,19,6,1,0,1.3433044055,-0.3433044055
statsbomb,3282,2023-12-17,18,7,2,1,2.2390409814,-0.2390409814
statsbomb,6755,2023-12-17,11,2,0,0,1.1055663880,-1.1055663880
statsbomb,11558,2023-12-17,6,3,2,0,0.5022530960,1.4977469040
statsbomb,11864,2023-12-17,7,1,0,0,0.3094269710,-0.3094269710
statsbomb,18938,2023-12-17,19,4,0,0,1.6952689873,-1.6952689873
statsbomb,19106,2023-12-17,8,3,1,1,1.0544146470,-0.0544146470
statsbomb,19107,2023-12-17,15,5,1,0,0.7046041960,0.2953958040
statsbomb,929,2023-12-18,12,6,1,0,1.0555438438,-0.0555438438
statsbomb,1086,2023-12-18,19,7,4,1,3.6828543220,0.3171456780
statsbomb,3144,2023-12-18,11,5,2,0,0.8744579960,1.1255420040
statsbomb,3168,2023-12-18,4,0,0,0,0.2541052300,-0.2541052300
statsbomb,868,2023-12-20,6,1,0,0,0.2876720240,-0.2876720240
statsbomb,904,2023-12-20,16,8,4,1,3.4008051630,0.5991948370
statsbomb,937,2024-01-06,30,16,9,1,4.9577266370,4.0422733630
statsbomb,3274,2024-01-06,19,9,5,0,2.7072163440,2.2927836560
statsbomb,6604,2024-01-06,7,1,0,0,0.1729583680,-0.1729583680
statsbomb,11864,2024-01-06,11,5,1,0,1.2683150670,-0.2683150670
statsbomb,1105,2024-01-07,26,14,6,0,3.4277313690,2.5722686310
statsbomb,3269,2024-01-07,20,6,3,0,2.8837204950,0.1162795050
statsbomb,3270,2024-01-07,13,4,2,0,1.0083225095,0.9916774905
statsbomb,3272,2024-01-07,15,6,3,0,2.1393977510,0.8606022490
statsbomb,3275,2024-01-07,13,2,0,0,0.6255392990,-0.6255392990
statsbomb,3277,2024-01-07,8,3,1,0,0.7431672840,0.2568327160
statsbomb,3278,2024-01-07,11,5,1,0,0.7500766063,0.2499233937
statsbomb,3279,2024-01-07,17,4,2,0,1.5103553290,0.4896446710
statsbomb,3280,2024-01-07,7,3,1,0,0.4029749293,0.5970250707
statsbomb,3281,2024-01-07,19,7,3,0,1.2104543664,1.7895456336
statsbomb,3282,2024-01-07,22,5,2,0,1.6254839083,0.3745160917
statsbomb,18938,2024-01-07,16,4,3,0,2.5381724890,0.4618275110
statsbomb,172,2024-01-13,4,0,0,0,0.3158641050,-0.3158641050
statsbomb,904,2024-01-13,25,6,1,0,1.5755370920,-0.5755370920
statsbomb,1076,2024-01-13,14,5,2,0,0.9975693880,1.0024306120
statsbomb,1086,2024-01-13,14,7,4,0,1.3184758350,2.6815241650
statsbomb,3150,2024-01-13,11,4,1,0,1.6875470820,-0.6875470820
statsbomb,3152,2024-01-13,38,9,3,0,3.2114934180,-0.2114934180
statsbomb,3155,2024-01-13,16,5,2,1,2.3321228110,-0.3321228110
statsbomb,3374,2024-01-13,10,4,2,0,0.7068961660,1.2931038340
statsbomb,4894,2024-01-13,10,3,0,0,0.5296147163,-0.5296147163
statsbomb,6755,2024-01-13,3,0,0,0,0.1004803570,-0.1004803570
statsbomb,774,2024-01-14,22,5,2,1,1.9291997944,0.0708002056
statsbomb,775,2024-01-14,19,7,1,0,2.6872513775,-1.6872513775
statsbomb,3144,2024-01-14,16,4,0,0,1.7943982360,-1.7943982360
statsbomb,3154,2024-01-14,6,3,1,0,0.5879277480,0.4120722520
statsbomb,4885,2024-01-14,11,1,1,0,1.4379429420,-0.4379429420
statsbomb,4924,2024-01-14,15,5,2,0,2.7202141450,-0.7202141450
statsbomb,4978,2024-01-14,6,2,2,0,0.7281985010,1.2718014990
statsbomb,4992,2024-01-14,8,1,1,0,0.3320850090,0.6679149910
statsbomb,6757,2024-01-14,12,5,1,0,0.7852583838,0.2147416162
statsbomb,11558,2024-01-14,13,3,0,0,1.1028532020,-1.1028532020
statsbomb,787,2024-01-15,14,6,3,0,1.7206512000,1.2793488000
statsbomb,2722,2024-01-15,13,2,1,0,0.8791736000,0.1208264000
statsbomb,4892,2024-01-15,6,2,1,0,0.7102196794,0.2897803206
statsbomb,4898,2024-01-15,16,3,1,0,0.6969294110,0.3030705890
statsbomb,4901,2024-01-15,7,1,1,1,1.1974654770,-0.1974654770
statsbomb,4934,2024-01-15,12,2,0,0,1.0083954580,-1.0083954580
statsbomb,777,2024-01-16,9,3,0,0,0.8706826865,-0.8706826865
statsbomb,4921,2024-01-16,11,5,1,1,1.1366585010,-0.1366585010
statsbomb,4930,2024-01-16,16,7,2,0,2.3419830654,-0.3419830654
statsbomb,4932,2024-01-16,9,4,0,0,0.5156561810,-0.5156561810
statsbomb,4976,2024-01-16,12,6,0,0,1.3898648276,-1.3898648276
statsbomb,4980,2024-01-16,13,4,1,0,1.6100867957,-0.6100867957
statsbomb,788,2024-01-17,15,7,3,0,2.3002813490,0.6997186510
statsbomb,4881,2024-01-17,27,7,1,0,2.6822564570,-1.6822564570
statsbomb,4953,2024-01-17,2,0,0,0,0.0119269150,-0.0119269150
statsbomb,4963,2024-01-17,3,1,1,0,0.0964328030,0.9035671970
statsbomb,774,2024-01-18,11,5,2,0,1.2035801500,0.7964198500
statsbomb,775,2024-01-18,11,1,1,1,1.5755700810,-0.5755700810
statsbomb,3374,2024-01-18,14,3,0,0,0.6072311182,-0.6072311182
statsbomb,4885,2024-01-18,6,3,2,0,0.4259470810,1.5740529190
statsbomb,4894,2024-01-18,12,3,1,0,1.0344140440,-0.0344140440
statsbomb,4992,2024-01-18,8,6,4,0,1.7774974070,2.2225025930
statsbomb,787,2024-01-19,5,3,3,0,1.2311799000,1.7688201000
statsbomb,2647,2024-01-19,15,6,1,0,1.5086997983,-0.5086997983
statsbomb,2652,2024-01-19,15,7,0,0,1.9156864420,-1.9156864420
statsbomb,2722,2024-01-19,5,1,1,0,0.2485470650,0.7514529350
statsbomb,4892,2024-01-19,16,5,1,0,2.4385147680,-1.4385147680
statsbomb,4924,2024-01-19,11,5,3,0,0.5990378949,2.4009621051
statsbomb,4934,2024-01-19,7,0,0,0,0.2544988460,-0.2544988460
statsbomb,4978,2024-01-19,8,2,0,0,0.3310106096,-0.3310106096
statsbomb,182,2024-01-20,10,6,2,0,1.0867654950,0.9132345050
statsbomb,777,2024-01-20,5,1,1,0,0.5300487537,0.4699512463
statsbomb,904,2024-01-20,18,5,3,0,1.8806014000,1.1193986000
statsbomb,967,2024-01-20,4,1,1,0,0.2218465270,0.7781534730
statsbomb,968,2024-01-20,19,6,2,0,2.9949812000,-0.9949812000
statsbomb,3144,2024-01-20,8,2,2,0,0.8901772260,1.1098227740
statsbomb,3152,2024-01-20,14,6,0,0,1.4433968360,-1.4433968360
statsbomb,3155,2024-01-20,17,6,0,0,0.6259859255,-0.6259859255
statsbomb,3272,2024-01-20,12,5,2,0,1.4760739730,0.5239260270
statsbomb,3278,2024-01-20,15,8,3,0,1.7623030840,1.2376969160
statsbomb,3279,2024-01-20,12,3,1,0,0.9552125250,0.0447874750
statsbomb,3281,2024-01-20,11,4,3,0,1.1341941430,1.8658058570
statsbomb,4898,2024-01-20,15,5,2,0,1.9980459710,0.0019540290
statsbomb,4901,2024-01-20,20,6,3,0,2.0439582000,0.9560418000
statsbomb,4921,2024-01-20,7,3,2,1,1.2589923040,0.7410076960
statsbomb,4930,2024-01-20,12,1,1,0,0.8457603720,0.1542396280
statsbomb,4932,2024-01-20,14,5,2,0,1.1113399408,0.8886600592
statsbomb,6604,2024-01-20,16,6,1,0,0.8223069660,0.1776930340
statsbomb,6757,2024-01-20,17,7,0,0,0.6371880275,-0.6371880275
statsbomb,11864,2024-01-20,9,2,0,0,0.4171008460,-0.4171008460
statsbomb,746,2024-01-21,22,8,4,1,3.5019222890,0.4980777110
statsbomb,749,2024-01-21,16,8,4,0,1.5865191700,2.4134808300
statsbomb,788,2024-01-21,11,4,1,0,1.0546321737,-0.0546321737
statsbomb,965,2024-01-21,8,4,3,0,0.7083167110,2.2916832890
statsbomb,966,2024-01-21,3,3,1,0,0.4032055570,0.5967944430
statsbomb,971,2024-01-21,20,4,3,0,1.7016703160,1.2983296840
statsbomb,972,2024-01-21,16,5,3,0,2.0315282510,0.9684717490
statsbomb,973,2024-01-21,18,4,2,0,1.3606131240,0.6393868760
statsbomb,1076,2024-01-21,22,10,1,0,1.7441989872,-0.7441989872
statsbomb,1086,2024-01-21,24,8,3,0,2.6004053220,0.3995946780
statsbomb,1475,2024-01-21,9,4,1,0,0.9767240920,0.0232759080
statsbomb,3154,2024-01-21,6,1,0,0,0.5443115445,-0.5443115445
statsbomb,3269,2024-01-21,13,3,1,0,1.0223942885,-0.0223942885
statsbomb,3270,2024-01-21,7,2,1,0,0.2803906045,0.7196093955
statsbomb,3275,2024-01-21,14,5,1,0,0.9617241957,0.0382758043
statsbomb,3277,2024-01-21,11,3,0,0,1.4360022680,-1.4360022680
statsbomb,3280,2024-01-21,6,3,1,1,1.2895012310,-0.2895012310
statsbomb,4881,2024-01-21,11,2,1,0,2.3102367100,-1.3102367100
statsbomb,4953,2024-01-21,6,2,1,0,0.3903694240,0.6096305760
statsbomb,4963,2024-01-21,11,4,1,0,0.7971692891,0.2028307109
statsbomb,4976,2024-01-21,12,8,4,1,2.2156721920,1.7843278080
statsbomb,4980,2024-01-21,4,1,0,0,0.5685470404,-0.5685470404
statsbomb,6755,2024-01-21,13,6,1,0,1.4794408360,-0.4794408360
statsbomb,18938,2024-01-21,29,7,0,0,2.6527158687,-2.6527158687
statsbomb,774,2024-01-22,27,7,2,0,1.7644844205,0.2355155795
statsbomb,775,2024-01-22,11,1,0,0,0.9708120340,-0.9708120340
statsbomb,3150,2024-01-22,15,7,3,0,2.0891661715,0.9108338285
statsbomb,3374,2024-01-22,22,3,0,0,2.0694979545,-2.0694979545
statsbomb,4885,2024-01-22,8,4,2,2,1.8431652510,0.1568347490
statsbomb,4894,2024-01-22,12,5,0,0,0.3514627777,-0.3514627777
statsbomb,4924,2024-01-22,6,3,2,0,0.4069637330,1.5930362670
statsbomb,4978,2024-01-22,14,4,2,1,1.5396220109,0.4603779891
statsbomb,4992,2024-01-22,10,7,4,0,1.0926792920,2.9073207080
statsbomb,11558,2024-01-22,14,3,2,0,1.1228326550,0.8771673450
statsbomb,787,2024-01-23,12,2,2,0,0.9427711890,1.0572288110
statsbomb,2722,2024-01-23,13,3,2,0,1.3671996520,0.6328003480
statsbomb,4892,2024-01-23,4,1,0,0,0.5531624260,-0.5531624260
statsbomb,4898,2024-01-23,16,5,0,0,1.1864072147,-1.1864072147
statsbomb,4901,2024-01-23,6,5,2,0,0.8842662025,1.1157337975
statsbomb,4921,2024-01-23,20,3,0,0,0.9952471892,-0.9952471892
statsbomb,4932,2024-01-23,17,7,1,0,1.3282860823,-0.3282860823
statsbomb,4934,2024-01-23,15,7,2,0,1.2964669140,0.7035330860
statsbomb,777,2024-01-24,11,2,0,0,1.0176946654,-1.0176946654
statsbomb,788,2024-01-24,19,7,1,0,2.4214914880,-1.4214914880
statsbomb,4881,2024-01-24,9,3,0,0,0.6590665210,-0.6590665210
statsbomb,4930,2024-01-24,11,2,0,0,0.6812131310,-0.6812131310
statsbomb,4953,2024-01-24,4,0,0,0,0.0585539966,-0.0585539966
statsbomb,4963,2024-01-24,11,2,0,0,0.4399758278,-0.4399758278
statsbomb,4976,2024-01-24,11,2,0,0,0.5204111787,-0.5204111787
statsbomb,4980,2024-01-24,5,1,0,0,0.6561558240,-0.6561558240
statsbomb,3166,2024-01-26,4,2,1,0,0.3097982470,0.6902017530
statsbomb,3168,2024-01-26,14,2,1,0,1.2412419270,-0.2412419270
statsbomb,185,2024-01-27,4,3,0,0,0.1836748060,-0.1836748060
statsbomb,775,2024-01-27,8,4,2,0,1.3096963100,0.6903036900
statsbomb,904,2024-01-27,28,9,0,0,2.5612615060,-2.5612615060
statsbomb,965,2024-01-27,5,2,0,0,0.1401250340,-0.1401250340
statsbomb,971,2024-01-27,20,9,3,0,2.3018533640,0.6981466360
statsbomb,1069,2024-01-27,14,3,1,0,1.3806198080,-0.3806198080
statsbomb,1105,2024-01-27,17,4,1,0,1.3630590440,-0.3630590440
statsbomb,2722,2024-01-27,6,0,0,0,0.3006228340,-0.3006228340
statsbomb,3144,2024-01-27,18,9,3,0,2.6561725100,0.3438274900
statsbomb,3152,2024-01-27,23,10,2,0,2.7286619509,-0.7286619509
statsbomb,3155,2024-01-27,10,3,2,0,1.5671010090,0.4328989910
statsbomb,3165,2024-01-27,9,4,2,0,1.9253665064,0.0746334936
statsbomb,3169,2024-01-27,4,3,0,0,0.3553424370,-0.3553424370
statsbomb,3269,2024-01-27,14,6,1,0,0.7280056593,0.2719943407
statsbomb,3270,2024-01-27,4,2,0,0,0.2298888080,-0.2298888080
statsbomb,3277,2024-01-27,8,7,1,0,0.6782462780,0.3217537220
statsbomb,3280,2024-01-27,10,2,0,0,0.3082910564,-0.3082910564
statsbomb,3282,2024-01-27,9,3,1,0,1.2690615020,-0.2690615020
statsbomb,4901,2024-01-27,11,4,3,0,1.5854788395,1.4145211605
statsbomb,4980,2024-01-27,12,4,0,0,0.8707519355,-0.8707519355
statsbomb,6604,2024-01-27,6,3,1,0,0.4950905074,0.5049094926
statsbomb,6757,2024-01-27,5,1,0,0,0.2728273040,-0.2728273040
statsbomb,11864,2024-01-27,8,4,1,0,0.6890609880,0.3109390120
statsbomb,19107,2024-01-27,7,4,0,0,0.2690593185,-0.2690593185
statsbomb,746,2024-01-28,12,4,1,0,1.0591210550,-0.0591210550
statsbomb,749,2024-01-28,5,2,0,0,0.3832295238,-0.3832295238
statsbomb,774,2024-01-28,11,4,1,1,1.3726481530,-0.3726481530
statsbomb,924,2024-01-28,13,3,1,0,0.7235097080,0.2764902920
statsbomb,937,2024-01-28,32,17,6,0,5.2005092022,0.7994907978
statsbomb,966,2024-01-28,5,1,0,0,0.6800863070,-0.6800863070
statsbomb,967,2024-01-28,8,0,0,0,1.1974144460,-1.1974144460
statsbomb,968,2024-01-28,14,7,2,0,2.1495288260,-0.1495288260
statsbomb,972,2024-01-28,15,6,2,0,1.9076048580,0.0923951420
statsbomb,973,2024-01-28,4,3,1,0,0.7061174160,0.2938825840
statsbomb,1475,2024-01-28,17,10,2,0,1.3101849990,0.6898150010
statsbomb,2647,2024-01-28,8,3,1,1,1.2127194940,-0.2127194940
statsbomb,2652,2024-01-28,14,7,1,0,1.2310917070,-0.2310917070
statsbomb,3150,2024-01-28,16,1,0,0,0.6780454460,-0.6780454460
statsbomb,3154,2024-01-28,11,2,1,0,1.1496351370,-0.1496351370
statsbomb,3170,2024-01-28,17,4,1,0,1.3006427624,-0.3006427624
statsbomb,3272,2024-01-28,16,5,1,0,1.1081929060,-0.1081929060
statsbomb,3274,2024-01-28,15,5,2,0,2.4930064370,-0.4930064370
statsbomb,3275,2024-01-28,9,3,0,0,0.8225100505,-0.8225100505
statsbomb,3278,2024-01-28,12,4,1,0,1.0104949596,-0.0104949596
statsbomb,3279,2024-01-28,3,1,0,0,0.0769856560,-0.0769856560
statsbomb,3281,2024-01-28,11,5,3,0,1.0724196366,1.9275803634
statsbomb,4881,2024-01-28,12,1,1,0,1.5752871650,-0.5752871650
statsbomb,4892,2024-01-28,10,4,1,0,0.5573152885,0.4426847115
statsbomb,4992,2024-01-28,5,0,0,0,0.9560689840,-0.9560689840
statsbomb,6602,2024-01-28,6,1,0,0,0.2123583240,-0.2123583240
statsbomb,6755,2024-01-28,12,3,0,0,0.5455580370,-0.5455580370
statsbomb,11558,2024-01-28,6,2,0,0,0.3698945590,-0.3698945590
statsbomb,18938,2024-01-28,13,6,2,0,1.6601881210,0.3398118790
statsbomb,19106,2024-01-28,10,4,2,0,1.2187439605,0.7812560395
statsbomb,787,2024-01-29,13,4,1,0,1.3179100523,-0.3179100523
statsbomb,929,2024-01-29,14,5,3,0,1.3105197030,1.6894802970
statsbomb,1076,2024-01-29,24,10,2,0,2.1126161210,-0.1126161210
statsbomb,1086,2024-01-29,9,3,2,0,1.3247555460,0.6752444540
statsbomb,3164,2024-01-29,5,1,1,0,0.3953406290,0.6046593710
statsbomb,3374,2024-01-29,8,4,1,1,1.1205949570,-0.1205949570
statsbomb,4924,2024-01-29,18,4,1,1,1.5715358579,-0.5715358579
statsbomb,4932,2024-01-29,11,0,0,0,0.7769726870,-0.7769726870
statsbomb,788,2024-01-30,13,2,0,0,2.0904296410,-2.0904296410
statsbomb,4921,2024-01-30,8,4,1,1,1.4600063336,-0.4600063336
statsbomb,4930,2024-01-30,14,4,1,0,0.6657573703,0.3342426297
statsbomb,4976,2024-01-30,5,3,2,0,0.2406584240,1.7593415760
statsbomb,775,2024-02-02,13,3,1,0,1.4616966710,-0.4616966710
statsbomb,924,2024-02-02,7,3,0,0,0.3174084526,-0.3174084526
statsbomb,3169,2024-02-02,18,3,2,0,1.5356906996,0.4643093004
statsbomb,4881,2024-02-02,13,3,3,1,1.6526311810,1.3473688190
statsbomb,4892,2024-02-02,7,3,1,1,1.1352217790,-0.1352217790
statsbomb,4901,2024-02-02,10,2,0,0,0.9549926710,-0.9549926710
statsbomb,872,2024-02-03,8,6,0,0,0.7708953120,-0.7708953120
statsbomb,904,2024-02-03,20,7,2,0,1.9519170070,0.0480829930
statsbomb,973,2024-02-03,4,3,2,0,0.4465943960,1.5534056040
statsbomb,1086,2024-02-03,11,3,2,0,1.1478460550,0.8521539450
statsbomb,1105,2024-02-03,15,3,0,0,1.6319670674,-1.6319670674
statsbomb,2647,2024-02-03,36,13,2,0,3.5998323285,-1.5998323285
statsbomb,3144,2024-02-03,24,8,2,1,2.9126002595,-0.9126002595
statsbomb,3150,2024-02-03,15,5,2,0,2.8929337527,-0.8929337527
statsbomb,3154,2024-02-03,20,11,1,0,3.4738448335,-2.4738448335
statsbomb,3155,2024-02-03,3,1,0,0,0.1837400320,-0.1837400320
statsbomb,3168,2024-02-03,24,7,3,1,2.7588240670,0.2411759330
statsbomb,3270,2024-02-03,13,7,0,0,1.5884227680,-1.5884227680
statsbomb,3274,2024-02-03,5,1,1,0,0.6025973350,0.3974026650
statsbomb,3277,2024-02-03,15,6,1,0,0.7203311465,0.2796688535
statsbomb,3278,2024-02-03,10,7,3,0,1.9178229390,1.0821770610
statsbomb,3279,2024-02-03,22,4,1,0,1.2956746896,-0.2956746896
statsbomb,3281,2024-02-03,16,5,3,0,1.6787632932,1.3212367068
statsbomb,3282,2024-02-03,19,12,7,0,2.4583132610,4.5416867390
statsbomb,3374,2024-02-03,11,3,2,0,0.8373889090,1.1626110910
statsbomb,4924,2024-02-03,25,2,0,0,1.5099397822,-1.5099397822
statsbomb,4930,2024-02-03,11,4,1,0,1.3171181390,-0.3171181390
statsbomb,4976,2024-02-03,16,6,0,0,1.0966515743,-1.0966515743
statsbomb,6602,2024-02-03,12,3,1,1,1.6270049380,-0.6270049380
statsbomb,6604,2024-02-03,6,3,2,0,0.4292086730,1.5707913270
statsbomb,11558,2024-02-03,8,4,3,0,1.2151593455,1.7848406545
statsbomb,18938,2024-02-03,14,5,2,1,1.2994542345,0.7005457655
statsbomb,19106,2024-02-03,6,2,0,0,1.1064032140,-1.1064032140
statsbomb,19107,2024-02-03,13,4,2,0,1.2326777910,0.7673222090
statsbomb,746,2024-02-04,18,9,2,0,1.7902491205,0.2097508795
statsbomb,749,2024-02-04,6,4,1,0,1.1310992500,-0.1310992500
statsbomb,929,2024-02-04,19,5,1,0,2.2711571990,-1.2711571990
statsbomb,937,2024-02-04,39,18,4,1,4.7285733090,-0.7285733090
statsbomb,965,2024-02-04,4,2,0,0,0.3276802600,-0.3276802600
statsbomb,966,2024-02-04,10,3,1,0,0.6861916220,0.3138083780
statsbomb,967,2024-02-04,3,0,0,0,0.5572318410,-0.5572318410
statsbomb,968,2024-02-04,22,5,1,0,1.9303683470,-0.9303683470
statsbomb,971,2024-02-04,16,6,3,2,3.0767686830,-0.0767686830
statsbomb,972,2024-02-04,4,2,2,1,1.1132495100,0.8867504900
statsbomb,1076,2024-02-04,23,6,1,0,1.6458972887,-0.6458972887
statsbomb,1475,2024-02-04,12,4,2,0,0.9937329770,1.0062670230
statsbomb,2652,2024-02-04,1,0,0,0,0.0859440300,-0.0859440300
statsbomb,3152,2024-02-04,16,10,3,1,1.9655948820,1.0344051180
statsbomb,3164,2024-02-04,7,1,0,0,0.2975998043,-0.2975998043
statsbomb,3166,2024-02-04,9,4,1,0,0.7660307376,0.2339692624
statsbomb,3170,2024-02-04,12,5,1,0,1.2328733420,-0.2328733420
statsbomb,3269,2024-02-04,15,5,1,0,1.2320440600,-0.2320440600
statsbomb,3272,2024-02-04,7,4,2,0,1.0759381090,0.9240618910
statsbomb,3275,2024-02-04,13,4,0,0,0.8606452235,-0.8606452235
statsbomb,3280,2024-02-04,3,1,0,0,0.0398615577,-0.0398615577
statsbomb,6755,2024-02-04,15,3,0,0,0.6758989070,-0.6758989070
statsbomb,6757,2024-02-04,27,8,1,0,2.1445959037,-1.1445959037
statsbomb,11864,2024-02-04,7,2,1,0,0.6042597740,0.3957402260
statsbomb,1069,2024-02-05,19,7,4,0,1.5631717450,2.4368282550
statsbomb,775,2024-02-07,14,6,1,1,1.4913133767,-0.4913133767
statsbomb,3374,2024-02-07,14,2,1,0,0.8495611760,0.1504388240
statsbomb,4881,2024-02-07,7,1,0,0,0.8260834730,-0.8260834730
statsbomb,4976,2024-02-07,14,5,1,1,1.7584694970,-0.7584694970
statsbomb,3164,2024-02-09,19,9,4,1,3.8200513740,0.1799486260
statsbomb,19107,2024-02-09,9,6,4,0,0.8510921330,3.1489078670
statsbomb,169,2024-02-10,9,1,0,0,0.6181174090,-0.6181174090
statsbomb,904,2024-02-10,14,9,3,0,1.0338468790,1.9661531210
statsbomb,937,2024-02-10,23,9,3,0,2.4255200906,0.5744799094
statsbomb,1069,2024-02-10,21,10,4,0,3.2353709510,0.7646290490
statsbomb,3150,2024-02-10,14,4,0,0,0.8257239030,-0.8257239030
statsbomb,3152,2024-02-10,19,8,1,0,2.0137586573,-1.0137586573
statsbomb,3154,2024-02-10,11,5,1,1,1.1224648590,-0.1224648590
statsbomb,3155,2024-02-10,11,2,0,0,0.8038343943,-0.8038343943
statsbomb,3168,2024-02-10,11,4,1,0,0.7730859820,0.2269140180
statsbomb,3169,2024-02-10,17,8,1,0,2.4815579173,-1.4815579173
statsbomb,3275,2024-02-10,8,1,1,0,0.7498076930,0.2501923070
statsbomb,3277,2024-02-10,12,2,0,0,1.6333447820,-1.6333447820
statsbomb,3281,2024-02-10,8,2,0,0,0.5526694173,-0.5526694173
statsbomb,4881,2024-02-10,13,3,0,0,1.6816346820,-1.6816346820
statsbomb,4976,2024-02-10,6,3,0,0,0.2661525110,-0.2661525110
statsbomb,6602,2024-02-10,4,0,0,0,0.1310059950,-0.1310059950
statsbomb,6604,2024-02-10,4,3,1,0,0.4007829430,0.5992170570
statsbomb,11864,2024-02-10,15,3,1,0,0.9455147135,0.0544852865
statsbomb,775,2024-02-11,5,1,1,0,0.2581926650,0.7418073350
statsbomb,924,2024-02-11,9,4,1,0,0.4274013926,0.5725986074
statsbomb,929,2024-02-11,14,5,2,0,0.9477073900,1.0522926100
statsbomb,1076,2024-02-11,23,11,5,0,2.7851665550,2.2148334450
statsbomb,1086,2024-02-11,8,2,1,0,0.6515209160,0.3484790840
statsbomb,1105,2024-02-11,26,6,1,0,2.8317864205,-1.8317864205
statsbomb,3144,2024-02-11,19,10,6,0,2.5086367400,3.4913632600
statsbomb,3165,2024-02-11,20,6,1,0,1.8812043690,-0.8812043690
statsbomb,3170,2024-02-11,7,2,0,0,0.5473360490,-0.5473360490
statsbomb,3269,2024-02-11,7,0,0,0,0.3339871096,-0.3339871096
statsbomb,3270,2024-02-11,12,4,2,0,1.7533135600,0.2466864400
statsbomb,3272,2024-02-11,12,5,1,0,0.9644927350,0.0355072650
statsbomb,3274,2024-02-11,9,3,1,0,1.7379762930,-0.7379762930
statsbomb,3278,2024-02-11,11,5,1,0,1.2225518213,-0.2225518213
statsbomb,3279,2024-02-11,6,4,1,0,0.4414300650,0.5585699350
statsbomb,3280,2024-02-11,12,1,1,0,0.8495020840,0.1504979160
statsbomb,3282,2024-02-11,18,6,4,0,1.9935116547,2.0064883453
statsbomb,3374,2024-02-11,18,7,2,0,1.4139358625,0.5860641375
statsbomb,6755,2024-02-11,12,3,0,0,0.4999614780,-0.4999614780
statsbomb,6757,2024-02-11,18,5,1,0,1.0806487090,-0.0806487090
statsbomb,11558,2024-02-11,6,1,0,0,0.7684575970,-0.7684575970
statsbomb,18938,2024-02-11,14,4,1,0,0.9829920496,0.0170079504
statsbomb,3166,2024-02-12,11,4,2,0,0.6099240790,1.3900759210
statsbomb,19106,2024-02-12,7,1,1,0,0.5431174730,0.4568825270
statsbomb,3152,2024-02-13,33,8,3,1,4.1946225315,-1.1946225315
statsbomb,3154,2024-02-13,7,3,0,0,0.2819742020,-0.2819742020
statsbomb,937,2024-02-14,20,8,1,0,1.9656522220,-0.9656522220
statsbomb,1076,2024-02-14,11,4,2,0,0.8096282840,1.1903717160
statsbomb,1086,2024-02-14,13,4,1,0,1.0310504770,-0.0310504770
statsbomb,1105,2024-02-14,15,5,1,0,1.6132008990,-0.6132008990
statsbomb,3144,2024-02-14,18,5,0,0,1.3997909280,-1.3997909280
statsbomb,3150,2024-02-14,27,10,3,0,2.4761997325,0.5238002675
statsbomb,3274,2024-02-14,4,1,1,0,0.3243129360,0.6756870640
statsbomb,3282,2024-02-14,12,5,1,1,1.5608191870,-0.5608191870
statsbomb,6757,2024-02-14,11,2,1,0,1.0125474360,-0.0125474360
statsbomb,11558,2024-02-14,14,4,0,0,1.2957622960,-1.2957622960
statsbomb,3155,2024-02-15,17,6,2,0,1.6436371240,0.3563628760
statsbomb,6755,2024-02-15,10,4,0,0,0.5914810670,-0.5914810670
statsbomb,746,2024-02-16,12,5,1,0,1.4481137760,-0.4481137760
statsbomb,971,2024-02-16,17,6,0,0,1.4653673540,-1.4653673540
statsbomb,3170,2024-02-16,17,8,1,0,2.4681808560,-1.4681808560
statsbomb,19107,2024-02-16,8,5,2,0,1.1441507570,0.8558492430
statsbomb,201,2024-02-17,6,3,1,0,0.4572621840,0.5427378160
statsbomb,904,2024-02-17,18,3,2,0,1.8190613250,0.1809386750
statsbomb,929,2024-02-17,24,13,9,1,6.0145741770,2.9854258230
statsbomb,968,2024-02-17,16,5,2,1,2.7252196040,-0.7252196040
statsbomb,1086,2024-02-17,6,2,0,0,0.3680787880,-0.3680787880
statsbomb,1475,2024-02-17,9,3,1,0,0.9308122630,0.0691877370
statsbomb,3152,2024-02-17,19,4,1,0,1.9900084370,-0.9900084370
statsbomb,3154,2024-02-17,17,5,2,0,1.3385420780,0.6614579220
statsbomb,3165,2024-02-17,14,7,3,0,1.3445837160,1.6554162840
statsbomb,3168,2024-02-17,7,2,0,0,0.5716520670,-0.5716520670
statsbomb,3270,2024-02-17,14,4,1,0,1.5022216930,-0.5022216930
statsbomb,3272,2024-02-17,11,3,1,0,0.4002160535,0.5997839465
statsbomb,3277,2024-02-17,15,6,3,0,1.2408493505,1.7591506495
statsbomb,3279,2024-02-17,9,2,0,0,0.6520789890,-0.6520789890
statsbomb,3280,2024-02-17,18,2,1,0,1.1485710118,-0.1485710118
statsbomb,3281,2024-02-17,6,3,2,0,0.6703801890,1.3296198110
statsbomb,6604,2024-02-17,9,4,1,0,0.8487018160,0.1512981840
statsbomb,6757,2024-02-17,6,2,0,0,0.3210895880,-0.3210895880
statsbomb,18938,2024-02-17,15,8,2,1,2.2072241083,-0.2072241083
statsbomb,19106,2024-02-17,6,4,1,0,0.6653919610,0.3346080390
statsbomb,749,2024-02-18,15,4,1,0,1.1513282990,-0.1513282990
statsbomb,924,2024-02-18,3,1,0,0,0.0769244020,-0.0769244020
statsbomb,937,2024-02-18,29,10,2,0,2.6319996285,-0.6319996285
statsbomb,965,2024-02-18,10,3,0,0,0.3386955635,-0.3386955635
statsbomb,966,2024-02-18,9,4,1,0,1.4980979830,-0.4980979830
statsbomb,967,2024-02-18,7,4,2,0,0.6929238890,1.3070761110
statsbomb,972,2024-02-18,6,1,0,0,0.4172759795,-0.4172759795
statsbomb,973,2024-02-18,6,3,2,0,0.4067671723,1.5932328277
statsbomb,1069,2024-02-18,12,4,2,0,2.5056057050,-0.5056057050
statsbomb,1076,2024-02-18,27,14,4,1,3.0965661420,0.9034338580
statsbomb,1105,2024-02-18,2,1,0,0,0.0908186010,-0.0908186010
statsbomb,2647,2024-02-18,13,4,2,0,0.9825166480,1.0174833520
statsbomb,2652,2024-02-18,31,10,5,0,4.1098988945,0.8901011055
statsbomb,3144,2024-02-18,17,6,1,0,0.9907289840,0.0092710160
statsbomb,3150,2024-02-18,9,4,1,0,0.9310878230,0.0689121770
statsbomb,3155,2024-02-18,6,3,1,1,1.3338525330,-0.3338525330
statsbomb,3164,2024-02-18,10,5,0,0,0.4511978890,-0.4511978890
statsbomb,3166,2024-02-18,9,2,1,0,0.6053397410,0.3946602590
statsbomb,3169,2024-02-18,12,5,1,0,1.0976895425,-0.0976895425
statsbomb,3269,2024-02-18,12,3,1,0,0.7116908123,0.2883091877
statsbomb,3274,2024-02-18,15,1,0,0,1.1461524130,-1.1461524130
statsbomb,3275,2024-02-18,11,1,0,0,0.6112497957,-0.6112497957
statsbomb,3278,2024-02-18,8,3,2,0,0.7748704340,1.2251295660
statsbomb,3282,2024-02-18,16,9,2,1,3.2028160340,-1.2028160340
statsbomb,6602,2024-02-18,17,8,0,0,1.4340233447,-1.4340233447
statsbomb,6755,2024-02-18,14,6,3,0,2.5187810950,0.4812189050
statsbomb,11558,2024-02-18,21,7,4,1,2.3882654670,1.6117345330
statsbomb,11864,2024-02-18,19,7,1,0,1.7459583327,-0.7459583327
statsbomb,177,2024-02-23,13,4,1,0,1.1411721760,-0.1411721760
statsbomb,904,2024-02-23,17,5,2,0,1.1127182105,0.8872817895
statsbomb,746,2024-03-02,22,10,2,0,2.4553036440,-0.4553036440
statsbomb,967,2024-03-02,5,2,1,0,0.7888904060,0.2111095940
statsbomb,186,2024-03-03,6,0,0,0,0.6864133300,-0.6864133300
statsbomb,749,2024-03-03,6,3,0,0,0.4014692440,-0.4014692440
statsbomb,904,2024-03-03,17,5,2,0,1.2933706570,0.7066293430
statsbomb,965,2024-03-03,19,9,7,1,4.6335738950,2.3664261050
statsbomb,966,2024-03-03,15,6,4,0,1.1910585620,2.8089414380
statsbomb,968,2024-03-03,14,4,1,0,1.9096769270,-0.9096769270
statsbomb,971,2024-03-03,20,9,4,0,2.6964271160,1.3035728840
statsbomb,972,2024-03-03,15,2,1,0,0.8425287410,0.1574712590
statsbomb,973,2024-03-03,17,5,3,0,1.6936697810,1.3063302190
statsbomb,1475,2024-03-03,17,6,1,0,2.2572338320,-1.2572338320
statsbomb,2647,2024-03-03,12,5,1,1,1.8153157470,-0.8153157470
statsbomb,2652,2024-03-03,5,4,0,0,0.4906238440,-0.4906238440
statsbomb,924,2024-03-08,17,6,1,0,1.0939573253,-0.0939573253
statsbomb,3164,2024-03-08,12,7,4,1,2.3080253570,1.6919746430
statsbomb,1069,2024-03-09,11,5,2,0,1.3147406320,0.6852593680
statsbomb,3169,2024-03-09,18,5,2,0,1.8976454840,0.1023545160
statsbomb,3170,2024-03-09,16,3,1,0,1.4443946120,-0.4443946120
statsbomb,3269,2024-03-09,15,4,1,0,1.2086217996,-0.2086217996
statsbomb,3275,2024-03-09,15,6,2,0,1.8972142530,0.1027857470
statsbomb,3278,2024-03-09,16,6,1,0,1.9010096078,-0.9010096078
statsbomb,3281,2024-03-09,4,2,0,0,0.2574693760,-0.2574693760
statsbomb,3282,2024-03-09,18,5,1,0,1.3839198808,-0.3839198808
statsbomb,6604,2024-03-09,8,3,1,0,1.4593201105,-0.4593201105
statsbomb,11864,2024-03-09,11,3,1,0,0.6943381794,0.3056618206
statsbomb,18938,2024-03-09,11,5,2,0,1.1374268980,0.8625731020
statsbomb,19106,2024-03-09,12,3,0,0,1.2268573670,-1.2268573670
statsbomb,179,2024-03-10,3,1,0,0,0.2267873010,-0.2267873010
statsbomb,904,2024-03-10,19,8,2,0,1.7859470585,0.2140529415
statsbomb,937,2024-03-10,34,14,7,0,4.3444282450,2.6555717550
statsbomb,1105,2024-03-10,9,3,1,0,1.2624417120,-0.2624417120
statsbomb,3165,2024-03-10,13,0,0,0,0.8373823575,-0.8373823575
statsbomb,3166,2024-03-10,12,5,0,0,0.7712680460,-0.7712680460
statsbomb,3168,2024-03-10,15,5,1,0,2.2878330767,-1.2878330767
statsbomb,3270,2024-03-10,9,2,2,0,1.5631376380,0.4368623620
statsbomb,3272,2024-03-10,7,2,1,0,0.3360654470,0.6639345530
statsbomb,3274,2024-03-10,13,5,1,0,1.8737472210,-0.8737472210
statsbomb,3277,2024-03-10,10,4,2,1,1.3216209170,0.6783790830
statsbomb,3279,2024-03-10,14,6,2,0,2.2699506840,-0.2699506840
statsbomb,3280,2024-03-10,5,1,0,0,0.1317424633,-0.1317424633
statsbomb,6602,2024-03-10,17,6,2,1,2.3948965720,-0.3948965720
statsbomb,929,2024-03-11,19,6,4,0,4.4911630560,-0.4911630560
statsbomb,19107,2024-03-11,4,1,0,0,0.1322056540,-0.1322056540
statsbomb,929,2024-03-15,34,8,1,0,3.0328740650,-2.0328740650
statsbomb,968,2024-03-15,11,2,0,0,0.6210554830,-0.6210554830
statsbomb,971,2024-03-15,18,7,3,0,2.4851608090,0.5148391910
statsbomb,3169,2024-03-15,8,4,2,1,1.1405215610,0.8594784390
statsbomb,967,2024-03-16,10,1,1,0,0.8392793310,0.1607206690
statsbomb,1069,2024-03-16,23,10,5,0,4.5057740650,0.4942259350
statsbomb,1086,2024-03-16,9,6,0,0,0.8356296130,-0.8356296130
statsbomb,2647,2024-03-16,8,4,2,0,0.7441605380,1.2558394620
statsbomb,3154,2024-03-16,10,4,1,0,1.3211315480,-0.3211315480
statsbomb,3164,2024-03-16,12,1,0,0,2.0083516960,-2.0083516960
statsbomb,3168,2024-03-16,7,4,0,0,0.6363409450,-0.6363409450
statsbomb,3274,2024-03-16,10,4,1,0,1.1390522250,-0.1390522250
statsbomb,3275,2024-03-16,6,0,0,0,0.1126434140,-0.1126434140
statsbomb,3278,2024-03-16,17,12,4,0,2.2401765130,1.7598234870
statsbomb,3280,2024-03-16,10,3,1,1,1.1835832020,-0.1835832020
statsbomb,3281,2024-03-16,17,7,2,0,2.9133028100,-0.9133028100
statsbomb,3282,2024-03-16,18,3,1,0,2.0486777997,-1.0486777997
statsbomb,6604,2024-03-16,10,4,1,0,0.9271596650,0.0728403350
statsbomb,6755,2024-03-16,11,4,0,0,0.8035238280,-0.8035238280
statsbomb,6757,2024-03-16,8,5,4,0,1.0868883170,2.9131116830
statsbomb,11864,2024-03-16,18,5,0,0,0.9730722855,-0.9730722855
statsbomb,19107,2024-03-16,10,1,0,0,0.5511438546,-0.5511438546
statsbomb,183,2024-03-17,11,3,2,0,0.9306200680,1.0693799320
statsbomb,746,2024-03-17,21,8,4,0,1.8540341440,2.1459658560
statsbomb,749,2024-03-17,11,4,1,0,1.1935377030,-0.1935377030
statsbomb,904,2024-03-17,19,7,3,0,2.5961762580,0.4038237420
statsbomb,924,2024-03-17,2,1,1,0,0.0092857610,0.9907142390
statsbomb,937,2024-03-17,30,13,6,0,3.2110398880,2.7889601120
statsbomb,965,2024-03-17,3,1,1,0,0.3181490387,0.6818509613
statsbomb,966,2024-03-17,13,8,3,0,2.4136851930,0.5863148070
statsbomb,972,2024-03-17,9,3,1,0,0.6119773500,0.3880226500
statsbomb,973,2024-03-17,3,0,0,0,0.1891491240,-0.1891491240
statsbomb,1076,2024-03-17,30,13,3,1,4.9862931250,-1.9862931250
statsbomb,1105,2024-03-17,11,2,1,0,1.7421740510,-0.7421740510
statsbomb,1475,2024-03-17,8,2,2,0,0.7251828470,1.2748171530
statsbomb,2652,2024-03-17,12,4,0,0,0.9636222880,-0.9636222880
statsbomb,3144,2024-03-17,14,6,3,1,2.4191215490,0.5808784510
statsbomb,3155,2024-03-17,11,3,1,0,0.8890240180,0.1109759820
statsbomb,3165,2024-03-17,19,5,0,0,1.9427116343,-1.9427116343
statsbomb,3170,2024-03-17,20,4,2,0,1.9573032540,0.0426967460
statsbomb,3269,2024-03-17,4,1,0,0,0.3540704700,-0.3540704700
statsbomb,3270,2024-03-17,9,4,2,0,1.1351516770,0.8648483230
statsbomb,3272,2024-03-17,19,3,0,0,1.0890751460,-1.0890751460
statsbomb,3277,2024-03-17,15,5,0,0,1.0061722564,-1.0061722564
statsbomb,3279,2024-03-17,13,5,0,0,0.5417420020,-0.5417420020
statsbomb,11558,2024-03-17,10,2,0,0,0.6620589410,-0.6620589410
statsbomb,18938,2024-03-17,8,1,0,0,0.3211831400,-0.3211831400
statsbomb,19106,2024-03-17,3,3,0,0,0.1412778470,-0.1412778470
statsbomb,3166,2024-03-18,16,7,2,0,1.3575381630,0.6424618370
statsbomb,6602,2024-03-18,15,8,0,0,1.4501808230,-1.4501808230
statsbomb,3165,2024-03-22,10,5,2,0,1.8555005840,0.1444994160
statsbomb,3169,2024-03-22,19,7,4,0,2.3708122780,1.6291877220
statsbomb,746,2024-03-23,15,5,3,0,2.1254103380,0.8745896620
statsbomb,929,2024-03-23,17,4,0,0,1.6318928958,-1.6318928958
statsbomb,1069,2024-03-23,13,6,4,0,1.2830765830,2.7169234170
statsbomb,1475,2024-03-23,15,4,0,0,1.1338319890,-1.1338319890
statsbomb,3152,2024-03-23,13,5,3,1,1.8953472920,1.1046527080
statsbomb,3154,2024-03-23,7,1,0,0,0.5008524560,-0.5008524560
statsbomb,3269,2024-03-23,11,6,5,0,0.7519287440,4.2480712560
statsbomb,3270,2024-03-23,7,2,1,0,0.4008964800,0.5991035200
statsbomb,3272,2024-03-23,20,5,0,0,1.3956483850,-1.3956483850
statsbomb,3274,2024-03-23,17,8,5,0,2.5676628210,2.4323371790
statsbomb,3277,2024-03-23,11,4,4,0,2.7389136610,1.2610863390
statsbomb,3279,2024-03-23,10,1,0,0,0.3707335970,-0.3707335970
statsbomb,3281,2024-03-23,13,5,0,0,0.9301700720,-0.9301700720
statsbomb,6602,2024-03-23,23,11,3,0,2.7464749600,0.2535250400
statsbomb,6757,2024-03-23,13,2,1,0,0.9239649520,0.0760350480
statsbomb,11558,2024-03-23,15,3,0,0,1.4019255870,-1.4019255870
statsbomb,18938,2024-03-23,13,2,1,1,1.6938489410,-0.6938489410
statsbomb,19106,2024-03-23,15,7,3,1,2.3900263694,0.6099736306
statsbomb,749,2024-03-24,25,6,1,0,2.0026235245,-1.0026235245
statsbomb,924,2024-03-24,15,5,0,0,1.8972374490,-1.8972374490
statsbomb,937,2024-03-24,20,7,3,0,3.4899319910,-0.4899319910
statsbomb,965,2024-03-24,12,7,3,0,2.3103733650,0.6896266350
statsbomb,966,2024-03-24,9,4,0,0,0.8243722440,-0.8243722440
statsbomb,967,2024-03-24,8,1,0,0,0.5367809560,-0.5367809560
statsbomb,968,2024-03-24,36,13,3,0,4.1141388800,-1.1141388800
statsbomb,971,2024-03-24,18,5,2,0,1.0081843380,0.9918156620
statsbomb,972,2024-03-24,8,0,0,0,1.0973351890,-1.0973351890
statsbomb,973,2024-03-24,9,1,0,0,0.6000163340,-0.6000163340
statsbomb,1086,2024-03-24,9,1,0,0,0.7243345940,-0.7243345940
statsbomb,1105,2024-03-24,15,3,1,0,1.2081174860,-0.2081174860
statsbomb,2647,2024-03-24,1,1,1,0,0.0981094000,0.9018906000
statsbomb,2652,2024-03-24,19,8,2,0,1.5547835100,0.4452164900
statsbomb,3144,2024-03-24,14,5,3,0,2.4380473470,0.5619526530
statsbomb,3150,2024-03-24,22,7,4,0,3.0338597230,0.9661402770
statsbomb,3164,2024-03-24,8,1,0,0,0.8157988000,-0.8157988000
statsbomb,3166,2024-03-24,12,1,0,0,0.7688729180,-0.7688729180
statsbomb,3275,2024-03-24,16,2,1,0,0.9024040150,0.0975959850
statsbomb,3278,2024-03-24,18,9,2,1,2.8028763313,-0.8028763313
statsbomb,3280,2024-03-24,9,1,1,0,0.3754603796,0.6245396204
statsbomb,3282,2024-03-24,2,1,0,0,0.0789013800,-0.0789013800
statsbomb,6604,2024-03-24,8,4,1,0,0.8923859984,0.1076140016
statsbomb,6755,2024-03-24,14,3,0,0,0.3779800603,-0.3779800603
statsbomb,11864,2024-03-24,17,4,1,0,1.6311044600,-0.6311044600
statsbomb,19107,2024-03-24,14,8,3,1,2.2349162510,0.7650837490
statsbomb,3168,2024-03-25,4,2,0,0,0.4248976840,-0.4248976840
statsbomb,3170,2024-03-25,14,7,2,0,1.1512741896,0.8487258104
statsbomb,3144,2024-03-29,20,7,1,0,2.0189310460,-1.0189310460
statsbomb,3152,2024-03-29,17,6,2,0,1.6010565870,0.3989434130
statsbomb,175,2024-03-30,6,2,1,0,0.6492178610,0.3507821390
statsbomb,746,2024-03-30,16,8,4,0,1.2886799555,2.7113200445
statsbomb,904,2024-03-30,34,11,2,0,2.7699830180,-0.7699830180
statsbomb,966,2024-03-30,10,6,0,0,0.4895952110,-0.4895952110
statsbomb,1076,2024-03-30,10,9,4,0,1.7422631110,2.2577368890
statsbomb,1086,2024-03-30,12,3,0,0,0.6922646710,-0.6922646710
statsbomb,1105,2024-03-30,15,4,1,0,1.0024611800,-0.0024611800
statsbomb,2647,2024-03-30,13,7,2,0,1.2918750140,0.7081249860
statsbomb,2652,2024-03-30,11,3,2,0,0.9876282200,1.0123717800
statsbomb,3150,2024-03-30,27,9,4,0,2.3212832650,1.6787167350
statsbomb,3155,2024-03-30,11,5,1,0,2.0877472605,-1.0877472605
statsbomb,3272,2024-03-30,24,7,2,0,1.8137039095,0.1862960905
statsbomb,3275,2024-03-30,12,1,0,0,0.4951734764,-0.4951734764
statsbomb,3277,2024-03-30,10,2,0,0,0.8454285790,-0.8454285790
statsbomb,3279,2024-03-30,8,2,0,0,0.2531125480,-0.2531125480
statsbomb,3281,2024-03-30,15,5,3,0,1.7814347602,1.2185652398
statsbomb,3282,2024-03-30,20,6,2,0,1.8982525573,0.1017474427
statsbomb,6604,2024-03-30,4,1,0,0,0.4300016860,-0.4300016860
statsbomb,6757,2024-03-30,14,5,0,0,0.6626558103,-0.6626558103
statsbomb,11558,2024-03-30,16,8,1,0,0.9347517630,0.0652482370
statsbomb,937,2024-03-31,29,13,5,0,5.3305304530,-0.3305304530
statsbomb,965,2024-03-31,10,2,0,0,0.8386176360,-0.8386176360
statsbomb,967,2024-03-31,7,2,1,0,0.9020829340,0.0979170660
statsbomb,972,2024-03-31,10,5,0,0,0.6134126760,-0.6134126760
statsbomb,1475,2024-03-31,24,8,4,0,2.3287548220,1.6712451780
statsbomb,3269,2024-03-31,11,5,2,0,1.6064738637,0.3935261363
statsbomb,3270,2024-03-31,11,6,4,0,1.9392634430,2.0607365570
statsbomb,3274,2024-03-31,1,0,0,0,0.0514314600,-0.0514314600
statsbomb,3278,2024-03-31,10,2,0,0,0.6474844977,-0.6474844977
statsbomb,3280,2024-03-31,9,2,1,0,0.7110604871,0.2889395129
statsbomb,11864,2024-03-31,9,5,1,0,1.5052326520,-0.5052326520
statsbomb,18938,2024-03-31,9,5,3,0,0.7069291700,2.2930708300
statsbomb,190,2024-04-06,9,0,0,0,0.5450826365,-0.5450826365
statsbomb,904,2024-04-06,20,8,1,1,2.5635430060,-1.5635430060
statsbomb,3168,2024-04-12,11,2,1,0,0.8209193240,0.1790806760
statsbomb,19107,2024-04-12,4,1,1,0,0.1549220700,0.8450779300
statsbomb,929,2024-04-13,22,11,4,0,2.9296607860,1.0703392140
statsbomb,937,2024-04-13,23,10,5,1,3.5883169015,1.4116830985
statsbomb,3144,2024-04-13,18,8,1,1,2.3559583400,-1.3559583400
statsbomb,3154,2024-04-13,9,3,2,0,0.5243261370,1.4756738630
statsbomb,3165,2024-04-13,10,4,1,0,1.9580746620,-0.9580746620
statsbomb,3166,2024-04-13,9,4,2,0,1.4732153700,0.5267846300
statsbomb,3170,2024-04-13,11,1,0,0,1.5609126122,-1.5609126122
statsbomb,3272,2024-04-13,27,8,1,0,1.9505130865,-0.9505130865
statsbomb,3275,2024-04-13,11,4,2,0,0.5813662980,1.4186337020
statsbomb,3279,2024-04-13,11,5,2,1,2.2143149930,-0.2143149930
statsbomb,3280,2024-04-13,8,3,1,0,0.8888671490,0.1111328510
statsbomb,3281,2024-04-13,9,6,0,0,1.2564593686,-1.2564593686
statsbomb,6604,2024-04-13,1,1,1,0,0.4994885300,0.5005114700
statsbomb,11864,2024-04-13,19,8,1,0,1.3059084944,-0.3059084944
statsbomb,176,2024-04-14,7,3,0,0,0.6837327820,-0.6837327820
statsbomb,904,2024-04-14,20,10,5,1,3.0042432770,1.9957567230
statsbomb,924,2024-04-14,9,4,1,0,0.4358685347,0.5641314653
statsbomb,968,2024-04-14,32,12,4,0,3.4479434040,0.5520565960
statsbomb,973,2024-04-14,3,1,0,0,0.3372487850,-0.3372487850
statsbomb,1069,2024-04-14,32,12,5,0,5.0647840230,-0.0647840230
statsbomb,1105,2024-04-14,12,2,0,0,0.7303838700,-0.7303838700
statsbomb,3150,2024-04-14,13,5,3,0,1.0416573240,1.9583426760
statsbomb,3155,2024-04-14,13,4,1,0,0.7526779347,0.2473220653
statsbomb,3164,2024-04-14,24,10,4,0,1.8662896830,2.1337103170
statsbomb,3269,2024-04-14,11,5,2,1,1.7871100050,0.2128899950
statsbomb,3270,2024-04-14,8,5,1,0,0.4967401656,0.5032598344
statsbomb,3274,2024-04-14,11,4,1,0,0.9429847010,0.0570152990
statsbomb,3277,2024-04-14,15,3,1,0,0.7822128854,0.2177871146
statsbomb,3278,2024-04-14,10,4,2,0,1.1710287400,0.8289712600
statsbomb,3282,2024-04-14,24,10,4,0,3.6177864830,0.3822135170
statsbomb,6755,2024-04-14,12,4,1,0,0.8097003950,0.1902996050
statsbomb,11558,2024-04-14,24,7,2,0,1.5834957720,0.4165042280
statsbomb,18938,2024-04-14,2,0,0,0,0.1037391740,-0.1037391740
statsbomb,19106,2024-04-14,4,0,0,0,0.0965912010,-0.0965912010
statsbomb,1076,2024-04-15,13,3,1,0,1.1045249630,-0.1045249630
statsbomb,3152,2024-04-15,19,7,2,0,2.1259970280,-0.1259970280
statsbomb,3169,2024-04-15,14,6,1,0,0.9279520650,0.0720479350
statsbomb,6602,2024-04-15,12,3,1,0,0.7862739070,0.2137260930
statsbomb,971,2024-04-17,22,8,3,0,2.8317325700,0.1682674300
statsbomb,2647,2024-04-17,5,1,0,0,0.3563093730,-0.3563093730
statsbomb,965,2024-04-19,15,5,1,0,1.6064376980,-0.6064376980
statsbomb,967,2024-04-19,4,4,1,0,0.5234926070,0.4765073930
statsbomb,3166,2024-04-19,8,2,0,0,0.5136010350,-0.5136010350
statsbomb,19107,2024-04-19,6,2,1,0,0.2953990780,0.7046009220
statsbomb,966,2024-04-20,10,4,1,0,0.6365659290,0.3634340710
statsbomb,973,2024-04-20,8,2,0,0,0.7429747503,-0.7429747503
statsbomb,1076,2024-04-20,16,4,2,0,1.0855251527,0.9144748473
statsbomb,1086,2024-04-20,7,1,0,0,1.1101937200,-1.1101937200
statsbomb,3152,2024-04-20,14,4,0,0,1.3633370080,-1.3633370080
statsbomb,3154,2024-04-20,7,5,1,0,0.2561429230,0.7438570770
statsbomb,3164,2024-04-20,16,7,2,1,1.8060855420,0.1939144580
statsbomb,3169,2024-04-20,16,5,0,0,2.8275755890,-2.8275755890
statsbomb,3170,2024-04-20,20,8,4,0,2.7736947520,1.2263052480
statsbomb,3269,2024-04-20,7,2,1,0,0.9564943970,0.0435056030
statsbomb,3270,2024-04-20,5,2,1,0,0.3436335960,0.6563664040
statsbomb,3274,2024-04-20,7,4,2,0,0.8487935760,1.1512064240
statsbomb,3275,2024-04-20,5,3,1,0,0.6222710700,0.3777289300
statsbomb,3278,2024-04-20,16,6,1,0,2.2411848080,-1.2411848080
statsbomb,3280,2024-04-20,8,4,0,0,1.5407850140,-1.5407850140
statsbomb,3282,2024-04-20,18,9,4,0,2.6385057210,1.3614942790
statsbomb,18938,2024-04-20,5,3,2,0,2.5745121200,-0.5745121200
statsbomb,19106,2024-04-20,7,2,1,0,0.9210864947,0.0789135053
statsbomb,180,2024-04-21,8,2,1,0,0.5548352160,0.4451647840
statsbomb,746,2024-04-21,18,13,5,0,2.6422020620,2.3577979380
statsbomb,749,2024-04-21,6,2,2,0,1.0685878130,0.9314121870
statsbomb,904,2024-04-21,13,3,1,0,1.3641123442,-0.3641123442
statsbomb,924,2024-04-21,3,2,1,0,0.3933004120,0.6066995880
statsbomb,929,2024-04-21,35,11,4,1,5.6679271170,-1.6679271170
statsbomb,968,2024-04-21,25,10,3,0,3.0588571960,-0.0588571960
statsbomb,972,2024-04-21,11,2,0,0,1.2384697380,-1.2384697380
statsbomb,1105,2024-04-21,14,7,5,0,2.1652058756,2.8347941244
statsbomb,1475,2024-04-21,17,4,2,0,1.7056028320,0.2943971680
statsbomb,2652,2024-04-21,6,3,0,0,0.5422538220,-0.5422538220
statsbomb,3150,2024-04-21,21,11,3,0,3.5701137390,-0.5701137390
statsbomb,3155,2024-04-21,22,7,1,0,1.5179341370,-0.5179341370
statsbomb,3165,2024-04-21,11,3,0,0,0.4544274050,-0.4544274050
statsbomb,3272,2024-04-21,15,5,0,0,1.8400251110,-1.8400251110
statsbomb,3277,2024-04-21,19,8,3,0,2.2190180400,0.7809819600
statsbomb,3279,2024-04-21,7,2,1,0,0.3364256197,0.6635743803
statsbomb,3281,2024-04-21,15,9,2,1,1.5507107780,0.4492892220
statsbomb,6602,2024-04-21,14,7,2,0,1.7045387230,0.2954612770
statsbomb,6604,2024-04-21,7,2,1,0,0.9347016380,0.0652983620
statsbomb,6755,2024-04-21,9,2,1,0,0.7007243047,0.2992756953
statsbomb,6757,2024-04-21,14,5,1,0,0.9769076280,0.0230923720
statsbomb,1069,2024-04-22,17,8,3,0,1.8877327650,1.1122672350
statsbomb,3168,2024-04-22,5,1,0,0,1.1039501430,-1.1039501430
statsbomb,937,2024-04-24,15,8,4,0,2.1319905670,1.8680094330
statsbomb,11864,2024-04-24,6,3,2,0,0.7888364690,1.2111635310
statsbomb,1076,2024-04-26,17,5,0,0,1.3777950490,-1.3777950490
statsbomb,3144,2024-04-26,8,3,2,0,0.4897213135,1.5102786865
statsbomb,174,2024-04-27,11,4,2,0,1.7994423110,0.2005576890
statsbomb,904,2024-04-27,14,6,2,0,1.6525241510,0.3474758490
statsbomb,1086,2024-04-27,16,8,4,0,1.4726726000,2.5273274000
statsbomb,3154,2024-04-27,11,5,4,0,1.1425763670,2.8574236330
statsbomb,3155,2024-04-27,9,3,1,0,0.5457775870,0.4542224130
statsbomb,3269,2024-04-27,10,5,1,0,1.6103044940,-0.6103044940
statsbomb,3274,2024-04-27,13,6,3,0,2.2058500450,0.7941499550
statsbomb,3277,2024-04-27,14,6,0,0,0.7721814120,-0.7721814120
statsbomb,3279,2024-04-27,15,6,3,0,1.0291940368,1.9708059632
statsbomb,3280,2024-04-27,7,2,1,0,0.7437439050,0.2562560950
statsbomb,3281,2024-04-27,14,2,1,0,1.2493401790,-0.2493401790
statsbomb,6604,2024-04-27,17,3,1,0,1.4919501380,-0.4919501380
statsbomb,6755,2024-04-27,10,5,2,0,0.3030321984,1.6969678016
statsbomb,6757,2024-04-27,16,6,2,0,0.9625165130,1.0374834870
statsbomb,11558,2024-04-27,16,2,1,0,0.9580203925,0.0419796075
statsbomb,18938,2024-04-27,10,5,2,0,1.0357428655,0.9642571345
statsbomb,746,2024-04-28,31,14,3,0,2.6486673730,0.3513326270
statsbomb,749,2024-04-28,23,7,1,0,2.4215066615,-1.4215066615
statsbomb,965,2024-04-28,8,4,1,0,1.2980501055,-0.2980501055
statsbomb,967,2024-04-28,12,3,1,0,0.8803229404,0.1196770596
statsbomb,968,2024-04-28,18,6,1,0,3.2537939200,-2.2537939200
statsbomb,972,2024-04-28,11,4,1,0,1.2019107640,-0.2019107640
statsbomb,973,2024-04-28,4,1,0,0,0.4577227900,-0.4577227900
statsbomb,1105,2024-04-28,12,6,2,0,1.7958608340,0.2041391660
statsbomb,1475,2024-04-28,20,9,1,0,1.6337495320,-0.6337495320
statsbomb,2647,2024-04-28,10,4,1,0,1.2499614460,-0.2499614460
statsbomb,2652,2024-04-28,12,5,0,0,1.1932008900,-1.1932008900
statsbomb,3270,2024-04-28,6,3,2,0,0.9832571210,1.0167428790
statsbomb,3272,2024-04-28,16,5,0,0,1.7899647120,-1.7899647120
statsbomb,3275,2024-04-28,13,6,0,0,1.1183765910,-1.1183765910
statsbomb,3282,2024-04-28,18,7,2,0,1.4733684170,0.5266315830
statsbomb,11864,2024-04-28,3,1,1,0,0.5177173960,0.4822826040
statsbomb,937,2024-05-01,30,18,8,0,3.0548824860,4.9451175140
statsbomb,966,2024-05-01,14,8,4,0,1.6836130990,2.3163869010
statsbomb,971,2024-05-01,17,5,2,0,1.8400515860,0.1599484140
statsbomb,1086,2024-05-01,12,4,2,1,1.4640592470,0.5359407530
statsbomb,3144,2024-05-01,19,11,2,1,3.7626581420,-1.7626581420
statsbomb,3150,2024-05-01,22,9,2,0,2.3227756990,-0.3227756990
statsbomb,3152,2024-05-01,15,10,6,0,2.0692877420,3.9307122580
statsbomb,3154,2024-05-01,22,8,5,0,1.9033654590,3.0966345410
statsbomb,3278,2024-05-01,4,1,0,0,0.0997454940,-0.0997454940
statsbomb,6755,2024-05-01,4,2,2,0,0.4551250230,1.5448749770
statsbomb,6757,2024-05-01,15,5,1,0,1.4279531630,-0.4279531630
statsbomb,11558,2024-05-01,8,4,3,1,2.1247881400,0.8752118600
statsbomb,929,2024-05-03,18,7,5,0,3.5074784370,1.4925215630
statsbomb,6602,2024-05-03,6,2,1,0,0.9183332830,0.0816667170
statsbomb,749,2024-05-04,26,13,2,0,4.3827819890,-2.3827819890
statsbomb,937,2024-05-04,23,8,4,1,4.9167964350,-0.9167964350
statsbomb,965,2024-05-04,10,3,0,0,0.5541741650,-0.5541741650
statsbomb,967,2024-05-04,9,3,2,0,1.0648814573,0.9351185427
statsbomb,1069,2024-05-04,8,5,2,0,1.7542749200,0.2457250800
statsbomb,1105,2024-05-04,9,3,1,1,1.4208349020,-0.4208349020
statsbomb,2647,2024-05-04,14,3,1,0,1.1364866930,-0.1364866930
statsbomb,3166,2024-05-04,4,2,1,0,0.6834514380,0.3165485620
statsbomb,3169,2024-05-04,8,1,1,0,0.6776970720,0.3223029280
statsbomb,3170,2024-05-04,14,5,3,0,1.5895913220,1.4104086780
statsbomb,3269,2024-05-04,8,3,0,0,0.5163373286,-0.5163373286
statsbomb,3270,2024-05-04,11,4,1,0,1.4113694380,-0.4113694380
statsbomb,3275,2024-05-04,12,5,2,0,1.4043611393,0.5956388607
statsbomb,3277,2024-05-04,11,2,0,0,0.6991548950,-0.6991548950
statsbomb,6604,2024-05-04,6,0,0,0,0.7397560930,-0.7397560930
statsbomb,18938,2024-05-04,4,3,1,1,0.8070620370,0.1929379630
statsbomb,184,2024-05-05,17,5,1,0,1.4415343670,-0.4415343670
statsbomb,746,2024-05-05,16,4,1,0,1.5879381840,-0.5879381840
statsbomb,904,2024-05-05,9,6,5,2,2.5858087390,2.4141912610
statsbomb,924,2024-05-05,8,3,2,0,0.7586241060,1.2413758940
statsbomb,966,2024-05-05,20,8,1,0,2.9355434080,-1.9355434080
statsbomb,968,2024-05-05,15,4,2,0,1.7440687115,0.2559312885
statsbomb,971,2024-05-05,29,12,8,1,4.5582737960,3.4417262040
statsbomb,972,2024-05-05,13,4,1,0,1.1423879190,-0.1423879190
statsbomb,973,2024-05-05,11,3,0,0,1.4089972380,-1.4089972380
statsbomb,1475,2024-05-05,10,3,0,0,1.0298669000,-1.0298669000
statsbomb,2652,2024-05-05,12,6,1,0,1.2358069450,-0.2358069450
statsbomb,3144,2024-05-05,12,6,2,0,1.1661831010,0.8338168990
statsbomb,3150,2024-05-05,15,3,1,0,1.3502636293,-0.3502636293
statsbomb,3152,2024-05-05,20,6,4,0,2.9855938960,1.0144061040
statsbomb,3155,2024-05-05,8,0,0,0,0.3111375053,-0.3111375053
statsbomb,3164,2024-05-05,9,4,1,0,1.3510657890,-0.3510657890
statsbomb,3165,2024-05-05,13,4,0,0,0.8704575840,-0.8704575840
statsbomb,3168,2024-05-05,24,12,4,1,3.9089864185,0.0910135815
statsbomb,3272,2024-05-05,6,5,3,0,1.4118824000,1.5881176000
statsbomb,3274,2024-05-05,12,9,4,0,2.4077739660,1.5922260340
statsbomb,3278,2024-05-05,15,6,0,0,0.7762135491,-0.7762135491
statsbomb,3279,2024-05-05,8,5,1,0,0.4570371255,0.5429628745
statsbomb,3280,2024-05-05,8,1,1,1,1.1288838790,-0.1288838790
statsbomb,3281,2024-05-05,16,5,1,0,1.0278946463,-0.0278946463
statsbomb,3282,2024-05-05,9,3,1,0,1.2809584680,-0.2809584680
statsbomb,6757,2024-05-05,20,6,2,0,2.0365384200,-0.0365384200
statsbomb,11558,2024-05-05,14,3,0,0,0.5151985790,-0.5151985790
statsbomb,11864,2024-05-05,12,4,2,0,1.1521381674,0.8478618326
statsbomb,1076,2024-05-06,16,6,2,0,1.4297182746,0.5702817254
statsbomb,1086,2024-05-06,9,1,0,0,1.1522787930,-1.1522787930
statsbomb,19106,2024-05-06,11,3,0,0,0.5713396735,-0.5713396735
statsbomb,19107,2024-05-06,21,5,1,1,2.3758255293,-1.3758255293
statsbomb,937,2024-05-10,32,15,7,1,4.7822999483,2.2177000517
statsbomb,3169,2024-05-10,6,0,0,0,0.7664511840,-0.7664511840
statsbomb,3270,2024-05-10,1,1,0,0,0.3096875000,-0.3096875000
statsbomb,3275,2024-05-10,4,2,1,0,0.2733695490,0.7266304510
statsbomb,6604,2024-05-10,13,6,1,1,1.6583719650,-0.6583719650
statsbomb,19107,2024-05-10,13,6,3,0,1.4275255645,1.5724744355
statsbomb,924,2024-05-11,6,1,1,0,0.3524137080,0.6475862920
statsbomb,1105,2024-05-11,12,7,3,0,1.3305671450,1.6694328550
statsbomb,3164,2024-05-11,14,5,2,0,0.7125223190,1.2874776810
statsbomb,3166,2024-05-11,26,10,3,0,3.3457097220,-0.3457097220
statsbomb,3274,2024-05-11,9,4,1,1,1.4673973810,-0.4673973810
statsbomb,3279,2024-05-11,18,10,3,0,1.7770345465,1.2229654535
statsbomb,3282,2024-05-11,16,7,2,0,2.1140065260,-0.1140065260
statsbomb,6602,2024-05-11,8,4,1,0,0.9374703444,0.0625296556
statsbomb,11864,2024-05-11,14,4,1,0,1.7314689465,-0.7314689465
statsbomb,18938,2024-05-11,13,6,2,0,0.7629958518,1.2370041482
statsbomb,868,2024-05-12,3,0,0,0,0.3141004860,-0.3141004860
statsbomb,904,2024-05-12,29,10,5,1,4.3016614230,0.6983385770
statsbomb,929,2024-05-12,13,5,3,0,2.5230186980,0.4769813020
statsbomb,1069,2024-05-12,18,6,4,0,2.2863260560,1.7136739440
statsbomb,3144,2024-05-12,17,10,2,0,2.6360490090,-0.6360490090
statsbomb,3150,2024-05-12,21,4,0,0,1.3351974919,-1.3351974919
statsbomb,3154,2024-05-12,11,5,4,1,1.7673541860,2.2326458140
statsbomb,3155,2024-05-12,4,2,1,0,0.2326884440,0.7673115560
statsbomb,3168,2024-05-12,12,3,0,0,0.8683920740,-0.8683920740
statsbomb,3269,2024-05-12,13,1,0,0,1.2048383950,-1.2048383950
statsbomb,3272,2024-05-12,13,7,1,0,1.1101014655,-0.1101014655
statsbomb,3277,2024-05-12,18,1,1,0,1.1726980725,-0.1726980725
statsbomb,3278,2024-05-12,22,14,6,0,3.6524223840,2.3475776160
statsbomb,3280,2024-05-12,3,0,0,0,0.1011821830,-0.1011821830
statsbomb,3281,2024-05-12,14,7,2,0,1.6111704640,0.3888295360
statsbomb,6755,2024-05-12,11,2,0,0,1.1217317390,-1.1217317390
statsbomb,11558,2024-05-12,20,5,2,0,1.4509782140,0.5490217860
statsbomb,19106,2024-05-12,2,1,0,0,0.0477599660,-0.0477599660
statsbomb,1076,2024-05-13,16,7,3,0,1.5344264990,1.4655735010
statsbomb,3152,2024-05-13,23,3,1,0,2.0022375390,-1.0022375390
statsbomb,3165,2024-05-13,15,4,2,0,1.7917406270,0.2082593730
statsbomb,3170,2024-05-13,20,8,4,0,1.9201497536,2.0798502464
statsbomb,937,2024-05-14,24,5,4,0,3.0238854180,0.9761145820
statsbomb,3275,2024-05-14,5,2,0,0,0.1602008540,-0.1602008540
statsbomb,749,2024-05-15,7,1,0,0,0.5587717210,-0.5587717210
statsbomb,971,2024-05-15,14,5,1,0,1.4325186810,-0.4325186810
statsbomb,172,2024-05-18,10,2,1,0,0.7803317690,0.2196682310
statsbomb,746,2024-05-18,30,10,2,0,3.3286783510,-1.3286783510
statsbomb,749,2024-05-18,14,8,3,0,1.6878603330,1.3121396670
statsbomb,904,2024-05-18,20,8,2,0,2.1649204040,-0.1649204040
statsbomb,965,2024-05-18,7,3,0,0,0.9410377740,-0.9410377740
statsbomb,966,2024-05-18,18,6,4,0,1.2461353555,2.7538646445
statsbomb,967,2024-05-18,18,6,4,0,2.4762566260,1.5237433740
statsbomb,968,2024-05-18,15,6,4,0,3.4237248720,0.5762751280
statsbomb,971,2024-05-18,13,9,6,0,3.3018809250,2.6981190750
statsbomb,972,2024-05-18,8,5,1,0,0.7149231700,0.2850768300
statsbomb,973,2024-05-18,3,2,0,0,0.1919643950,-0.1919643950
statsbomb,1076,2024-05-18,11,8,3,0,0.7136967530,2.2863032470
statsbomb,1475,2024-05-18,4,0,0,0,0.3654862390,-0.3654862390
statsbomb,2647,2024-05-18,6,3,1,0,0.6751981260,0.3248018740
statsbomb,2652,2024-05-18,12,4,0,0,0.8428372460,-0.8428372460
statsbomb,3150,2024-05-18,16,10,3,0,1.7627345970,1.2372654030
statsbomb,3154,2024-05-18,17,5,2,1,1.9595296920,0.0404703080
statsbomb,6757,2024-05-18,15,6,1,0,1.2921547975,-0.2921547975
statsbomb,1086,2024-05-19,10,1,0,0,0.8469128950,-0.8469128950
statsbomb,3152,2024-05-19,24,11,5,0,3.7114106330,1.2885893670
statsbomb,3155,2024-05-19,11,3,1,0,0.7752670470,0.2247329530
statsbomb,6755,2024-05-19,15,7,3,0,1.1256254810,1.8743745190
statsbomb,924,2024-05-20,15,1,1,0,1.2046466880,-0.2046466880
statsbomb,929,2024-05-20,24,10,6,0,4.8560351660,1.1439648340
statsbomb,1069,2024-05-20,19,9,4,0,4.1107112960,-0.1107112960
statsbomb,3164,2024-05-20,7,2,0,0,0.5857302654,-0.5857302654
statsbomb,3165,2024-05-20,13,4,2,0,1.7567741760,0.2432258240
statsbomb,3166,2024-05-20,14,6,2,0,2.5763523400,-0.5763523400
statsbomb,3168,2024-05-20,11,6,3,1,1.7952163955,1.2047836045
statsbomb,3169,2024-05-20,7,2,1,0,0.5625982060,0.4374017940
statsbomb,3170,2024-05-20,14,4,1,0,1.4563656590,-0.4563656590
statsbomb,6602,2024-05-20,10,4,0,0,0.8550999916,-0.8550999916
statsbomb,19106,2024-05-20,16,5,2,0,1.3310962346,0.6689037654
statsbomb,19107,2024-05-20,15,5,1,0,1.6577047900,-0.6577047900
statsbomb,1105,2024-05-24,17,7,3,0,2.6655062460,0.3344937540
statsbomb,3269,2024-05-24,11,4,1,0,1.0890512826,-0.0890512826
statsbomb,3270,2024-05-24,14,5,4,0,1.5318163430,2.4681836570
statsbomb,11864,2024-05-24,10,5,1,0,1.1672836662,-0.1672836662
statsbomb,3274,2024-05-25,11,4,2,0,2.4446523430,-0.4446523430
statsbomb,3280,2024-05-25,9,4,2,0,1.3821439357,0.6178560643
statsbomb,6604,2024-05-25,8,2,1,0,0.5431660150,0.4568339850
statsbomb,18938,2024-05-25,25,9,1,0,3.0983811260,-2.0983811260
statsbomb,3272,2024-05-26,12,3,1,0,0.6634772940,0.3365227060
statsbomb,3277,2024-05-26,17,7,3,0,2.1053707390,0.8946292610
statsbomb,3278,2024-05-26,18,5,0,0,2.1146856643,-2.1146856643
statsbomb,3279,2024-05-26,10,5,0,0,0.4510691495,-0.4510691495
statsbomb,3281,2024-05-26,14,5,1,0,0.4943794329,0.5056205671
statsbomb,3282,2024-05-26,21,5,2,0,2.1561423850,-0.1561423850
statsbomb,937,2024-06-09,39,17,5,1,3.8147137590,1.1852862410
statsbomb,1105,2024-06-09,12,5,1,0,0.8864115910,0.1135884090
statsbomb,3269,2024-06-09,16,4,1,0,0.6812025355,0.3187974645
statsbomb,3270,2024-06-09,8,3,0,0,0.3650788090,-0.3650788090
statsbomb,3272,2024-06-09,16,8,3,1,2.9666458195,0.0333541805
statsbomb,3274,2024-06-09,11,6,3,0,0.9142002040,2.0857997960
statsbomb,3275,2024-06-09,10,5,1,0,0.4992143040,0.5007856960
statsbomb,3277,2024-06-09,10,1,0,0,1.5511409900,-1.5511409900
statsbomb,3278,2024-06-09,23,9,2,0,1.9368481635,0.0631518365
statsbomb,3279,2024-06-09,2,1,1,0,0.4427364730,0.5572635270
statsbomb,3280,2024-06-09,14,4,0,0,0.8349904600,-0.8349904600
statsbomb,3281,2024-06-09,8,3,1,0,0.9661477740,0.0338522260
statsbomb,3282,2024-06-09,18,4,1,0,1.2879934340,-0.2879934340
statsbomb,6604,2024-06-09,7,2,2,0,0.7356737770,1.2643262230
statsbomb,11864,2024-06-09,14,9,3,1,2.5046565840,0.4953434160
statsbomb,18938,2024-06-09,8,2,0,0,0.8571135530,-0.8571135530
statsbomb,770,2024-06-14,20,10,5,1,1.8446339140,3.1553660860
statsbomb,942,2024-06-14,1,0,0,0,0.0605259350,-0.0605259350
statsbomb,3280,2024-06-14,8,2,1,0,0.2299812771,0.7700187229
statsbomb,3282,2024-06-14,15,8,4,0,1.3616127085,2.6383872915
statsbomb,772,2024-06-15,11,5,3,0,1.5671825890,1.4328174110
statsbomb,773,2024-06-15,15,7,3,0,2.0957691710,0.9042308290
statsbomb,785,2024-06-15,16,5,0,0,2.4820988800,-2.4820988800
statsbomb,906,2024-06-15,8,2,1,0,0.3545965540,0.6454034460
statsbomb,914,2024-06-15,17,5,2,0,1.4497966530,0.5502033470
statsbomb,916,2024-06-15,6,2,1,0,1.1028455940,-0.1028455940
statsbomb,1105,2024-06-15,20,6,1,0,2.1166874310,-1.1166874310
statsbomb,3269,2024-06-15,12,1,0,0,0.7871135636,-0.7871135636
statsbomb,3272,2024-06-15,16,4,2,0,1.1735816970,0.8264183030
statsbomb,3274,2024-06-15,18,6,3,0,1.8430892100,1.1569107900
statsbomb,3275,2024-06-15,16,3,0,0,0.9415564444,-0.9415564444
statsbomb,3278,2024-06-15,10,0,0,0,0.8591559193,-0.8591559193
statsbomb,3279,2024-06-15,12,3,1,1,1.3063801655,-0.3063801655
statsbomb,6604,2024-06-15,3,1,0,0,0.3134213950,-0.3134213950
statsbomb,11864,2024-06-15,13,4,2,0,1.3761512950,0.6238487050
statsbomb,18938,2024-06-15,7,3,2,0,0.8599582850,1.1400417150
statsbomb,768,2024-06-16,5,3,1,0,0.5588141270,0.4411858730
statsbomb,776,2024-06-16,16,4,1,0,1.5112394230,-0.5112394230
statsbomb,786,2024-06-16,6,1,0,0,0.2494052450,-0.2494052450
statsbomb,789,2024-06-16,12,7,1,0,0.9091575623,0.0908424377
statsbomb,937,2024-06-16,30,10,3,0,3.6297781950,-0.6297781950
statsbomb,941,2024-06-16,21,4,2,0,1.3127551150,0.6872448850
statsbomb,944,2024-06-16,11,2,1,0,0.9663907513,0.0336092487
statsbomb,3270,2024-06-16,11,5,2,0,1.4069392130,0.5930607870
statsbomb,3277,2024-06-16,7,1,0,0,0.4417011170,-0.4417011170
statsbomb,3281,2024-06-16,10,5,1,0,0.6003058717,0.3996941283
statsbomb,771,2024-06-17,14,3,0,0,1.9045317750,-1.9045317750
statsbomb,782,2024-06-17,16,5,0,0,1.7502550390,-1.7502550390
statsbomb,905,2024-06-17,10,5,3,0,1.1210513000,1.8789487000
statsbomb,908,2024-06-17,10,4,1,0,0.7111064834,0.2888935166
statsbomb,911,2024-06-17,13,2,0,0,0.5434759640,-0.5434759640
statsbomb,915,2024-06-17,5,3,0,0,0.7483173250,-0.7483173250
statsbomb,780,2024-06-18,19,8,1,0,1.8375108777,-0.8375108777
statsbomb,909,2024-06-18,22,7,3,0,2.4034188392,0.5965811608
statsbomb,912,2024-06-18,5,1,1,0,0.3147666960,0.6852333040
statsbomb,2138,2024-06-18,14,4,1,0,1.5785675100,-0.5785675100
statsbomb,770,2024-06-19,19,7,2,0,1.4836928440,0.5163071560
statsbomb,773,2024-06-19,11,5,1,0,0.9901536170,0.0098463830
statsbomb,785,2024-06-19,21,8,1,0,1.8585999320,-0.8585999320
statsbomb,906,2024-06-19,14,7,2,0,1.3258600050,0.6741399950
statsbomb,916,2024-06-19,11,2,0,0,1.2280333130,-1.2280333130
statsbomb,942,2024-06-19,12,3,1,0,0.7718825680,0.2281174320
statsbomb,768,2024-06-20,12,4,1,0,1.1727052950,-0.1727052950
statsbomb,772,2024-06-20,20,8,0,0,1.5338804222,-1.5338804222
statsbomb,776,2024-06-20,16,7,1,0,0.7333294030,0.2666705970
statsbomb,786,2024-06-20,15,4,1,0,1.4613307800,-0.4613307800
statsbomb,914,2024-06-20,4,1,0,0,0.1433993620,-0.1433993620
statsbomb,944,2024-06-20,12,4,1,0,1.5521660380,-0.5521660380
statsbomb,771,2024-06-21,15,3,0,0,1.2184023685,-1.2184023685
statsbomb,779,2024-06-21,19,8,2,0,3.5382913010,-1.5382913010
statsbomb,789,2024-06-21,15,3,1,0,1.4380920370,-0.4380920370
statsbomb,908,2024-06-21,14,5,1,0,0.7461385425,0.2538614575
statsbomb,911,2024-06-21,13,5,2,0,1.7316552805,0.2683447195
statsbomb,915,2024-06-21,15,9,3,1,1.8216982560,1.1783017440
statsbomb,941,2024-06-21,9,4,0,0,0.7381833020,-0.7381833020
statsbomb,1833,2024-06-21,10,2,0,0,0.9772994850,-0.9772994850
statsbomb,780,2024-06-22,12,3,2,0,1.9012271160,0.0987728840
statsbomb,782,2024-06-22,20,9,2,0,1.6458169260,0.3541830740
statsbomb,784,2024-06-22,7,4,0,0,0.6772752090,-0.6772752090
statsbomb,905,2024-06-22,14,4,0,0,1.2460370350,-1.2460370350
statsbomb,909,2024-06-22,11,3,0,0,0.7789868170,-0.7789868170
statsbomb,912,2024-06-22,27,11,1,0,2.8654523907,-1.8654523907
statsbomb,2138,2024-06-22,5,1,1,1,1.1799226480,-0.1799226480
statsbomb,3562,2024-06-22,11,1,0,0,1.0247638870,-1.0247638870
statsbomb,3563,2024-06-22,14,5,2,0,1.5850185390,0.4149814610
statsbomb,3565,2024-06-22,9,4,1,0,0.7355915667,0.2644084333
statsbomb,770,2024-06-23,18,3,1,0,1.5416782250,-0.5416782250
statsbomb,773,2024-06-23,4,3,1,0,0.2800855990,0.7199144010
statsbomb,794,2024-06-23,20,9,1,0,1.1360803270,-0.1360803270
statsbomb,916,2024-06-23,14,5,1,0,1.0010130930,-0.0010130930
statsbomb,942,2024-06-23,4,0,0,0,0.1835352540,-0.1835352540
statsbomb,1839,2024-06-23,20,8,2,0,2.4046838080,-0.4046838080
statsbomb,2305,2024-06-23,13,4,0,0,0.5061592740,-0.5061592740
statsbomb,3564,2024-06-23,6,3,0,0,0.1496907824,-0.1496907824
statsbomb,769,2024-06-24,11,3,2,0,0.6219208410,1.3780791590
statsbomb,772,2024-06-24,16,3,1,0,0.9517126250,0.0482873750
statsbomb,783,2024-06-24,20,7,3,0,1.3614407430,1.6385592570
statsbomb,785,2024-06-24,6,4,1,0,1.4832350550,-0.4832350550
statsbomb,798,2024-06-24,10,3,1,0,0.5408881240,0.4591118760
statsbomb,906,2024-06-24,10,4,0,0,0.5031542800,-0.5031542800
statsbomb,914,2024-06-24,13,3,1,0,0.9853943530,0.0146056470
statsbomb,3567,2024-06-24,11,3,1,0,0.8275965940,0.1724034060
statsbomb,768,2024-06-25,12,3,0,0,0.7562220010,-0.7562220010
statsbomb,771,2024-06-25,19,8,1,1,1.8914679426,-0.8914679426
statsbomb,776,2024-06-25,10,3,0,0,0.5515324240,-0.5515324240
statsbomb,781,2024-06-25,20,3,0,0,1.6211921360,-1.6211921360
statsbomb,784,2024-06-25,9,4,0,0,0.5764393578,-0.5764393578
statsbomb,786,2024-06-25,5,1,0,0,0.3244424420,-0.3244424420
statsbomb,789,2024-06-25,10,3,1,1,1.1790940700,-0.1790940700
statsbomb,795,2024-06-25,2,0,0,0,0.0367305670,-0.0367305670
statsbomb,915,2024-06-25,9,5,2,0,1.0578987150,0.9421012850
statsbomb,941,2024-06-25,11,2,2,0,1.5102086190,0.4897913810
statsbomb,944,2024-06-25,4,1,0,0,0.1649172730,-0.1649172730
statsbomb,1833,2024-06-25,5,2,1,0,0.9090482140,0.0909517860
statsbomb,779,2024-06-26,22,9,1,0,2.7840603250,-1.7840603250
statsbomb,780,2024-06-26,22,5,0,0,2.3561307870,-2.3561307870
statsbomb,782,2024-06-26,12,4,0,0,0.6339845680,-0.6339845680
statsbomb,905,2024-06-26,9,5,1,1,1.1219380830,-0.1219380830
statsbomb,908,2024-06-26,13,4,1,0,0.8447428410,0.1552571590
statsbomb,909,2024-06-26,18,5,2,0,1.2175436875,0.7824563125
statsbomb,911,2024-06-26,14,5,0,0,0.7091700303,-0.7091700303
statsbomb,912,2024-06-26,12,6,1,0,1.4103225654,-0.4103225654
statsbomb,2138,2024-06-26,7,3,2,1,1.3454930710,0.6545069290
statsbomb,2305,2024-06-26,7,4,1,0,0.9347469270,0.0652530730
statsbomb,3562,2024-06-26,3,3,0,0,0.1309882215,-0.1309882215
statsbomb,3565,2024-06-26,23,3,2,1,2.3658249158,-0.3658249158
statsbomb,794,2024-06-27,18,5,0,0,2.3843226160,-2.3843226160
statsbomb,798,2024-06-27,13,4,2,0,0.7307825930,1.2692174070
statsbomb,1839,2024-06-27,6,3,1,0,0.9142785390,0.0857214610
statsbomb,3563,2024-06-27,10,2,1,1,1.1386407920,-0.1386407920
statsbomb,769,2024-06-28,18,5,3,1,2.9023146930,0.0976853070
statsbomb,783,2024-06-28,18,9,5,0,2.3209622755,2.6790377245
statsbomb,795,2024-06-28,5,0,0,0,0.1652979750,-0.1652979750
statsbomb,3564,2024-06-28,4,1,0,0,0.0507624025,-0.0507624025
statsbomb,770,2024-06-29,15,9,2,1,2.2266212784,-0.2266212784
statsbomb,773,2024-06-29,16,4,2,0,0.7823567560,1.2176432440
statsbomb,776,2024-06-29,10,2,0,0,1.0734953480,-1.0734953480
statsbomb,781,2024-06-29,17,6,4,1,3.7476898490,0.2523101510
statsbomb,914,2024-06-29,11,1,0,0,0.7256579150,-0.7256579150
statsbomb,3567,2024-06-29,15,6,1,0,0.6916759419,0.3083240581
statsbomb,768,2024-06-30,16,2,2,0,1.5867405010,0.4132594990
statsbomb,772,2024-06-30,35,13,4,0,2.7647263760,1.2352736240
statsbomb,779,2024-06-30,12,6,2,0,2.1057768130,-0.1057768130
statsbomb,784,2024-06-30,7,1,0,0,0.1666223537,-0.1666223537
statsbomb,908,2024-06-30,13,3,1,0,1.5478471240,-0.5478471240
statsbomb,1833,2024-06-30,9,3,0,0,0.6994938460,-0.6994938460
statsbomb,2138,2024-06-30,4,0,0,0,0.1130776420,-0.1130776420
statsbomb,3562,2024-06-30,8,4,0,0,0.4540093030,-0.4540093030
statsbomb,771,2024-07-01,19,2,0,0,1.2620118960,-1.2620118960
statsbomb,780,2024-07-01,20,6,0,0,1.7211768760,-1.7211768760
statsbomb,782,2024-07-01,5,2,0,0,0.3632139260,-0.3632139260
statsbomb,794,2024-07-01,20,4,0,0,0.9376265870,-0.9376265870
statsbomb,944,2024-07-01,10,2,0,0,0.7155363380,-0.7155363380
statsbomb,2305,2024-07-01,8,1,0,0,0.6675848430,-0.6675848430
statsbomb,3563,2024-07-01,17,3,3,0,1.7144099860,1.2855900140
statsbomb,3565,2024-07-01,9,3,0,0,0.3058492590,-0.3058492590
statsbomb,783,2024-07-02,12,5,1,0,1.2715211382,-0.2715211382
statsbomb,798,2024-07-02,13,6,3,0,1.3405597113,1.6594402887
statsbomb,905,2024-07-02,5,1,0,0,0.2677010910,-0.2677010910
statsbomb,909,2024-07-02,6,3,2,0,0.8825083735,1.1174916265
statsbomb,915,2024-07-02,21,5,1,0,2.4870282190,-1.4870282190
statsbomb,941,2024-07-02,24,6,3,0,2.6262365000,0.3737635000
statsbomb,1839,2024-07-02,8,2,0,0,0.4709969510,-0.4709969510
statsbomb,3564,2024-07-02,7,3,1,0,0.7934318350,0.2065681650
statsbomb,769,2024-07-03,13,6,1,0,1.5030030165,-0.5030030165
statsbomb,781,2024-07-03,7,3,1,0,0.3058176200,0.6941823800
statsbomb,795,2024-07-03,2,2,2,0,0.2720545500,1.7279454500
statsbomb,3567,2024-07-03,17,6,1,0,1.4400627040,-0.4400627040
statsbomb,770,2024-07-05,23,5,1,0,1.6290745860,-0.6290745860
statsbomb,771,2024-07-05,20,5,0,0,1.0674055660,-1.0674055660
statsbomb,772,2024-07-05,19,6,2,0,1.5340542240,0.4659457760
statsbomb,779,2024-07-05,8,2,1,0,0.8585679970,0.1414320030
statsbomb,780,2024-07-05,15,4,0,0,1.4087986610,-1.4087986610
statsbomb,3565,2024-07-05,9,2,1,0,1.3885276160,-0.3885276160
statsbomb,768,2024-07-06,13,3,1,0,0.5370412350,0.4629587650
statsbomb,769,2024-07-06,7,5,5,2,2.1804045040,2.8195954960
statsbomb,773,2024-07-06,12,3,1,0,1.2014064990,-0.2014064990
statsbomb,798,2024-07-06,14,2,0,0,0.6099515840,-0.6099515840
statsbomb,909,2024-07-06,15,4,1,0,1.1824328740,-0.1824328740
statsbomb,941,2024-07-06,11,4,1,0,0.7189291150,0.2810708850
statsbomb,1833,2024-07-06,16,5,1,0,1.3510978860,-0.3510978860
statsbomb,3563,2024-07-06,15,3,1,0,0.9220584957,0.0779415043
statsbomb,781,2024-07-07,7,3,0,0,0.6758747530,-0.6758747530
statsbomb,783,2024-07-07,12,1,0,0,0.6298363020,-0.6298363020
statsbomb,771,2024-07-09,9,3,1,0,0.8507646940,0.1492353060
statsbomb,772,2024-07-09,6,2,2,0,0.4215159340,1.5784840660
statsbomb,768,2024-07-10,9,5,2,1,1.2365707410,0.7634292590
statsbomb,779,2024-07-10,11,3,2,0,1.7541940644,0.2458059356
statsbomb,941,2024-07-10,7,3,1,0,0.4121722090,0.5878277910
statsbomb,1833,2024-07-10,9,2,0,0,0.7175667500,-0.7175667500
statsbomb,769,2024-07-11,11,4,1,0,1.1719606570,-0.1719606570
statsbomb,783,2024-07-11,11,2,0,0,0.7545635640,-0.7545635640
statsbomb,768,2024-07-14,9,3,1,0,0.7263776970,0.2736223030
statsbomb,772,2024-07-14,16,6,2,0,1.7917131240,0.2082868760
statsbomb,783,2024-07-14,12,5,2,0,1.5164268630,0.4835731370
statsbomb,1833,2024-07-14,14,5,2,0,2.2878095280,-0.2878095280
statsbomb,769,2024-07-15,19,4,0,0,0.9722537356,-0.9722537356
statsbomb,779,2024-07-15,11,5,1,0,1.0827015698,-0.0827015698
